"recording_givid";"survery";"user_reference";"area";"vague_date_begin";"vague_date_end"
"IV2017010510420097";"N2000meetnet_Grasland";"842030";1017;"2016-06-27";"2016-06-27"
"IV2017010511152189";"N2000meetnet_Grasland";"842030";9;"2016-06-27";"2016-06-27"
"IV2017010511460749";"N2000meetnet_Grasland";"530734";1017;"2016-06-27";"2016-06-27"
"IV2017010512181008";"N2000meetnet_Grasland";"530734";9;"2016-06-27";"2016-06-27"
"IV2017010610523940";"N2000meetnet_Grasland";"455349";1017;"2015-08-03";"2015-08-03"
"IV2017010611111454";"N2000meetnet_Grasland";"423762";1017;"2016-08-17";"2016-08-17"
"IV2017010612064228";"N2000meetnet_Grasland";"455349";9;"2015-08-03";"2015-08-03"
"IV2017010612172361";"N2000meetnet_Grasland";"996353";1017;"2015-08-24";"2015-08-24"
"IV2017010612593713";"N2000meetnet_Grasland";"996353";9;"2015-08-24";"2015-08-24"
"IV2017010613221989";"N2000meetnet_Grasland";"423762";9;"2016-08-17";"2016-08-17"
"IV2017010613314127";"N2000meetnet_Grasland";"472065";1017;"2015-08-24";"2015-08-24"
"IV2017010613424129";"N2000meetnet_Grasland";"472065";9;"2015-08-24";"2015-08-24"
"IV2017010616345212";"N2000meetnet_Grasland";"1117877";1017;"2015-08-20";"2015-08-20"
"IV2017010616415877";"N2000meetnet_Grasland";"1117877";9;"2015-08-20";"2015-08-20"
"IV2017010616490548";"N2000meetnet_Grasland";"19510";1017;"2016-09-08";"2016-09-08"
"IV2017010616530182";"N2000meetnet_Grasland";"331445";1017;"2015-08-12";"2015-08-12"
"IV2017010617002129";"N2000meetnet_Grasland";"331445";9;"2015-08-12";"2015-08-12"
"IV2017010617095027";"N2000meetnet_Grasland";"736949";1017;"2015-08-12";"2015-08-12"
"IV2017010617191621";"N2000meetnet_Grasland";"736949";9;"2015-08-12";"2015-08-12"
"IV2017010617282387";"N2000meetnet_Grasland";"212661";1017;"2015-08-13";"2015-08-13"
"IV2017010617362713";"N2000meetnet_Grasland";"212661";9;"2015-08-13";"2015-08-13"
"IV2017010617430082";"N2000meetnet_Grasland";"801793";1017;"2015-08-19";"2015-08-19"
"IV2017010617551993";"N2000meetnet_Grasland";"19510";NA;"2016-09-08";"2016-09-08"
"IV2017010618013747";"N2000meetnet_Grasland";"801793";9;"2015-08-19";"2015-08-19"
"IV2017010618124978";"N2000meetnet_Grasland";"540341";1017;"2015-08-14";"2015-08-14"
"IV2017010618211064";"N2000meetnet_Grasland";"540341";9;"2015-08-14";"2015-08-14"
"IV2017010618292802";"N2000meetnet_Grasland";"1195701";1017;"2015-08-13";"2015-08-13"
"IV2017010618363706";"N2000meetnet_Grasland";"1195701";9;"2015-08-13";"2015-08-13"
"IV2017010618405531";"N2000meetnet_Grasland";"409269";1017;"2015-08-14";"2015-08-14"
"IV2017010618503780";"N2000meetnet_Grasland";"409269";9;"2015-08-14";"2015-08-14"
"IV2017010910225147";"N2000meetnet_Grasland";"500782";1017;"2015-05-27";"2015-05-27"
"IV2017010910241756";"N2000meetnet_Grasland";"500782";9;"2015-05-27";"2015-05-27"
"IV2017010911112595";"N2000meetnet_Grasland";"2438198";1017;"2015-06-11";"2015-06-11"
"IV2017010911343112";"N2000meetnet_Grasland";"2438198";9;"2015-06-11";"2015-06-11"
"IV2017010915000761";"N2000meetnet_Grasland";"17475649";1017;"2015-07-10";"2015-07-10"
"IV2017010916362743";"N2000meetnet_Grasland";"17475649";9;"2015-07-10";"2015-07-10"
"IV2017010922050123";"N2000meetnet_Grasland";"2664513";1017;"2015-07-10";"2015-07-10"
"IV2017010922225486";"N2000meetnet_Grasland";"2664513";9;"2015-07-10";"2015-07-10"
"IV2017011212263384";"N2000meetnet_Grasland";"323154";1017;"2016-07-29";"2016-07-29"
"IV2017011212535658";"N2000meetnet_Grasland";"437685";1017;"2015-08-06";"2015-08-06"
"IV2017011214394174";"N2000meetnet_Grasland";"437685";9;"2015-08-06";"2015-08-06"
"IV2017011215122813";"N2000meetnet_Grasland";"323154";9;"2016-07-29";"2016-07-29"
"IV2017011215162577";"N2000meetnet_Grasland";"37557";1017;"2015-08-11";"2015-08-11"
"IV2017011215184680";"N2000meetnet_Grasland";"37557";9;"2015-08-11";"2015-08-11"
"IV2017011215302636";"N2000meetnet_Grasland";"798133";1017;"2015-08-11";"2015-08-11"
"IV2017011215475751";"N2000meetnet_Grasland";"798133";9;"2015-08-11";"2015-08-11"
"IV2017011215545335";"N2000meetnet_Grasland";"695297";1017;"2015-08-19";"2015-08-19"
"IV2017011216070022";"N2000meetnet_Grasland";"695297";9;"2015-08-19";"2015-08-19"
"IV2017011312251730";"N2000meetnet_Grasland";"781906";1017;"2016-08-03";"2016-08-03"
"IV2017011812094287";"N2000meetnet_Grasland";"781906";9;"2016-08-03";"2016-08-03"
"IV2017011813083530";"N2000meetnet_Grasland";"721906";1017;"2016-07-29";"2016-07-29"
"IV2017011813535331";"N2000meetnet_Grasland";"721906";9;"2016-07-29";"2016-07-29"
"IV2017011814163232";"N2000meetnet_Grasland";"540658";1017;"2016-07-29";"2016-07-29"
"IV2017011816230130";"N2000meetnet_Grasland";"540658";9;"2016-07-29";"2016-07-29"
"IV2017011816484258";"N2000meetnet_Grasland";"1436882";1017;"2016-09-02";"2016-09-02"
"IV2017011817212208";"N2000meetnet_Grasland";"1436882";9;"2016-09-02";"2016-09-02"
"IV2017011915010675";"N2000meetnet_Grasland";"2133734";1017;"2016-07-26";"2016-07-26"
"IV2017011916185487";"N2000meetnet_Grasland";"2133734";9;"2016-07-26";"2016-07-26"
"IV2017011916524752";"N2000meetnet_Grasland";"583378";1017;"2016-08-18";"2016-08-18"
"IV2017011919322195";"N2000meetnet_Grasland";"583378";9;"2016-08-18";"2016-08-18"
"IV2017012010235498";"N2000meetnet_Grasland";"201006";1017;"2016-06-27";"2016-06-27"
"IV2017012011231757";"N2000meetnet_Grasland";"201006";9;"2016-06-27";"2016-06-27"
"IV2017012012273378";"N2000meetnet_Grasland";"379094";1017;"2016-09-06";"2016-09-06"
"IV2017012012433410";"N2000meetnet_Grasland";"379094";9;"2016-09-06";"2016-09-06"
"IV2017012013020416";"N2000meetnet_Grasland";"116950";1017;"2016-09-06";"2016-09-06"
"IV2017012013095674";"N2000meetnet_Grasland";"116950";9;"2016-09-06";"2016-09-06"
"IV2017012013475483";"N2000meetnet_Grasland";"641238";1017;"2016-09-06";"2016-09-06"
"IV2017012013585970";"N2000meetnet_Grasland";"641238";9;"2016-09-06";"2016-09-06"
"IV2017012015481765";"N2000meetnet_Grasland";"315329";1017;"2016-08-30";"2016-08-30"
"IV2017012016215306";"N2000meetnet_Grasland";"315329";9;"2016-08-30";"2016-08-30"
"IV2017012016374726";"N2000meetnet_Grasland";"300649";1017;"2016-08-31";"2016-08-31"
"IV2017012016550624";"N2000meetnet_Grasland";"300649";9;"2016-08-31";"2016-08-31"
"IV2017012017101191";"N2000meetnet_Grasland";"576302";1017;"2016-09-13";"2016-09-13"
"IV2017012017312649";"N2000meetnet_Grasland";"576302";9;"2016-09-13";"2016-09-13"
"IV2017012312301685";"N2000meetnet_Grasland";"745170";1017;"2016-08-18";"2016-08-18"
"IV2017012312531726";"N2000meetnet_Grasland";"745170";9;"2016-08-18";"2016-08-18"
"IV2017012521020429";"N2000meetnet_Grasland";"141010";1017;"2016-08-18";"2016-08-18"
"IV2017012521104081";"N2000meetnet_Grasland";"141010";9;"2016-08-18";"2016-08-18"
"IV2017012522043706";"N2000meetnet_Grasland";"59090";1017;"2016-08-18";"2016-08-18"
"IV2017012522232265";"N2000meetnet_Grasland";"59090";9;"2016-08-18";"2016-08-18"
"IV2017012611170830";"N2000meetnet_Grasland";"220882";1017;"2016-08-18";"2016-08-18"
"IV2017012611360478";"N2000meetnet_Grasland";"220882";9;"2016-08-18";"2016-08-18"
"IV2017012613001528";"N2000meetnet_Grasland";"89810";1017;"2016-08-18";"2016-08-18"
"IV2017012613170767";"N2000meetnet_Grasland";"89810";9;"2016-08-18";"2016-08-18"
"IV2017012613411763";"N2000meetnet_Grasland";"648914";1017;"2016-08-18";"2016-08-18"
"IV2017012613530004";"N2000meetnet_Grasland";"648914";9;"2016-08-18";"2016-08-18"
"IV2017012615432844";"N2000meetnet_Grasland";"1150886";1017;"2016-07-19";"2016-07-19"
"IV2017012620054742";"N2000meetnet_Grasland";"1150886";9;"2016-07-19";"2016-07-19"
"IV2017012620463014";"N2000meetnet_Grasland";"1216422";1017;"2016-07-19";"2016-07-19"
"IV2017012620573892";"N2000meetnet_Grasland";"1216422";9;"2016-07-19";"2016-07-19"
"IV2017012709211647";"N2000meetnet_Grasland";"1566033";1017;"2016-09-05";"2016-09-05"
"IV2017012709294069";"N2000meetnet_Grasland";"1566033";9;"2016-09-05";"2016-09-05"
"IV2017012709434540";"N2000meetnet_Grasland";"207406";1017;"2016-09-19";"2016-09-19"
"IV2017012710254898";"N2000meetnet_Grasland";"207406";9;"2016-09-19";"2016-09-19"
"IV2017012711292443";"N2000meetnet_Grasland";"743982";1017;"2016-09-19";"2016-09-19"
"IV2017012711431363";"N2000meetnet_Grasland";"743982";9;"2016-09-19";"2016-09-19"
"IV2017012712420281";"N2000meetnet_Grasland";"58433";1017;"2016-09-05";"2016-09-05"
"IV2017012713022515";"N2000meetnet_Grasland";"58433";9;"2016-09-05";"2016-09-05"
"IV2017012713261758";"N2000meetnet_Grasland";"1436718";1017;"2016-06-20";"2016-06-20"
"IV2017012714021766";"N2000meetnet_Grasland";"1436718";9;"2016-06-20";"2016-06-20"
"IV2017012714260737";"N2000meetnet_Grasland";"3461110";1017;"2016-09-14";"2016-09-14"
"IV2017012715091042";"N2000meetnet_Grasland";"3461110";9;"2016-09-14";"2016-09-14"
"IV2017012715235876";"N2000meetnet_Grasland";"4390190";1017;"2016-06-10";"2016-06-10"
"IV2017012715472176";"N2000meetnet_Grasland";"4390190";9;"2016-06-10";"2016-06-10"
"IV2017012716313882";"N2000meetnet_Grasland";"2760937";1017;"2016-09-12";"2016-09-12"
"IV2017012716564741";"N2000meetnet_Grasland";"2760937";9;"2016-09-12";"2016-09-12"
"IV2017013011050597";"N2000meetnet_Grasland";"857298";1017;"2016-09-09";"2016-09-09"
"IV2017013011141972";"N2000meetnet_Grasland";"857298";9;"2016-09-09";"2016-09-09"
"IV2017013011553027";"N2000meetnet_Grasland";"627922";1017;"2016-09-09";"2016-09-09"
"IV2017013012265239";"N2000meetnet_Grasland";"627922";9;"2016-09-09";"2016-09-09"
"IV2017013013060304";"N2000meetnet_Grasland";"87250";1017;"2016-09-09";"2016-09-09"
"IV2017013013143717";"N2000meetnet_Grasland";"87250";9;"2016-09-09";"2016-09-09"
"IV2017013013460448";"N2000meetnet_Grasland";"1115122";1017;"2016-08-25";"2016-08-25"
"IV2017013015085454";"N2000meetnet_Grasland";"1115122";9;"2016-08-25";"2016-08-25"
"IV2017013015545827";"N2000meetnet_Grasland";"619506";1017;"2016-08-25";"2016-08-25"
"IV2017013016040477";"N2000meetnet_Grasland";"619506";9;"2016-08-25";"2016-08-25"
"IV2017013110020007";"N2000meetnet_Grasland";"340978";1017;"2016-08-25";"2016-08-25"
"IV2017020111393906";"N2000meetnet_Grasland";"340978";9;"2016-08-25";"2016-08-25"
"IV2017020116071546";"N2000meetnet_Grasland";"1711014";1017;"2016-08-23";"2016-08-23"
"IV2017020120160542";"N2000meetnet_Grasland";"1711014";9;"2016-08-23";"2016-08-23"
"IV2017020121010797";"N2000meetnet_Grasland";"3276198";1017;"2016-08-23";"2016-08-23"
"IV2017020121221303";"N2000meetnet_Grasland";"3276198";9;"2016-08-23";"2016-08-23"
"IV2017020211023566";"N2000meetnet_Grasland";"487606";1017;"2016-08-19";"2016-08-19"
"IV2017020211373000";"N2000meetnet_Grasland";"487606";9;"2016-08-19";"2016-08-19"
"IV2017020211533870";"N2000meetnet_Grasland";"606390";1017;"2016-08-19";"2016-08-19"
"IV2017020212290721";"N2000meetnet_Grasland";"606390";9;"2016-08-19";"2016-08-19"
"IV2017020308164723";"N2000meetnet_Grasland";"2173889";1017;"2016-08-30";"2016-08-30"
"IV2017020308555607";"N2000meetnet_Grasland";"2173889";9;"2016-08-30";"2016-08-30"
"IV2017020309175600";"N2000meetnet_Grasland";"4008897";1017;"2016-08-30";"2016-08-30"
"IV2017020309320429";"N2000meetnet_Grasland";"4008897";9;"2016-08-30";"2016-08-30"
"IV2017020309560065";"N2000meetnet_Grasland";"10766985";1017;"2016-06-09";"2016-06-09"
"IV2017020310250354";"N2000meetnet_Grasland";"10766985";9;"2016-06-09";"2016-06-09"
"IV2017020312255416";"N2000meetnet_Grasland";"398529";1017;"2016-06-28";"2016-06-28"
"IV2017020313004098";"N2000meetnet_Grasland";"398529";9;"2016-06-28";"2016-06-28"
"IV2017020815060283";"N2000meetnet_Grasland";"14029138";1017;"2015-06-04";"2015-06-04"
"IV2017020815451966";"N2000meetnet_Grasland";"14029138";9;"2015-06-04";"2015-06-04"
"IV2017020911173410";"N2000meetnet_Grasland";"20320594";1017;"2015-06-04";"2015-06-04"
"IV2017020912043705";"N2000meetnet_Grasland";"20320594";9;"2015-06-04";"2015-06-04"
"IV2017020914013322";"N2000meetnet_Grasland";"11366482";1017;"2015-06-03";"2015-06-03"
"IV2017020914342201";"N2000meetnet_Grasland";"11366482";9;"2015-06-03";"2015-06-03"
"IV2017020915002276";"N2000meetnet_Grasland";"4501586";1017;"2015-06-03";"2015-06-03"
"IV2017020916182461";"N2000meetnet_Grasland";"4501586";9;"2015-06-03";"2015-06-03"
"IV2017021009391220";"N2000meetnet_Grasland";"2468182";1017;"2015-05-29";"2015-05-29"
"IV2017021009570606";"N2000meetnet_Grasland";"2468182";9;"2015-05-29";"2015-05-29"
"IV2017021011171644";"N2000meetnet_Grasland";"4042038";1017;"2015-05-29";"2015-05-29"
"IV2017021011372088";"N2000meetnet_Grasland";"4042038";9;"2015-05-29";"2015-05-29"
"IV2017021012213856";"N2000meetnet_Grasland";"544902";1017;"2015-06-25";"2015-06-25"
"IV2017021012413096";"N2000meetnet_Grasland";"544902";9;"2015-06-25";"2015-06-25"
"IV2017021016462422";"N2000meetnet_Grasland";"1618054";1017;"2015-05-28";"2015-05-28"
"IV2017021017031808";"N2000meetnet_Grasland";"1618054";9;"2015-05-28";"2015-05-28"
"IV2017021017175886";"N2000meetnet_Grasland";"6152326";1017;"2015-05-28";"2015-05-28"
"IV2017021017402906";"N2000meetnet_Grasland";"6152326";9;"2015-05-28";"2015-05-28"
"IV2017021018002273";"N2000meetnet_Grasland";"1286278";1017;"2015-06-25";"2015-06-25"
"IV2017021018144986";"N2000meetnet_Grasland";"1286278";9;"2015-06-25";"2015-06-25"
"IV2017021310384624";"N2000meetnet_Grasland";"4975814";1017;"2015-06-19";"2015-06-19"
"IV2017021311152342";"N2000meetnet_Grasland";"4975814";9;"2015-06-19";"2015-06-19"
"IV2017021311505729";"N2000meetnet_Grasland";"4598982";1017;"2015-06-19";"2015-06-19"
"IV2017021312171588";"N2000meetnet_Grasland";"4598982";9;"2015-06-19";"2015-06-19"
"IV2017021312415166";"N2000meetnet_Grasland";"9087041";1017;"2015-07-10";"2015-07-10"
"IV2017021313081237";"N2000meetnet_Grasland";"9087041";9;"2015-07-10";"2015-07-10"
"IV2017021313300649";"N2000meetnet_Grasland";"2898758";1017;"2015-06-12";"2015-06-12"
"IV2017021314165316";"N2000meetnet_Grasland";"2898758";9;"2015-06-12";"2015-06-12"
"IV2017021314354987";"N2000meetnet_Grasland";"1022766";1017;"2015-06-10";"2015-06-10"
"IV2017021315595672";"N2000meetnet_Grasland";"1022766";9;"2015-06-10";"2015-06-10"
"IV2017021316192193";"N2000meetnet_Grasland";"1938478";1017;"2015-07-08";"2015-07-08"
"IV2017021316354132";"N2000meetnet_Grasland";"1938478";9;"2015-07-08";"2015-07-08"
"IV2017021316470293";"N2000meetnet_Grasland";"4851218";1017;"2015-06-23";"2015-06-23"
"IV2017021317143301";"N2000meetnet_Grasland";"4851218";9;"2015-06-23";"2015-06-23"
"IV2017021410455484";"N2000meetnet_Grasland";"3016210";1017;"2015-06-23";"2015-06-23"
"IV2017021411231990";"N2000meetnet_Grasland";"3016210";9;"2015-06-23";"2015-06-23"
"IV2017021413520341";"N2000meetnet_Grasland";"498886";1017;"2016-08-25";"2016-08-25"
"IV2017021414091295";"N2000meetnet_Grasland";"498886";9;"2016-08-25";"2016-08-25"
"IV2017021414213854";"N2000meetnet_Grasland";"654598";1017;"2016-08-25";"2016-08-25"
"IV2017021414350820";"N2000meetnet_Grasland";"654598";9;"2016-08-25";"2016-08-25"
"IV2017021414444810";"N2000meetnet_Grasland";"753630";1017;"2016-09-19";"2016-09-19"
"IV2017021415171476";"N2000meetnet_Grasland";"753630";9;"2016-09-19";"2016-09-19"
"IV2017021415415208";"N2000meetnet_Grasland";"979286";1017;"2016-08-24";"2016-08-24"
"IV2017021415534916";"N2000meetnet_Grasland";"1062930";1017;"2016-07-28";"2016-07-28"
"IV2017021415590760";"N2000meetnet_Grasland";"979286";9;"2016-08-24";"2016-08-24"
"IV2017021416061568";"N2000meetnet_Grasland";"1346134";1017;"2016-08-24";"2016-08-24"
"IV2017021416154407";"N2000meetnet_Grasland";"1062930";9;"2016-07-28";"2016-07-28"
"IV2017021416161173";"N2000meetnet_Grasland";"1346134";9;"2016-08-24";"2016-08-24"
"IV2017021416262329";"N2000meetnet_Grasland";"1474526";1017;"2016-08-04";"2016-08-04"
"IV2017021416585251";"N2000meetnet_Grasland";"1474526";9;"2016-08-04";"2016-08-04"
"IV2017021417070556";"N2000meetnet_Grasland";"1884126";1017;"2016-08-02";"2016-08-02"
"IV2017021417294457";"N2000meetnet_Grasland";"1884126";9;"2016-08-02";"2016-08-02"
"IV2017021510114273";"N2000meetnet_Grasland";"311262";1017;"2015-07-28";"2015-07-28"
"IV2017021511162976";"N2000meetnet_Grasland";"311262";9;"2015-07-28";"2015-07-28"
"IV2017021512174228";"N2000meetnet_Grasland";"3777298";1017;"2016-07-27";"2016-07-27"
"IV2017021513172295";"N2000meetnet_Grasland";"3777298";9;"2016-07-27";"2016-07-27"
"IV2017021521415567";"N2000meetnet_Grasland";"2552882";1017;"2016-07-13";"2016-07-13"
"IV2017021521571275";"N2000meetnet_Grasland";"2552882";9;"2016-07-13";"2016-07-13"
"IV2017021716013587";"N2000meetnet_Grasland";"4026418";1017;"2016-06-18";"2016-06-18"
"IV2017021717085050";"N2000meetnet_Grasland";"4026418";9;"2016-06-18";"2016-06-18"
"IV2017022009530029";"N2000meetnet_Grasland";"2371634";1017;"2016-07-18";"2016-07-18"
"IV2017022010250767";"N2000meetnet_Grasland";"2371634";9;"2016-07-18";"2016-07-18"
"IV2017022011083153";"N2000meetnet_Grasland";"1583446";1017;"2016-07-19";"2016-07-19"
"IV2017022011205318";"N2000meetnet_Grasland";"1583446";9;"2016-07-19";"2016-07-19"
"IV2017022012400428";"N2000meetnet_Grasland";"5783154";1017;"2016-07-12";"2016-07-12"
"IV2017022013121858";"N2000meetnet_Grasland";"5783154";9;"2016-07-12";"2016-07-12"
"IV2017022013575286";"N2000meetnet_Grasland";"414646";1017;"2015-08-18";"2015-08-18"
"IV2017022014150360";"N2000meetnet_Grasland";"414646";9;"2015-08-18";"2015-08-18"
"IV2017022015155634";"N2000meetnet_Grasland";"905382";1017;"2015-06-11";"2015-06-11"
"IV2017022015390187";"N2000meetnet_Grasland";"905382";9;"2015-06-11";"2015-06-11"
"IV2017022112283578";"N2000meetnet_Grasland";"3008870";1017;"2015-07-07";"2015-07-07"
"IV2017022112545290";"N2000meetnet_Grasland";"3008870";9;"2015-07-07";"2015-07-07"
"IV2017022115074420";"N2000meetnet_Grasland";"4057446";1017;"2015-07-07";"2015-07-07"
"IV2017022115375527";"N2000meetnet_Grasland";"4057446";9;"2015-07-07";"2015-07-07"
"IV2017022211082902";"N2000meetnet_Grasland";"3741830";1017;"2015-06-09";"2015-06-09"
"IV2017022211385297";"N2000meetnet_Grasland";"3741830";9;"2015-06-09";"2015-06-09"
"IV2017022212325377";"N2000meetnet_Grasland";"1156230";1017;"2015-06-09";"2015-06-09"
"IV2017022213011877";"N2000meetnet_Grasland";"1156230";9;"2015-06-09";"2015-06-09"
"IV2017022310474384";"N2000meetnet_Grasland";"2160774";1017;"2016-07-06";"2016-07-06"
"IV2017022315312444";"N2000meetnet_Grasland";"2160774";9;"2016-07-06";"2016-07-06"
"IV2017022316243012";"N2000meetnet_Grasland";"2839602";1017;"2016-06-08";"2016-06-08"
"IV2017022318064503";"N2000meetnet_Grasland";"2839602";9;"2016-06-08";"2016-06-08"
"IV2017022410260914";"N2000meetnet_Grasland";"742450";1017;"2016-06-16";"2016-06-16"
"IV2017022410371769";"N2000meetnet_Grasland";"742450";9;"2016-06-16";"2016-06-16"
"IV2017022411275584";"N2000meetnet_Grasland";"480306";1017;"2016-06-08";"2016-06-08"
"IV2017022412465341";"N2000meetnet_Grasland";"480306";9;"2016-06-08";"2016-06-08"
"IV2017022413245704";"N2000meetnet_Grasland";"2334002";1017;"2016-06-20";"2016-06-20"
"IV2017022413445592";"N2000meetnet_Grasland";"2334002";9;"2016-06-20";"2016-06-20"
"IV2017022414255992";"N2000meetnet_Grasland";"2479154";1017;"2016-06-16";"2016-06-16"
"IV2017022414402631";"N2000meetnet_Grasland";"2479154";9;"2016-06-16";"2016-06-16"
"IV2017022415170190";"N2000meetnet_Grasland";"143602";1017;"2016-07-01";"2016-07-01"
"IV2017022415353736";"N2000meetnet_Grasland";"143602";9;"2016-07-01";"2016-07-01"
"IV2017120117561385";"N2000meetnet_Grasland";"8121542";1017;"2017-05-29";"2017-05-29"
"IV2017120118231406";"N2000meetnet_Grasland";"8121542";9;"2017-05-29";"2017-05-29"
"IV2017120118342938";"N2000meetnet_Grasland";"7072966";1017;"2017-05-29";"2017-05-29"
"IV2017120118520910";"N2000meetnet_Grasland";"7072966";9;"2017-05-29";"2017-05-29"
"IV2017012612213288";"N2000meetnet_Moerassen";"696182";1017;"2016-09-20";"2016-09-20"
"IV2017012613110316";"N2000meetnet_Moerassen";"696182";9;"2016-09-20";"2016-09-20"
"IV2017012711062779";"N2000meetnet_Moerassen";"23086";1017;"2016-09-19";"2016-09-19"
"IV2017012711193298";"N2000meetnet_Moerassen";"23086";9;"2016-09-19";"2016-09-19"
"IV2017020318100730";"N2000meetnet_Moerassen";"282614";1017;"2016-09-14";"2016-09-14"
"IV2017020318234508";"N2000meetnet_Moerassen";"282614";9;"2016-09-14";"2016-09-14"
"IV2017020318315989";"N2000meetnet_Moerassen";"856054";1017;"2016-09-14";"2016-09-14"
"IV2017020318480754";"N2000meetnet_Moerassen";"856054";9;"2016-09-14";"2016-09-14"
"IV2017020318560367";"N2000meetnet_Moerassen";"170798";1017;"2016-09-13";"2016-09-13"
"IV2017020319064156";"N2000meetnet_Moerassen";"170798";9;"2016-09-13";"2016-09-13"
"IV2017020713102084";"N2000meetnet_Moerassen";"863862";1017;"2015-06-29";"2015-06-29"
"IV2017020714540212";"N2000meetnet_Moerassen";"863862";9;"2015-06-29";"2015-06-29"
"IV2017020813265807";"N2000meetnet_Moerassen";"1013294";1017;"2016-09-20";"2016-09-20"
"IV2017020813570832";"N2000meetnet_Moerassen";"1013294";9;"2016-09-20";"2016-09-20"
"IV2017020814143501";"N2000meetnet_Moerassen";"518902";1017;"2016-09-21";"2016-09-21"
"IV2017020814462786";"N2000meetnet_Moerassen";"518902";9;"2016-09-21";"2016-09-21"
"IV2017021511480087";"N2000meetnet_Moerassen";"880094";1017;"2016-10-07";"2016-10-07"
"IV2017021512035316";"N2000meetnet_Moerassen";"880094";9;"2016-10-07";"2016-10-07"
"IV2017021513022196";"N2000meetnet_Moerassen";"482290";1017;"2016-09-13";"2016-09-13"
"IV2017021513104974";"N2000meetnet_Moerassen";"482290";9;"2016-09-13";"2016-09-13"
"IV2017021513174412";"N2000meetnet_Moerassen";"267986";1017;"2016-09-13";"2016-09-13"
"IV2017021513305863";"N2000meetnet_Moerassen";"267986";9;"2016-09-13";"2016-09-13"
"IV2017021513460105";"N2000meetnet_Moerassen";"1388150";1017;"2015-06-29";"2015-06-29"
"IV2017021513582966";"N2000meetnet_Moerassen";"1388150";9;"2015-06-29";"2015-06-29"
"IV2017021514080638";"N2000meetnet_Moerassen";"923346";1017;"2016-09-13";"2016-09-13"
"IV2017021514480221";"N2000meetnet_Moerassen";"923346";9;"2016-09-13";"2016-09-13"
"IV2017021514542213";"N2000meetnet_Moerassen";"419538";1017;"2016-09-23";"2016-09-23"
"IV2017021515052872";"N2000meetnet_Moerassen";"419538";9;"2016-09-23";"2016-09-23"
"IV2017021515123500";"N2000meetnet_Moerassen";"943826";1017;"2016-09-28";"2016-09-28"
"IV2017021515263591";"N2000meetnet_Moerassen";"943826";9;"2016-09-28";"2016-09-28"
"IV2017021515354295";"N2000meetnet_Moerassen";"271030";1017;"2016-09-15";"2016-09-15"
"IV2017021515505552";"N2000meetnet_Moerassen";"271030";9;"2016-09-15";"2016-09-15"
"IV2017021515592266";"N2000meetnet_Moerassen";"103094";1017;"2016-09-15";"2016-09-15"
"IV2017021516075256";"N2000meetnet_Moerassen";"103094";9;"2016-09-15";"2016-09-15"
"IV2017021516164241";"N2000meetnet_Moerassen";"959958";1017;"2016-09-20";"2016-09-20"
"IV2017021516261649";"N2000meetnet_Moerassen";"959958";9;"2016-09-20";"2016-09-20"
"IV2017021710141595";"N2000meetnet_Moerassen";"1087350";1017;"2016-09-20";"2016-09-20"
"IV2017021710262223";"N2000meetnet_Moerassen";"1087350";9;"2016-09-20";"2016-09-20"
"IV2017021710412000";"N2000meetnet_Moerassen";"3219382";1017;"2015-09-21";"2015-09-21"
"IV2017021710534965";"N2000meetnet_Moerassen";"3219382";9;"2015-09-21";"2015-09-21"
"IV2017021712024375";"N2000meetnet_Moerassen";"1749942";1017;"2015-09-17";"2015-09-17"
"IV2017021712152647";"N2000meetnet_Moerassen";"1749942";9;"2015-09-17";"2015-09-17"
"IV2017021712211026";"N2000meetnet_Moerassen";"702674";1017;"2015-09-18";"2015-09-18"
"IV2017021712361732";"N2000meetnet_Moerassen";"702674";9;"2015-09-18";"2015-09-18"
"IV2017021712570028";"N2000meetnet_Moerassen";"3732406";1017;"2015-09-21";"2015-09-21"
"IV2017021713122588";"N2000meetnet_Moerassen";"3732406";9;"2015-09-21";"2015-09-21"
"IV2017021716250537";"N2000meetnet_Moerassen";"1635254";1017;"2015-09-21";"2015-09-21"
"IV2017021716440979";"N2000meetnet_Moerassen";"1635254";9;"2015-09-21";"2015-09-21"
"IV2017021716580390";"N2000meetnet_Moerassen";"2225078";1017;"2015-09-18";"2015-09-18"
"IV2017021717285026";"N2000meetnet_Moerassen";"2225078";9;"2015-09-18";"2015-09-18"
"IV2017022111070389";"N2000meetnet_Moerassen";"996278";1017;"2015-08-18";"2015-08-18"
"IV2017022111075784";"N2000meetnet_Moerassen";"996278";9;"2015-08-18";"2015-08-18"
"IV2017022111173825";"N2000meetnet_Moerassen";"1004470";1017;"2015-08-18";"2015-08-18"
"IV2017022111183354";"N2000meetnet_Moerassen";"1004470";9;"2015-08-18";"2015-08-18"
"IV2017112908192809";"N2000meetnet_Grasland_BHM";"1036446";1017;"2017-07-12";"2017-07-12"
"IV2017112908460816";"N2000meetnet_Grasland_BHM";"1036446";9;"2017-07-12";"2017-07-12"
"IV2017112912580483";"N2000meetnet_Grasland_BHM";"823129";9;"2017-07-10";"2017-07-10"
"IV2017112913404044";"N2000meetnet_Grasland_BHM";"1428270";1017;"2017-06-26";"2017-06-26"
"IV2017112913583445";"N2000meetnet_Grasland_BHM";"1428270";9;"2017-06-26";"2017-06-26"
"IV2017112914094613";"N2000meetnet_Grasland_BHM";"1660950";1017;"2017-06-23";"2017-06-23"
"IV2017112914372721";"N2000meetnet_Grasland_BHM";"1660950";9;"2017-06-23";"2017-06-23"
"IV2017112915064012";"N2000meetnet_Grasland_BHM";"1642233";1017;"2017-06-23";"2017-06-23"
"IV2017112915243954";"N2000meetnet_Grasland_BHM";"1642233";9;"2017-06-23";"2017-06-23"
"IV2017113010102631";"N2000meetnet_Grasland_BHM";"6645958";9;"2017-06-23";"2017-06-23"
"IV2017113010285455";"N2000meetnet_Grasland_BHM";"6194105";1017;"2017-06-20";"2017-06-20"
"IV2017113011505228";"N2000meetnet_Grasland_BHM";"6194105";9;"2017-06-20";"2017-06-20"
"IV2017120107565546";"N2000meetnet_Grasland_BHM";"1348277";1017;"2017-09-29";"2017-09-29"
"IV2017120108115051";"N2000meetnet_Grasland_BHM";"1348277";9;"2017-09-29";"2017-09-29"
"IV2017120108515000";"N2000meetnet_Grasland_BHM";"299701";1017;"2017-09-29";"2017-09-29"
"IV2017120109032402";"N2000meetnet_Grasland_BHM";"299701";9;"2017-09-29";"2017-09-29"
"IV2017120109300668";"N2000meetnet_Grasland_BHM";"1403657";1017;"2017-09-29";"2017-09-29"
"IV2017120111004036";"N2000meetnet_Grasland_BHM";"1403657";9;"2017-09-29";"2017-09-29"
"IV2017120111214650";"N2000meetnet_Grasland_BHM";"4599942";1017;"2017-06-29";"2017-06-29"
"IV2017120111463956";"N2000meetnet_Grasland_BHM";"4599942";9;"2017-06-29";"2017-06-29"
"IV2017120111560343";"N2000meetnet_Grasland_BHM";"2334854";1017;"2017-06-29";"2017-06-29"
"IV2017120112090282";"N2000meetnet_Grasland_BHM";"2334854";9;"2017-06-29";"2017-06-29"
"IV2017120112213868";"N2000meetnet_Grasland_BHM";"1040518";1017;"2017-06-29";"2017-06-29"
"IV2017120112565263";"N2000meetnet_Grasland_BHM";"1040518";9;"2017-06-29";"2017-06-29"
"IV2017120113271520";"N2000meetnet_Grasland_BHM";"2813697";1017;"2017-09-25";"2017-09-25"
"IV2017120114192219";"N2000meetnet_Grasland_BHM";"2813697";9;"2017-09-25";"2017-09-25"
"IV2017120114521398";"N2000meetnet_Grasland_BHM";"8158406";1017;"2017-05-29";"2017-05-29"
"IV2017120117414722";"N2000meetnet_Grasland_BHM";"8158406";9;"2017-05-29";"2017-05-29"
"IV2018022813474152";"N2000meetnet_Grasland_BHM";"1443378";1017;"2017-07-27";"2017-07-27"
"IV2018030220035638";"N2000meetnet_Grasland_BHM";"1443378";9;"2017-07-27";"2017-07-27"
"IV2018030221003731";"N2000meetnet_Grasland_BHM";"332786";1017;"2017-07-27";"2017-07-27"
"IV2018030221161700";"N2000meetnet_Grasland_BHM";"332786";9;"2017-07-27";"2017-07-27"
"IV2018030414484080";"N2000meetnet_Grasland_BHM";"1085366";1017;"2017-07-31";"2017-07-31"
"IV2018030415500950";"N2000meetnet_Grasland_BHM";"1085366";9;"2017-07-31";"2017-07-31"
"IV2018030416111323";"N2000meetnet_Grasland_BHM";"983990";1017;"2017-08-17";"2017-08-17"
"IV2018030416251801";"N2000meetnet_Grasland_BHM";"983990";9;"2017-08-17";"2017-08-17"
"IV2018030417514439";"N2000meetnet_Grasland_BHM";"309458";1017;"2017-08-17";"2017-08-17"
"IV2018030418071744";"N2000meetnet_Grasland_BHM";"309458";9;"2017-08-17";"2017-08-17"
"IV2018030509282854";"N2000meetnet_Grasland_BHM";"5253462";1017;"2017-07-25";"2017-07-25"
"IV2018030510512619";"N2000meetnet_Grasland_BHM";"5253462";9;"2017-07-25";"2017-07-25"
"IV2018030511543075";"N2000meetnet_Grasland_BHM";"2133926";1017;"2017-07-20";"2017-07-20"
"IV2018030512111847";"N2000meetnet_Grasland_BHM";"2133926";9;"2017-07-20";"2017-07-20"
"IV2018030513285216";"N2000meetnet_Grasland_BHM";"2264998";1017;"2017-07-20";"2017-07-20"
"IV2018030513530737";"N2000meetnet_Grasland_BHM";"2264998";9;"2017-07-20";"2017-07-20"
"IV2018030514502970";"N2000meetnet_Grasland_BHM";"3734950";1017;"2017-07-20";"2017-07-20"
"IV2018030514594211";"N2000meetnet_Grasland_BHM";"3734950";9;"2017-07-20";"2017-07-20"
"IV2018030610544440";"N2000meetnet_Grasland_BHM";"5630310";1017;"2017-07-19";"2017-07-19"
"IV2018030613174547";"N2000meetnet_Grasland_BHM";"5630310";9;"2017-07-19";"2017-07-19"
"IV2018030614095561";"N2000meetnet_Grasland_BHM";"7203174";1017;"2017-07-19";"2017-07-19"
"IV2018030614122464";"N2000meetnet_Grasland_BHM";"7203174";9;"2017-07-19";"2017-07-19"
"IV2018030711143521";"N2000meetnet_Grasland_BHM";"5624882";1017;"2017-07-10";"2017-07-10"
"IV2018030711265492";"N2000meetnet_Grasland_BHM";"5624882";9;"2017-07-10";"2017-07-10"
"IV2018030712002428";"N2000meetnet_Grasland_BHM";"589698";1017;"2017-07-06";"2017-07-06"
"IV2018030714024007";"N2000meetnet_Grasland_BHM";"6948370";1017;"2017-07-03";"2017-07-03"
"IV2018030714233862";"N2000meetnet_Grasland_BHM";"6948370";9;"2017-07-03";"2017-07-03"
"IV2018030715412818";"N2000meetnet_Grasland_BHM";"783954";1017;"2017-06-30";"2017-06-30"
"IV2018030715551163";"N2000meetnet_Grasland_BHM";"783954";9;"2017-06-30";"2017-06-30"
"IV2018082008574310";"N2000meetnet_Grasland_BHM";"589698";9;"2017-07-06";"2017-07-06"
"IV2018082407540429";"N2000meetnet_Grasland_BHM";"6102322";1017;"2017-06-08";"2017-06-08"
"IV2018082408442571";"N2000meetnet_Grasland_BHM";"6102322";9;"2017-06-08";"2017-06-08"
"IV2018121216433080";"N2000meetnet_Grasland_BHM";"1392705";1017;"2018-06-12";"2018-06-12"
"IV2018121218533825";"N2000meetnet_Grasland_BHM";"1392705";9;"2018-06-12";"2018-06-12"
"IV2018121811574327";"N2000meetnet_Grasland_BHM";"81985";1017;"2018-06-12";"2018-06-12"
"IV2018121812191520";"N2000meetnet_Grasland_BHM";"81985";9;"2018-06-12";"2018-06-12"
"IV2018121813400651";"N2000meetnet_Grasland_BHM";"2981953";1017;"2018-06-12";"2018-06-12"
"IV2018121814202946";"N2000meetnet_Grasland_BHM";"2981953";9;"2018-06-12";"2018-06-12"
"IV2018121814434064";"N2000meetnet_Grasland_BHM";"3002670";1017;"2018-06-13";"2018-06-13"
"IV2018121815031430";"N2000meetnet_Grasland_BHM";"3002670";9;"2018-06-13";"2018-06-13"
"IV2018121815134218";"N2000meetnet_Grasland_BHM";"1249582";1017;"2018-06-13";"2018-06-13"
"IV2018121815460288";"N2000meetnet_Grasland_BHM";"1249582";9;"2018-06-13";"2018-06-13"
"IV2018121815572118";"N2000meetnet_Grasland_BHM";"1887022";1017;"2018-06-13";"2018-06-13"
"IV2018121816195764";"N2000meetnet_Grasland_BHM";"1887022";9;"2018-06-13";"2018-06-13"
"IV2018121816405213";"N2000meetnet_Grasland_BHM";"1409089";1017;"2018-06-12";"2018-06-12"
"IV2018121817031507";"N2000meetnet_Grasland_BHM";"1409089";9;"2018-06-12";"2018-06-12"
"IV2018122009151922";"N2000meetnet_Grasland_BHM";"6986542";1017;"2018-06-13";"2018-06-13"
"IV2018122009392308";"N2000meetnet_Grasland_BHM";"6986542";9;"2018-06-13";"2018-06-13"
"IV2019010208003898";"N2000meetnet_Grasland_BHM";"1642233";1017;"2018-05-31";"2018-05-31"
"IV2019010208185391";"N2000meetnet_Grasland_BHM";"1642233";9;"2018-05-31";"2018-05-31"
"IV2019010209232641";"N2000meetnet_Grasland_BHM";"3134649";1017;"2018-05-31";"2018-05-31"
"IV2019010209450232";"N2000meetnet_Grasland_BHM";"3134649";9;"2018-05-31";"2018-05-31"
"IV2019010215101106";"N2000meetnet_Grasland_BHM";"9189270";1017;"2018-06-04";"2018-06-04"
"IV2019010215472640";"N2000meetnet_Grasland_BHM";"9189270";9;"2018-06-04";"2018-06-04"
"IV2019010216252659";"N2000meetnet_Grasland_BHM";"6792238";1017;"2018-06-06";"2018-06-06"
"IV2019010216405649";"N2000meetnet_Grasland_BHM";"6792238";9;"2018-06-06";"2018-06-06"
"IV2019010218340961";"N2000meetnet_Grasland_BHM";"6770678";1017;"2018-06-06";"2018-06-06"
"IV2019010218475304";"N2000meetnet_Grasland_BHM";"6770678";9;"2018-06-06";"2018-06-06"
"IV2019010218580676";"N2000meetnet_Grasland_BHM";"6549737";1017;"2018-06-18";"2018-06-18"
"IV2019010219091816";"N2000meetnet_Grasland_BHM";"6549737";9;"2018-06-18";"2018-06-18"
"IV2019010219160277";"N2000meetnet_Grasland_BHM";"1359838";1017;"2018-06-27";"2018-06-27"
"IV2019010219295713";"N2000meetnet_Grasland_BHM";"1359838";9;"2018-06-27";"2018-06-27"
"IV2019010306473673";"N2000meetnet_Grasland_BHM";"1212382";1017;"2018-06-27";"2018-06-27"
"IV2019010306500942";"N2000meetnet_Grasland_BHM";"1212382";9;"2018-06-27";"2018-06-27"
"IV2019010307000537";"N2000meetnet_Grasland_BHM";"3456990";1017;"2018-06-27";"2018-06-27"
"IV2019010307573190";"N2000meetnet_Grasland_BHM";"3456990";9;"2018-06-27";"2018-06-27"
"IV2019010308222329";"N2000meetnet_Grasland_BHM";"2447382";1017;"2018-06-18";"2018-06-18"
"IV2019010308412535";"N2000meetnet_Grasland_BHM";"2447382";9;"2018-06-18";"2018-06-18"
"IV2019010309035047";"N2000meetnet_Grasland_BHM";"6630337";1017;"2018-06-07";"2018-06-07"
"IV2019010309225163";"N2000meetnet_Grasland_BHM";"6630337";9;"2018-06-07";"2018-06-07"
"IV2019010309332746";"N2000meetnet_Grasland_BHM";"7678913";1017;"2018-06-07";"2018-06-07"
"IV2019010309483876";"N2000meetnet_Grasland_BHM";"7678913";9;"2018-06-07";"2018-06-07"
"IV2019010311595752";"N2000meetnet_Grasland_BHM";"1785525";1017;"2018-07-04";"2018-07-04"
"IV2019010312172058";"N2000meetnet_Grasland_BHM";"1785525";9;"2018-07-04";"2018-07-04"
"IV2019010312332852";"N2000meetnet_Grasland_BHM";"1830581";1017;"2018-07-04";"2018-07-04"
"IV2019010312395304";"N2000meetnet_Grasland_BHM";"1830581";9;"2018-07-04";"2018-07-04"
"IV2019010312545285";"N2000meetnet_Grasland_BHM";"1928193";1017;"2018-06-29";"2018-06-29"
"IV2019010313083140";"N2000meetnet_Grasland_BHM";"1928193";9;"2018-06-29";"2018-06-29"
"IV2019010313212559";"N2000meetnet_Grasland_BHM";"1872565";1017;"2018-06-28";"2018-06-28"
"IV2019010313395896";"N2000meetnet_Grasland_BHM";"1872565";9;"2018-06-28";"2018-06-28"
"IV2019010314170327";"N2000meetnet_Grasland_BHM";"1715637";1017;"2018-06-28";"2018-06-28"
"IV2019010314210644";"N2000meetnet_Grasland_BHM";"1715637";9;"2018-06-28";"2018-06-28"
"IV2019010314291141";"N2000meetnet_Grasland_BHM";"1338805";1017;"2018-06-28";"2018-06-28"
"IV2019010314325267";"N2000meetnet_Grasland_BHM";"1338805";9;"2018-06-28";"2018-06-28"
"IV2019010314442127";"N2000meetnet_Grasland_BHM";"1936821";1017;"2018-06-28";"2018-06-28"
"IV2019010314495413";"N2000meetnet_Grasland_BHM";"1936821";9;"2018-06-28";"2018-06-28"
"IV2019010314572854";"N2000meetnet_Grasland_BHM";"1945013";1017;"2018-06-28";"2018-06-28"
"IV2019010315090270";"N2000meetnet_Grasland_BHM";"1945013";9;"2018-06-28";"2018-06-28"
"IV2019010315193502";"N2000meetnet_Grasland_BHM";"1667357";1017;"2018-06-14";"2018-06-14"
"IV2019010315285888";"N2000meetnet_Grasland_BHM";"1667357";9;"2018-06-14";"2018-06-14"
"IV2019011414090895";"N2000meetnet_Grasland_BHM";"1547265";1017;"2018-06-29";"2018-06-29"
"IV2019011414294981";"N2000meetnet_Grasland_BHM";"1547265";9;"2018-06-29";"2018-06-29"
"IV2019011414351048";"N2000meetnet_Grasland_BHM";"1461001";1017;"2018-06-14";"2018-06-14"
"IV2019011415092985";"N2000meetnet_Grasland_BHM";"1461001";9;"2018-06-14";"2018-06-14"
"IV2019012509053642";"N2000meetnet_Grasland_BHM";"6572681";1017;"2018-06-07";"2018-06-07"
"IV2019012511170725";"N2000meetnet_Grasland_BHM";"6572681";9;"2018-06-07";"2018-06-07"
"IV2019012513495405";"N2000meetnet_Grasland_BHM";"2637569";1017;"2018-07-03";"2018-07-03"
"IV2019012514311759";"N2000meetnet_Grasland_BHM";"2637569";9;"2018-07-03";"2018-07-03"
"IV2019012515324710";"N2000meetnet_Grasland_BHM";"5408201";1017;"2018-06-07";"2018-06-07"
"IV2019012515495181";"N2000meetnet_Grasland_BHM";"5408201";9;"2018-06-07";"2018-06-07"
"IV2019020609412094";"N2000meetnet_Grasland_BHM";"8705254";1017;"2018-06-19";"2018-06-19"
"IV2019020612275238";"N2000meetnet_Grasland_BHM";"8705254";9;"2018-06-19";"2018-06-19"
"IV2019020612581446";"N2000meetnet_Grasland_BHM";"7394534";1017;"2018-06-19";"2018-06-19"
"IV2019020613402086";"N2000meetnet_Grasland_BHM";"7394534";9;"2018-06-19";"2018-06-19"
"IV2019020714420536";"N2000meetnet_Grasland_BHM";"8220722";1017;"2018-06-20";"2018-06-20"
"IV2019020715455743";"N2000meetnet_Grasland_BHM";"8220722";9;"2018-06-20";"2018-06-20"
"IV2019020716030884";"N2000meetnet_Grasland_BHM";"1255122";1017;"2018-06-19";"2018-06-19"
"IV2019020808585406";"N2000meetnet_Grasland_BHM";"1255122";9;"2018-06-19";"2018-06-19"
"IV2019020809404178";"N2000meetnet_Grasland_BHM";"1269458";1017;"2018-06-19";"2018-06-19"
"IV2019020809510944";"N2000meetnet_Grasland_BHM";"1269458";9;"2018-06-19";"2018-06-19"
"IV2019020810390261";"N2000meetnet_Grasland_BHM";"9655346";1017;"2018-06-12";"2018-06-12"
"IV2019020811023605";"N2000meetnet_Grasland_BHM";"9655346";9;"2018-06-12";"2018-06-12"
"IV2019020811552696";"N2000meetnet_Grasland_BHM";"4576306";1017;"2018-06-12";"2018-06-12"
"IV2019020812125743";"N2000meetnet_Grasland_BHM";"4576306";9;"2018-06-12";"2018-06-12"
"IV2019020910455730";"N2000meetnet_Grasland_BHM";"480306";1017;"2018-06-13";"2018-06-13"
"IV2019020910570357";"N2000meetnet_Grasland_BHM";"480306";9;"2018-06-13";"2018-06-13"
"IV2019021214331564";"N2000meetnet_Grasland_BHM";"1381569";1017;"2018-06-12";"2018-06-12"
"IV2019021214520710";"N2000meetnet_Grasland_BHM";"1381569";9;"2018-06-12";"2018-06-12"
"IV2019021809433664";"N2000meetnet_Grasland_BHM";"6528306";1017;"2018-06-12";"2018-06-12"
"IV2019021811453524";"N2000meetnet_Grasland_BHM";"6528306";9;"2018-06-12";"2018-06-12"
"IV2019021909195430";"N2000meetnet_Grasland_BHM";"9131058";1017;"2018-06-13";"2018-06-13"
"IV2019021909560725";"N2000meetnet_Grasland_BHM";"9131058";9;"2018-06-13";"2018-06-13"
"IV2019021912262072";"N2000meetnet_Grasland_BHM";"6509618";1017;"2018-06-14";"2018-06-14"
"IV2019021912454923";"N2000meetnet_Grasland_BHM";"6509618";9;"2018-06-14";"2018-06-14"
"IV2019021914301511";"N2000meetnet_Grasland_BHM";"6213542";1017;"2018-06-25";"2018-06-25"
"IV2019021914494248";"N2000meetnet_Grasland_BHM";"6213542";9;"2018-06-25";"2018-06-25"
"IV2019022009580729";"N2000meetnet_Grasland_BHM";"3424742";1017;"2018-06-04";"2018-06-04"
"IV2019022010492413";"N2000meetnet_Grasland_BHM";"3424742";9;"2018-06-04";"2018-06-04"
"IV2019022011472738";"N2000meetnet_Grasland_BHM";"3351638";9;"2018-06-27";"2018-06-27"
"IV2019022012091414";"N2000meetnet_Grasland_BHM";"1254486";1017;"2018-06-27";"2018-06-27"
"IV2019022012591316";"N2000meetnet_Grasland_BHM";"1254486";9;"2018-06-27";"2018-06-27"
"IV2019022114385849";"N2000meetnet_Grasland_BHM";"8363961";1017;"2018-06-01";"2018-06-01"
"IV2019022114510668";"N2000meetnet_Grasland_BHM";"8363961";9;"2018-06-01";"2018-06-01"
"IV2019022510115965";"N2000meetnet_Grasland_BHM";"3273046";1017;"2018-07-02";"2018-07-02"
"IV2019022510234996";"N2000meetnet_Grasland_BHM";"3273046";9;"2018-07-02";"2018-07-02"
"IV2019022514042696";"N2000meetnet_Grasland_BHM";"3600726";1017;"2018-07-02";"2018-07-02"
"IV2019022514294786";"N2000meetnet_Grasland_BHM";"3600726";9;"2018-07-02";"2018-07-02"
"IV2019022610090643";"N2000meetnet_Grasland_BHM";"6529158";1017;"2018-06-26";"2018-06-26"
"IV2019022612014191";"N2000meetnet_Grasland_BHM";"6529158";9;"2018-06-26";"2018-06-26"
"IV2019022714201370";"N2000meetnet_Grasland_BHM";"3405958";1017;"2018-06-25";"2018-06-25"
"IV2019022715350593";"N2000meetnet_Grasland_BHM";"3405958";9;"2018-06-25";"2018-06-25"
"IV2019030506553128";"N2000meetnet_Grasland_BHM";"1217746";1017;"2018-07-12";"2018-07-12"
"IV2019030507115159";"N2000meetnet_Grasland_BHM";"1217746";9;"2018-07-12";"2018-07-12"
"IV2019030507344542";"N2000meetnet_Grasland_BHM";"1414354";1017;"2018-07-12";"2018-07-12"
"IV2019030507434490";"N2000meetnet_Grasland_BHM";"1414354";9;"2018-07-12";"2018-07-12"
"IV2019030509454267";"N2000meetnet_Grasland_BHM";"1095890";1017;"2018-07-12";"2018-07-12"
"IV2019030509590498";"N2000meetnet_Grasland_BHM";"1095890";9;"2018-07-12";"2018-07-12"
"IV2019030510151254";"N2000meetnet_Grasland_BHM";"1037522";1017;"2018-07-12";"2018-07-12"
"IV2019030510214992";"N2000meetnet_Grasland_BHM";"1037522";9;"2018-07-12";"2018-07-12"
"IV2019030510462717";"N2000meetnet_Grasland_BHM";"1135826";1017;"2018-07-12";"2018-07-12"
"IV2019030510520410";"N2000meetnet_Grasland_BHM";"1135826";9;"2018-07-12";"2018-07-12"
"IV2019030512211555";"N2000meetnet_Grasland_BHM";"1634546";1017;"2018-06-05";"2018-06-05"
"IV2019030512341370";"N2000meetnet_Grasland_BHM";"1634546";9;"2018-06-05";"2018-06-05"
"IV2019030514081723";"N2000meetnet_Grasland_BHM";"3013714";1017;"2018-06-08";"2018-06-08"
"IV2019030514375356";"N2000meetnet_Grasland_BHM";"3013714";9;"2018-06-08";"2018-06-08"
"IV2019030514525522";"N2000meetnet_Grasland_BHM";"3275858";1017;"2018-06-08";"2018-06-08"
"IV2019030515422067";"N2000meetnet_Grasland_BHM";"3275858";9;"2018-06-08";"2018-06-08"
"IV2019031107334255";"N2000meetnet_Grasland_BHM";"1627010";1017;"2018-05-31";"2018-05-31"
"IV2019031107520890";"N2000meetnet_Grasland_BHM";"1627010";9;"2018-05-31";"2018-05-31"
"IV2019031108122062";"N2000meetnet_Grasland_BHM";"1107666";1017;"2018-06-19";"2018-06-19"
"IV2019031108341174";"N2000meetnet_Grasland_BHM";"1107666";9;"2018-06-19";"2018-06-19"
"IV2020021413283257";"N2000meetnet_Grasland_BHM";"7929558";1017;"2019-08-26";"2019-08-26"
"IV2020021413533466";"N2000meetnet_Grasland_BHM";"7929558";9;"2019-08-26";"2019-08-26"
"IV2020021413575834";"N2000meetnet_Grasland_BHM";"12229422";1017;"2019-08-01";"2019-08-01"
"IV2020021414132240";"N2000meetnet_Grasland_BHM";"12229422";9;"2019-08-01";"2019-08-01"
"IV2020021916160633";"N2000meetnet_Grasland_BHM";"1068086";1017;"2019-05-23";"2019-05-23"
"IV2020021916204322";"N2000meetnet_Grasland_BHM";"1068086";9;"2019-05-23";"2019-05-23"
"IV2020022017031551";"N2000meetnet_Grasland_BHM";"1723446";1017;"2019-05-27";"2019-05-27"
"IV2020022017152138";"N2000meetnet_Grasland_BHM";"1723446";9;"2019-05-27";"2019-05-27"
"IV2020022713561914";"N2000meetnet_Grasland_BHM";"1457206";1017;"2019-05-24";"2019-05-24"
"IV2020022714040075";"N2000meetnet_Grasland_BHM";"1457206";9;"2019-05-24";"2019-05-24"
"IV2020022714073095";"N2000meetnet_Grasland_BHM";"1395766";1017;"2019-05-27";"2019-05-27"
"IV2020022714202521";"N2000meetnet_Grasland_BHM";"1395766";9;"2019-05-27";"2019-05-27"
"IV2020022714231094";"N2000meetnet_Grasland_BHM";"412726";1017;"2019-05-23";"2019-05-23"
"IV2020022714374375";"N2000meetnet_Grasland_BHM";"412726";9;"2019-05-23";"2019-05-23"
"IV2020022714453255";"N2000meetnet_Grasland_BHM";"805942";1017;"2019-05-23";"2019-05-23"
"IV2020022714594591";"N2000meetnet_Grasland_BHM";"805942";9;"2019-05-23";"2019-05-23"
"IV2020022715014341";"N2000meetnet_Grasland_BHM";"1461302";1017;"2019-05-27";"2019-05-27"
"IV2020022715135992";"N2000meetnet_Grasland_BHM";"1461302";9;"2019-05-27";"2019-05-27"
"IV2020022715151720";"N2000meetnet_Grasland_BHM";"937014";1017;"2019-05-23";"2019-05-23"
"IV2020022715235211";"N2000meetnet_Grasland_BHM";"937014";9;"2019-05-23";"2019-05-23"
"IV2018030719161925";"N2000meetnet_Moeras_BHM";"1140434";1017;"2017-07-04";"2017-07-04"
"IV2018030719244841";"N2000meetnet_Moeras_BHM";"1140434";9;"2017-07-04";"2017-07-04"
"IV2018030719311738";"N2000meetnet_Moeras_BHM";"1468114";1017;"2017-07-10";"2017-07-10"
"IV2018030719484292";"N2000meetnet_Moeras_BHM";"1468114";9;"2017-07-10";"2017-07-10"
"IV2018031009120638";"N2000meetnet_Moeras_BHM";"1367026";1017;"2017-06-30";"2017-06-30"
"IV2018031009213148";"N2000meetnet_Moeras_BHM";"1367026";9;"2017-06-30";"2017-06-30"
"IV2018031010111411";"N2000meetnet_Moeras_BHM";"222518";1017;"2017-07-25";"2017-07-25"
"IV2018031010191687";"N2000meetnet_Moeras_BHM";"222518";9;"2017-07-25";"2017-07-25"
"IV2018031015311631";"N2000meetnet_Moeras_BHM";"1576886";1017;"2017-07-31";"2017-07-31"
"IV2018031021192601";"N2000meetnet_Moeras_BHM";"1576886";9;"2017-07-31";"2017-07-31"
"IV2018031108343898";"N2000meetnet_Moeras_BHM";"471990";1017;"2017-08-17";"2017-08-17"
"IV2018031109022283";"N2000meetnet_Moeras_BHM";"471990";9;"2017-08-17";"2017-08-17"
"IV2018031112563585";"N2000meetnet_Moeras_BHM";"369974";1017;"2017-07-25";"2017-07-25"
"IV2018031113042338";"N2000meetnet_Moeras_BHM";"369974";9;"2017-07-25";"2017-07-25"
"IV2018031113221134";"N2000meetnet_Moeras_BHM";"717750";1017;"2017-07-31";"2017-07-31"
"IV2018031113285776";"N2000meetnet_Moeras_BHM";"717750";9;"2017-07-31";"2017-07-31"
"IV2019010315434974";"N2000meetnet_Moeras_BHM";"2011870";1017;"2018-06-05";"2018-06-05"
"IV2019010315520211";"N2000meetnet_Moeras_BHM";"2011870";9;"2018-06-05";"2018-06-05"
"IV2019010406260429";"N2000meetnet_Moeras_BHM";"1498102";1017;"2018-06-06";"2018-06-06"
"IV2019010406365884";"N2000meetnet_Moeras_BHM";"1498102";9;"2018-06-06";"2018-06-06"
"IV2019010406472400";"N2000meetnet_Moeras_BHM";"1677870";1017;"2018-06-13";"2018-06-13"
"IV2019010407103073";"N2000meetnet_Moeras_BHM";"1677870";9;"2018-06-13";"2018-06-13"
"IV2019010407172748";"N2000meetnet_Moeras_BHM";"1322614";1017;"2018-07-05";"2018-07-05"
"IV2019010407330134";"N2000meetnet_Moeras_BHM";"1322614";9;"2018-07-05";"2018-07-05"
"IV2019010408021541";"N2000meetnet_Moeras_BHM";"1927030";1017;"2018-07-05";"2018-07-05"
"IV2019010408132142";"N2000meetnet_Moeras_BHM";"1927030";9;"2018-07-05";"2018-07-05"
"IV2019010911142819";"N2000meetnet_Moeras_BHM";"1829622";1017;"2018-05-15";"2018-05-15"
"IV2019010911305760";"N2000meetnet_Moeras_BHM";"1829622";9;"2018-05-15";"2018-05-15"
"IV2019013112081884";"N2000meetnet_Moeras_BHM";"1761206";1017;"2018-07-05";"2018-07-05"
"IV2019020110485762";"N2000meetnet_Moeras_BHM";"1761206";9;"2018-07-05";"2018-07-05"
"IV2019020111131657";"N2000meetnet_Moeras_BHM";"1913782";1017;"2018-07-10";"2018-07-10"
"IV2019020119240586";"N2000meetnet_Moeras_BHM";"1913782";9;"2018-07-10";"2018-07-10"
"IV2019020120070464";"N2000meetnet_Moeras_BHM";"1258422";1017;"2018-07-10";"2018-07-10"
"IV2019020120260519";"N2000meetnet_Moeras_BHM";"1258422";9;"2018-07-10";"2018-07-10"
"IV2019020415303598";"N2000meetnet_Moeras_BHM";"1766326";1017;"2018-07-12";"2018-07-12"
"IV2019020508032046";"N2000meetnet_Moeras_BHM";"1766326";9;"2018-07-12";"2018-07-12"
"IV2019020509150134";"N2000meetnet_Moeras_BHM";"1839666";1017;"2018-06-07";"2018-06-07"
"IV2019020510153108";"N2000meetnet_Moeras_BHM";"1839666";9;"2018-06-07";"2018-06-07"
"IV2019020510392459";"N2000meetnet_Moeras_BHM";"107830";1017;"2018-05-30";"2018-05-30"
"IV2019020510571326";"N2000meetnet_Moeras_BHM";"107830";9;"2018-05-30";"2018-05-30"
"IV2019020512391292";"N2000meetnet_Moeras_BHM";"1512886";1017;"2018-05-30";"2018-05-30"
"IV2019020512553396";"N2000meetnet_Moeras_BHM";"1512886";9;"2018-05-30";"2018-05-30"
"IV2020020718203772";"N2000meetnet_Moeras_BHM";"2318966";1017;"2019-11-14";"2019-11-14"
"IV2020021210331572";"N2000meetnet_Moeras_BHM";"2318966";9;"2019-11-14";"2019-11-14"
"IV2020021210415831";"N2000meetnet_Moeras_BHM";"2056822";1017;"2019-11-14";"2019-11-14"
"IV2020021211170625";"N2000meetnet_Moeras_BHM";"2056822";9;"2019-11-14";"2019-11-14"
"IV2020021211314188";"N2000meetnet_Moeras_BHM";"2130550";1017;"2019-11-14";"2019-11-14"
"IV2020021211431471";"N2000meetnet_Moeras_BHM";"2130550";9;"2019-11-14";"2019-11-14"
"IV2020021212123304";"N2000meetnet_Moeras_BHM";"2136622";1017;"2019-08-01";"2019-08-01"
"IV2020021215272236";"N2000meetnet_Moeras_BHM";"2136622";9;"2019-08-01";"2019-08-01"
"IV2020021416312620";"N2000meetnet_Moeras_BHM";"2500918";1017;"2019-07-05";"2019-07-05"
"IV2020021416372690";"N2000meetnet_Moeras_BHM";"2500918";9;"2019-07-05";"2019-07-05"
"IV2020021915563894";"N2000meetnet_Moeras_BHM";"4370774";1017;"2019-07-05";"2019-07-05"
"IV2020021916032116";"N2000meetnet_Moeras_BHM";"4370774";9;"2019-07-05";"2019-07-05"
