polygon_id	measurement_date	type	user_reference	recording_givid	mhq_cycle
LIMHAS0462	16243	3130_aom	LI_MLV_004_3130a_14	IV2021110111053005	1
LIMHAS0541	16243	3130_aom	LI_MLV_003_3130a_14	IV2021110111420298	1
LIMHAS0541	16243	3130_na	LI_MLV_003_3130n_14	IV2021110112004579	1
VBRSZI0235	16251	3130_aom	VB_VIE_001_3130a_14	IV2021110118484771	1
VBRSZI0235	16251	3150	VB_VIE_001_3150_14	IV2021110118435628	1
VBRSZI0277	16251	3130_aom	VB_VIE_002_3130a_14	IV2021110118202844	1
VBRSZI0277	16251	3150	VB_VIE_002_3150_14	IV2021110118102324	1
LIMZNH0238	16286	3130_aom	LI_MLV_015_3130a_14	IV2021110116483324	1
LIMZNH0238	16286	3130_na	LI_MLV_015_3130n_14	IV2021110117063289	1
LIMLUM0401	16292	3130_aom	LI_GRD_001_3130a_14	IV2021102921453951	1
LIMLUM0401	16292	3150	LI_GRD_001_3150_14	IV2021102922080890	1
LIMZNH0333	16309	3130_aom	LI_TEU_002_3130a_14	IV2021110115180432	1
LIMZNH0333	16309	3160	LI_TEU_002_3160_14	IV2021110115274417	1
ANTMOL0036	16314	3150	AN_MOL_002_3150_14	IV2018102513452791	1
ANTMOL0164	16314	3130_na	AN_MOL_001_3130n_14	IV2018102513241287	1
ANTMOL0164	16314	3140	AN_MOL_001_3140_14	IV2018102513330797	1
ANTMOL0164	16314	3150	AN_MOL_001_3150_14	IV2018102513371536	1
ANTHST0507	16318	3130_aom	AN_LAN_006_3130a_14	IV2021110117385166	1
ANTWIL0020	16321	3140	AN_HAZ_001_3140_14	IV2018102513502132	1
LIMZNH0431	16328	3130_na	LI_MLV_006_3130n_14	IV2021110114014007	1
WVLJAB0174	16356	3130_aom	WV_VLO_002_3130a_14	IV2021102612232857	1
ANTMOL0720	16357	3130_aom	AN_RPT_001_3130a_14	IV2021102611131279	1
ANTTUR0301	16584	3130_aom	AN_TVG_001_3130a_15	IV2021102614264540	1
ANTTUR0301	16584	3160	AN_TVG_001_3160_15	IV2021102614322566	1
ANTKAS0616	16610	3160	AN_SNE_001_3160_15	IV2021102610593198	1
LIMDST0108	16611	3110	LI_HEU_001_3110_15	IV2021103012361554	1
LIMDST0108	16611	3130_aom	LI_HEU_001_3130a_15	IV2021103012044059	1
LIMDST0108	16611	3160	LI_HEU_001_3160_15	IV2021103012423456	1
VBRSZI0297	16668	3130_aom	VB_VIE_004_3130a_15	IV2021110113293506	1
VBRSZI0297	16668	3150	VB_VIE_004_3150_15	IV2021051810591425	1
ANTKAS0431	16716	3150	AN_TIE_004_3150_15	IV2021102611231547	1
ANTTUR0142	16716	3150	AN_DUI_001_3150_15	IV2019103117565176	1
VBRKAM0120	16943	3140	VB_LAB_001_2016	IV2021012910232660	1
LIMHHE0112	16982	3130_aom	LI_KEL_001_3130a_16	IV2021102614135135	1
LIMHHE0112	16982	3160	LI_KEL_001_3160_16	IV2021102614201906	1
LIMGNK0177	17001	3130_aom	LI_WIK_006_3130a_16	IV2021102612312292	1
LIMGNK0095	17004	3130_aom	LI_WIK_003_3130a_16	IV2021102612572538	1
LIMGNK0095	17004	3130_na	LI_WIK_003_3130n_16	IV2021102612463047	1
LIMGNK0095	17004	3150	LI_WIK_003_3015_16	IV2021102612523570	1
LIMGNK0372	17007	3130_aom	LI_WIK_002_3130a_16	IV2017120708015628	1
LIMGNK0035	17009	3140	LI_MAT_007_3140_16	IV2017042510131430	1
LIMGNK0035	17009	3150	LI_MAT_007_3150_16	IV2017042510052573	1
LIMGNK0396	17010	3130_na	LI_MAT_001_3130n_16	IV2017032009592467	1
LIMGNK0089	17017	3130_aom	LI_WIK_005_3130a_16	IV2017062909012541	1
ANTRIJ0006	17036	3130_na	AN_DVH_004_3130n_16	IV2017042509585340	1
ANTRIJ0006	17036	3140	AN_DVH_004_3140_16	IV2017042509542011	1
ANTTUR0065	17038	3130_aom	AN_TVG_003_3130a_16	IV2017042509124286	1
ANTTUR0065	17038	3130_na	AN_TVG_003_3130n_16	IV2017042509274762	1
LIMMSM0197	17039	3160	LI_MEC_001_3160_16	IV2017042509374052	1
LIMMSM0198	17039	3160	LI_MEC_002_3160_16	IV2017042509472815	1
WVLOSK0059	17039	3130_aom	WV_ZGV_001_3130a_16	IV2019042409415834	1
LIMGNK0119	17043	3130_na	LI_MAT_004_3130n_16	IV2017042513300849	1
LIMGNK0062	17044	3150	LI_MAT_003_3150_16	IV2017032009171774	1
LIMGNK0182	17044	3130_aom	LI_MAT_002_3130a_16	IV2017032810082114	1
LIMGNK0182	17044	3130_na	LI_MAT_002_3130n_16	IV2017032809570000	1
LIMGNK0182	17044	3140	LI_MAT_002_3140_16	IV2017032809493991	1
ANTOTH0270	17052	3160	AN_LDL_003_3160_16	IV2017040410453770	1
ANTOTH0271	17052	3160	AN_LDL_001_3160_16	IV2017040410373172	1
LIMGNK0040	17052	3130_na	LI_BOK_008_3130n_16	IV2018082014440693	1
LIMGNK0144	17052	3130_na	LI_WIK_007_3130n_16	IV2018082109180907	1
ANTMOL0088	17053	3130_aom	AN_RPT_002_3130a_16	IV2017032810490646	1
ANTMOL0088	17053	3130_na	AN_RPT_002_3130n_16	IV2017032810361983	1
ANTKAS0349	17056	3130_aom	AN_TIK_002_3130a_16	IV2017040310093041	1
LIMHAS0482	17057	3130_aom	LI_BOK_006_3130a_16	IV2018082108175259	1
LIMHAS0482	17057	3130_na	LI_BOK_006_3130n_16	IV2018082107552331	1
LIMGNK0050	17058	3130_na	LI_MAT_009_3130n_16	IV2017040309190179	1
WVLBRN0148	17058	3130_aom	WV_BUL_002_3130a_16	IV2019042409264442	1
WVLOSK0532	17058	3150	WV_LEI_001_3150_16	IV2019042409550003	1
ANTMOL0716	17059	3130_aom	AN_DES_004_3130a_16	IV2017042511154407	1
ANTMOL0716	17059	3160	AN_DES_004_3160_16	IV2017042511431890	1
ANTOTH0306	17059	3130_aom	AN_LDL_002_3130a_16	IV2017040410525894	1
LIMGNK0397	17060	3130_aom	LI_BOK_004_3130a_16	IV2017072509005921	1
LIMGNK0397	17060	3130_na	LI_BOK_004_3130n_16	IV2017072508474428	1
ANTHGS0496	17064	3130_na	AN_VVM_001_3130n_16	IV2018082108515790	1
ANTKAL0004	17064	3160	AN_KAL_003_3160_16	IV2017040309253000	1
LIMGNK0040	17064	3130_aom	LI_BOK_008_3130a_16	IV2018082015012770	1
LIMGNK0060	17064	3130_aom	LI_BOK_007_3130a_17	IV2017121312021093	1
LIMGNK0060	17064	3130_na	LI_BOK_007_3130n_17	IV2017121311494712	1
ANTBSE0227	17065	3130_aom	AN_BEE_002_3130a_16	IV2017040309554429	1
ANTRIJ0072	17065	3130_na	AN_DVH_003_3130n_16	IV2017040309413235	1
LIMHAS0514	17065	3130_aom	LI_MLV_026_3130a_16	IV2018030111095449	1
LIMDPB0315	17066	3150	LI_LAN_008_3150_16	IV2017032810192681	1
LIMBRG0199	17070	3160	LI_VZB_008_3160_16	IV2017042511032923	1
ANTMOL0607	17071	3130_aom	AN_VOL_001_3130a_16	IV2017040310252958	1
LIMZNH0231	17071	3130_na	LI_SBB_004_3130n_16	IV2018082014281713	1
ANTHTS0151	17072	3130_aom	AN_SNE_003_3130a_16	IV2017042510593494	1
ANTHTS0151	17072	3160	AN_SNE_003_3160_16	IV2017042510565778	1
LIMOPG0009	17073	3160	LI_OPH_006_3160_16	IV2018030115153464	1
ANTBCT0404	17074	3130_na	AN_GSV_002_3130n_16	IV2017042511540583	1
ANTKAS0467	17079	3130_aom	AN_TIE_3130a_16	IV2021102611424540	1
ANTKAS0467	17079	3160	AN_TIE_003_3160_16	IV2021102611333955	1
ANTLIL0547	17087	3130_aom	AN_LIL_001_3130a_16	IV2017032010493372	1
ANTMOL0555	17087	3130_aom	AN_MOL_003_3130a_16	IV2017032011335845	1
ANTMOL0555	17087	3140	AN_MOL_003_3140_16	IV2017032011233563	1
ANTMOL0555	17087	3160	AN_MOL_003_3160_16	IV2017032011441776	1
LIMOVP0094	17087	3160	LI_PIJ_001_3160_16	IV2018030109245054	1
ANTLIL0362	17088	3130_aom	AN_KDN_002_3130a_16	IV2017030215512887	1
ANTLIL0362	17088	3140	AN_KDN_002_3140_16	IV2017030216035187	1
ANTLIL0528	17088	3130_aom	AN_KDN_001_3130a_16	IV2018030109342549	1
ANTKAS0030	17092	3130_aom	AN_SNE_004_3130a_16	IV2017030812063258	1
ANTKAS0030	17092	3160	AN_SNE_004_3160_16	IV2017030812170830	1
ANTBSE0314	17094	3130_aom	AN_BEE_001_3130a_16	IV2017032010360108	1
ANTBSE0314	17094	3130_na	AN_BEE_001_3130n_16	IV2017032010205954	1
ANTOTH0015	17094	3130_aom	AN_TUR_001_3130a_16	IV2017032010113891	1
ANTTUR0082	17094	3130_aom	AN_TVG_004_3130a_16	IV2017032011501490	1
LIMZNH0437	17094	3160	LI_TEU_005_3160_16	IV2018082012413631	1
ANTHGS0465	17095	3160	AN_VVM_002_3160_16	IV2017032011215641	1
LIMOPG0020	17108	3160	LI_OPH_005_3160_16	IV2017032009392259	1
ANTKAL0019	17109	3160	AN_KAL_007_3160_16	IV2017032009323636	1
OVLMOE0016	17335	3150	OV_TUM_001_3150_17	IV2021012709473267	1
ANTLIL0243	17340	3130_aom	AN_KDN_003_3130a_17	IV2018030607421066	1
ANTLIL0243	17340	3140	AN_KDN_003_3140_17	IV2018030607315791	1
LIMTON0189	17344	3140	LI_DKV_002_3140_17	IV2017120813404463	1
ANTGEE0305	17346	3150	AN_SEL_002_3150_17	IV2017120808142110	1
ANTMEE0180	17346	3130_aom	AN_SPB_001_3130a_17	IV2018102912480864	1
LIMTES0026	17347	3160	LI_ABH_011_3160_17	IV2018022807152484	1
VBRSZI0297	17354	3130_aom	VB_VIE_004_3130a_17	IV2017120808375733	1
VBRSZI0297	17354	3150	VB_VIE_004_3150_17	IV2017120808302127	1
ANTBSE0334	17361	3130_aom	AN_BLA_001_3130a_17	IV2017120807491938	1
ANTBSE0334	17361	3130_na	AN_BLA_001_3130n_17	IV2017120807593495	1
OVLSIN0269	17361	3140	OV_FON_002_3140_17	IV2018091413035960	1
ANTGEE0126	17364	3130_aom	AN_ZEG_004_3130a_18	IV2018090514203660	1
LIMZNH0231	17367	3130_aom	LI_SBB_004_3130a_17	IV2018120611280232	1
LIMZNH0231	17367	3130_na	LI_SBB_004_3130n_17	IV2018120611315406	1
OVLSIN0011	17367	3150	OV_FON_001_3150_17	IV2017121415063194	1
ANTMOL0568	17373	3130_aom	AN_RPT_003_3130a_17	IV2017120707423829	1
ANTMOL0568	17373	3130_na	AN_RPT_003_3130n_17	IV2017120707501887	1
WVLNWP0032	17376	2190_a	WV_LEP_007_2190a_17	IV2024051512040022	1
LIMHAS0103	17379	3150	LI_TOM_001_3150_17	IV2018030208224229	1
ANTGEE0046	17380	3150	AN_ZAM_003_3150_17	IV2018020909033210	1
ANTGEE0069	17380	3150	AN_ZAM_002_3150_17	IV2017121415181838	1
LIMMSK0425	17381	3130_aom	LI_DBR_002_3130a_17	IV2018120611103928	1
OVLSTK0295	17382	3130_aom	OV_STB_002_3130a_17	IV2018022807290902	1
OVLSTK0295	17382	3140	OV_STB_002_3140_17	IV2018022807471313	1
LIMHEC0120	17386	3130_aom	LI_PIJ_002_3130a_17	IV2018083008425607	1
LIMHEC0120	17386	3160	LI_PIJ_002_3160_17	IV2018083009021339	1
WVLOSK0526	17387	3150	WV_LEI_003_3150_17	IV2018082109012829	1
LIMMSM0036	17389	3130_aom	LI_VOB_001_3130a_17	IV2018120610203136	1
LIMMSM0036	17389	3160	LI_VOB_001_3160_17	IV2018120610423940	1
VBRARS0043	17394	3150	VB_VOR_002_3150_17	IV2018030107523816	1
VBRARS0364	17394	3150	VB_VOR_003_3150_17	IV2018030108093775	1
VBRHOL0202	17394	3150	VB_KBL_001_3150_17	IV2018030108203323	1
ANTBCT0252	17396	3140	AN_GSV_004_3140_17	IV2017120813445226	1
ANTBCT0252	17396	3150	AN_GSV_004_3150_17	IV2017120813484970	1
ANTBCT0458	17396	3130_aom	AN_GSV_003_3130a_17	IV2018020909145948	1
ANTNIJ0045	17399	3150	AN_STB_001_3150_17	IV2018082012290419	1
VBRSZI0213	17401	3150	VB_VIE_005_3150_17	IV2018102912582617	1
VBRSZI0315	17401	3150	VB_VIE_006_3150_17	IV2018102913022668	1
ANTGEE0193	17402	3150	AN_ZEG_003_3150_17	IV2018030208294109	1
ANTGEE0107	17403	3150	AN_ZEG_002_3150_17	IV2018090609212270	1
LIMZNH0318	17406	3130_aom	LI_TEU_004_3130a_17	IV2017120708120471	1
LIMZNH0318	17406	3160	LI_TEU_004_3160_17	IV2017120708235225	1
LIMZNH0437	17406	3130_aom	LI_TEU_005_3130a_17	IV2018082012595751	1
LIMZNH0437	17406	3160	LI_TEU_005_3160_17	IV2018082008201439	1
ANTGEE0107	17409	3130_na	AN_ZEG_002_3130n_17	IV2018090609025511	1
ANTBCT0544	17410	3130_na	AN_RVS_002_3130n_17	IV2017121311203577	1
ANTARE0309	17415	3130_na	AN_GRD_003_3130n_17	IV2018020911440914	1
ANTARE0309	17415	3140	AN_GRD_003_3140_17	IV2018020911503453	1
ANTMOL0546	17415	3130_aom	AN_BGO_002_3130a_17	IV2018020909312908	1
ANTMOL0546	17415	3130_na	AN_BGO_002_3130n_17	IV2018020909370337	1
ANTMOL0546	17415	3140	AN_BGO_002_3140_17	IV2018020909501549	1
ANTMOL0546	17415	3160	AN_BGO_002_3160_17	IV2018020910124046	1
ANTMOL0576	17415	3130_aom	AN_BGO_001_3130a_17	IV2018020910244945	1
ANTMOL0576	17415	3130_na	AN_BGO_001_3130n_17	IV2018020910314240	1
ANTMOL0576	17415	3150	AN_BGO_001_3150_17	IV2018020910422627	1
LIMNEE0254	17420	3130_aom	LI_KOL_001_3130a_17	IV2018120610032739	1
ANTTUR0207	17422	3130_aom	AN_MEL_001_3130a_17	IV2018110808573020	1
ANTTUR0207	17422	3130_na	AN_MEL_001_3130n_17	IV2018110812564810	1
ANTTUR0207	17422	3140	AN_MEL_001_3140_17	IV2018110813004302	1
ANTRIJ0053	17423	3130_na	AN_DVH_007_3130n_17	IV2018031611034923	1
ANTARE0025	17424	3130_aom	AN_RAV_002_3130a_17	IV2018022808000208	1
ANTRAV0230	17424	3130_aom	AN_KVD_003_3130a_17	IV2018020911594119	1
ANTRAV0230	17424	3160	AN_KVD_003_3160_17	IV2018020912063019	1
LIMGNK0384	17424	3130_na	LI_MAT_013_3130n_17	IV2018120609394889	1
LIMBIL0336	17427	3130_na	LI_MUN_002_3130n_17	IV2017121311445717	1
LIMHHE0322	17427	3160	LI_THD_002_3160_17	IV2018120609235071	1
LIMHHE0315	17428	3130_aom	LI_THD_003_3130a_17	IV2018120608511578	1
LIMMSK0113	17428	3130_aom	LI_BBV_002_3130a_17	IV2018120609024241	1
LIMZUT0080	17428	3130_aom	LI_ZUT_001_3130a_17	IV2018031612111040	1
LIMZUT0080	17428	3140	LI_ZUT_001_3140_17	IV2018031612035132	1
LIMHAS0514	17430	3130_na	LI_MLV_026_3130n_16	IV2018030111155389	1
ANTBAL0715	17431	3130_aom	AN_BAS_003_3130a_17	IV2018120608354839	1
LIMHEC0201	17431	3150	LI_DOM_002_3150_17	IV2018120608194378	1
LIMMGR0262	17431	3160	LI_DON_003_3160_17	IV2017120618361898	1
LIMMGR0376	17431	3130_aom	LI_DON_002_3130a_17	IV2017120707274258	1
LIMMGR0376	17431	3160	LI_DON_002_3160_17	IV2017120618385593	1
ANTRAV0052	17437	3130_aom	AN_BOG_001_3130a_17	IV2017121311300313	1
ANTRAV0052	17437	3130_na	AN_BOG_001_3130n_17	IV2017121311393451	1
ANTBAA0036	17438	3130_aom	AN_MOE_001_3130a_17	IV2018022809230402	1
ANTBAA0036	17438	3140	AN_MOE_001_3140_17	IV2018022809172113	1
ANTBCT0464	17438	3160	AN_GSV_005_3160_17	IV2018031512094752	1
LIMHAS0281	17441	3130_aom	LI_TOM_002_3130a_17	IV2018022808440555	1
LIMHAS0281	17441	3150	LI_TOM_002_3150_17	IV2018022808380131	1
VBRDIE0330	17441	3150	VB_VDB_001_3150_17	IV2018022808530677	1
LIMASS2024	17443	3160	LI_HEU_003_3160_17	IV2018102912371643	1
WVLOSK0053	17443	3150	WV_KPV_001_3150_17	IV2018091311180061	1
WVLRUI0009	17443	3130_aom	WV_GUP_001_3130a_18	IV2018090510080311	1
WVLWIN0255	17443	3130_aom	WV_GUP_002_3130a_17	IV2018090510175155	1
WVLWIN0255	17443	3130_na	WV_GUP_002_3130n_17	IV2018090510164322	1
ANTKAS0463	17444	3130_aom	AN_TIE_002_3130a_17	IV2018022808561819	1
ANTKAS0463	17444	3160	AN_TIE_002_3160_17	IV2018022809110643	1
ANTKAL0269	17445	3160	AN_KSV_005_3160_17	IV2018022808192220	1
ANTBAL0595	17448	3150	AN_BAS_001_3150_17	IV2018082010271159	1
ANTKAL0247	17449	3160	AN_KSV_004_3160_17	IV2018022808283147	1
WVLDAM0090	17449	3150	WV_DAM_001_3150_17	IV2018082011540115	1
LIMHAS0849	17451	3130_na	LI_MLV_010_3130n_17	IV2017120814135316	1
LIMHHE0375	17457	3160	LI_VZB_001_3160_17	IV2018022811445956	1
WVLBRN0392	17457	3130_aom	WV_BBV_001_3130a_17	IV2018030110052976	1
WVLBRN0422	17457	3130_aom	WV_BBV_002_3130a_17	IV2018030110125920	1
WVLBRN0422	17457	3130_na	WV_BBV_002_3130n_17	IV2018030110195394	1
WVLOSK0273	17457	3130_aom	WV_BBV_003_3130a_17	IV2018030110233140	1
LIMZNH0477	17459	3130_aom	LI_MLV_016_3130a_17	IV2017120807201262	1
LIMZNH0477	17459	3130_na	LI_MLV_016_3130n_17	IV2017120807160378	1
LIMZNH0477	17459	3140	LI_MLV_016_3140_17	IV2017120807095988	1
WVLBRN0148	17459	3130_aom	WV_BUL_002_3130a_17	IV2018030109571495	1
ANTKAL0387	17466	3160	AN_KAL_006_3160_17	IV2018022811012850	1
LIMTON0188	17675	3140	LI_DKV_001_3140_18	IV2025100109075626	1
LIMTON0189	17675	3140	LI_DKV_002_3140_18	IV2019111914245464	1
OVLBVN0466	17675	3140	OV_LIO_001_3140_18	IV2025011010231480	1
OVLBVN0467	17675	3140	OV_LIO_002_3140_18	IV2024121811134796	1
ANTRAV0369	17686	3130_aom	AN_RAV_003_3130a_18	IV2018082110485943	1
LIMLOM0234	17687	3130_aom	LI_HAG_004_3130a_18	IV2018101613004118	1
LIMLOM0234	17687	3130_na	LI_HAG_004_3130n_18	IV2018101612554328	1
LIMLOM0239	17687	3130_aom	LI_HAG_002_3130a_18	IV2018082215075182	1
ANTMEC0257	17688	3150	AN_MEC_002_3150_18	IV2018082814440090	1
ANTOLE0052	17700	3130_aom	AN_OLB_002_3130a_18	IV2018083010065136	1
ANTHGS0622	17703	3130_aom	AN_VVM_003_3130a_18	IV2018082308241033	1
VBRDIE0443	17704	3130_aom	VB_ASD_001_3130a_18	IV2018082311251393	1
LIMNEE0011	17707	3160	LI_HAG_001_3160_18	IV2018082315010378	1
LIMNEE0213	17707	3160	LI_HAG_003_3160_18	IV2018082909343381	1
LIMHHE0001	17710	3160	LI_VZB_002_3160_18	IV2018082409480563	1
LIMHHE0008	17710	3130_aom	LI_VZB_005_3130a_18	IV2018082412023259	1
LIMHHE0008	17710	3160	LI_VZB_005_3160_18	IV2018082412304466	1
LIMHHE0005	17711	3160	LI_VZB_007_3160_18	IV2018082408132366	1
WVLMID0136	17718	2190_a	WV_WAD_004_2190a_18	IV2024051511300735	1
WVLMID0204	17718	2190_a	WV_WAD_002_2190a_18	IV2024051511362894	1
ANTTUR0296	17722	3110	AN_TVG_005_3110_18	IV2018082413550581	1
ANTTUR0296	17722	3130_aom	AN_TVG_005_3130a_18	IV2018082414191907	1
ANTTUR0296	17722	3130_na	AN_TVG_005_3130n_18	IV2018082414303701	1
ANTTUR0296	17722	3160	AN_TVG_005_3160_18	IV2019120515503067	1
WVLKNO0061	17722	2190_a	WV_ZWI_133_2190a_18	IV2024050816231992	1
ANTTUR0304	17725	3110	AN_TVG_002_3110_18	IV2018082708404936	1
ANTTUR0304	17725	3130_aom	AN_TVG_002_3130a_18	IV2018082708514386	1
ANTTUR0304	17725	3130_na	AN_TVG_002_3130n_18	IV2018082708265940	1
OVLDSB0184	17728	3150	OV_DAM_001_3150_18	IV2018090514382356	1
LIMLOM0030	17729	3130_aom	LI_LOM_001_3130a_18	IV2018082712222671	1
ANTBAL0559	17730	3160	AN_MOS_002_3160_18	IV2018083009213994	1
ANTMOL0353	17730	3130_na	AN_VOL_002_3130n_18	IV2018082908092463	1
LIMHHE0002	17731	3130_aom	LI_VZB_003_3130a_18	IV2018082808303101	1
LIMHHE0002	17731	3160	LI_VZB_003_3160_18	IV2018082808454134	1
WVLDEP0075	17731	2190_a	WV_HOS_001_2190a_18	IV2024051512200819	1
ANTMOL0089	17732	3140	AN_RPT_005_3140_18	IV2018082714551969	1
ANTMOL0089	17732	3150	AN_RPT_005_3150_18	IV2018082714371371	1
WVLDEP0097	17732	2190_a	WV_CAB_023_2190a_18	IV2024050616130872	1
ANTWUU0153	17737	3130_aom	AN_E10_002_3130a_18	IV2018101514360810	1
ANTWUU0153	17737	3150	AN_E10_002_3150_18	IV2018101514410150	1
ANTRIJ0041	17738	3130_aom	AN_DVH_005_3130a_18	IV2018101611385572	1
ANTRIJ0041	17738	3130_na	AN_DVH_005_3130n_18	IV2018101611434662	1
LIMGNK0156	17744	3130_aom	LI_WIK_008_3130a_18	IV2018083009353126	1
LIMKIN0100	17744	3130_na	LI_MOB_001_3130n_18	IV2018090412381639	1
LIMKIN0192	17744	3130_aom	LI_BAT_001_3130a_18	IV2018090508595162	1
LIMKIN0192	17744	3160	LI_BAT_001_3160_18	IV2018090509082763	1
LIMMSK0030	17745	3130_aom	LI_BER_004_3130a_18	IV2018090510275856	1
LIMMSK0341	17745	3130_na	LI_SCH_001_3130n_18	IV2018090509480277	1
LIMBIL0097	17746	3130_aom	LI_HOE_001_3130a_18	IV2018090608472872	1
WVLDEP0012	17746	2190_a	WV_CAB_010_2190a_18	IV2024050616240042	1
OVLBLE0193	17751	3150	OV_DON_003_3150_18	IV2018090412483372	1
LIMHAS0544	17757	3130_na	LI_MLV_002_3130n_18	IV2018090613583635	1
LIMLNK0086	17759	3130_na	LI_SLU_001_3130n_18	IV2018082911514477	1
LIMLNK0105	17759	3130_na	LI_JUF_001_3130n_18	IV2018091310241016	1
VBRKRB0004	17765	3150	VB_KOR_001_3150_18	IV2018091112013619	1
LIMZNH0225	17766	3130_na	LI_MLV_014_3130n_18	IV2018091011515161	1
ANTHTS0090	17767	3130_aom	AN_ENK_002_3130a_18	IV2018091014594933	1
ANTHTS0090	17767	3160	AN_ENK_002_3160_18	IV2018091015012343	1
ANTHTS0097	17767	3160	AN_ENK_001_3160_18	IV2018091107504655	1
LIMHAS0672	17773	3130_na	LI_MLV_011_3130n_18	IV2018091108383153	1
WVLKOK0001	17774	2190_a	WV_TYD_007_2190a_18	IV2024051511460138	1
WVLNWP0009	17774	2190_a	WV_LEP_003_2190a_18	IV2024051512100419	1
OVLALT0332	17780	3130_aom	OV_KRA_002_3130a_18	IV2021110215074297	1
OVLALT0332	17780	3130_na	OV_KRA_002_3130n_18	IV2021110214580344	1
WVLNWP0026	17785	2190_a	WV_IJZ_002_2190a_18	IV2024051512152620	1
ANTKAS0008	17788	3130_aom	AN_SNE_006_3130a_18	IV2018101613254663	1
ANTKAS0501	17791	3130_aom	AN_SNE_008_3130a_18	IV2018101613064311	1
LIMGNK0064	17792	3150	LI_BOK_001_3150_18	IV2018101515184939	1
LIMGNK0147	17792	3130_na	LI_BOK_003_3130n_18	IV2018101612451289	1
LIMHHE0322	17792	3130_aom	LI_THD_002_3130a_17	IV2018120609152559	1
ANTBRS0068	17794	3130_aom	AN_E10_001_3130a_18	IV2018101612012319	1
ANTBRS0068	17794	3130_na	AN_E10_001_3130n_18	IV2018101612080606	1
ANTBRS0068	17794	3140	AN_E10_001_3140_18	IV2018101612141219	1
ANTARE0200	17795	3130_aom	AN_ARE_001_3130a_18	IV2018101005532264	1
ANTARE0200	17795	3130_na	AN_ARE_001_3130n_18	IV2018101006000237	1
ANTMEE0178	17798	3130_aom	AN_SPB_002_3130a_18	IV2018101722034851	1
LIMHEE0063	17798	3150	LI_EGO_001_3150_18	IV2018101721571240	1
VBRARS0052	17798	3130_aom	VB_VOR_005_3130a_18	IV2018101515285131	1
VBRARS0052	17798	3150	VB_VOR_005_3150_18	IV2018101515220639	1
VBRZOU0046	17798	3150	VB_VIN_002_3150_18	IV2018101719542365	1
ANTESS0009	17799	3130_aom	AN_DEB_001_3130a_18	IV2018101613204036	1
ANTKAL0235	17799	3160	AN_KSV_001_3160_18	IV2018101206332344	1
ANTBSE0165	17801	3130_na	AN_GKH_001_3130n_18	IV2018101514471402	1
ANTLIL0415	17802	3130_aom	AN_GIE_001_3130a_18	IV2018101514513628	1
ANTLIL0415	17802	3130_na	AN_GIE_001_3130n_18	IV2018101514541455	1
LIMGNK0127	17805	3130_na	LI_BOK_002_3130n_18	IV2018101612410860	1
ANTMAL0136	17807	3130_na	AN_DVH_001_3130n_18	IV2018101611291989	1
OVLALT0344	17807	3130_aom	OV_KRA_001_3130a_18	IV2018101722193842	1
OVLALT0344	17807	3130_na	OV_KRA_001_3130n_18	IV2018101722342586	1
LIMMSK0007	17809	3130_aom	LI_BER_001_3130a_18	IV2018101206401783	1
LIMMSK0007	17809	3130_na	LI_BER_001_3130n_18	IV2018101206470581	1
LIMLOM0467	17816	3130_na	LI_SAH_001_3130n_18	IV2019110513593676	1
LIMMSK0134	17821	3130_na	LI_BER_003_3130n_18	IV2018101715281848	1
LIMMSK0134	17821	3140	LI_BER_003_3140_18	IV2018101715313167	1
LIMDPB0158	17822	3130_na	LI_MAT_012_3130n_18	IV2018102607035926	1
LIMGNK0055	17823	3130_na	LI_MAT_011_3130n_18	IV2018102606574456	1
LIMGNK0081	17946	3130_na	LI_MAT_016_3130n_19	IV2019082913452312	1
LIMLNK0245	18032	3130_aom	LI_ASP_002_3130a_19	IV2019110513274182	1
WVLKNO0019	18033	2190_a	WV_ZWI_012_2190a_19	IV2023082111375865	1
WVLKNO0275	18033	2190_a	WV_ZWI_158_2190a_19	IV2023082111315025	1
WVLKNO0280	18033	2190_a	WV_ZWI_162_2190a_19	IV2023082111404847	1
WVLKNO0283	18033	2190_a	WV_ZWI_124_2190a_19	IV2023082111351535	1
ANTBRS0179	18037	3130_aom	AN_KSV_006_3130a_19	IV2019103119582918	1
ANTKAS0474	18038	3130_aom	AN_TIE_007_3130a_19	IV2019112914463370	1
LIMZNH0374	18039	3160	LI_TEU_007_3160_19	IV2019110514561774	1
ANTHGS0569	18040	3130_aom	AN_VVM_006_3130a_19	IV2019110510174735	1
OVLBLE0248	18044	3150	OV_DON_002_3150_19	IV2019110515295694	1
ANTKAS0268	18045	3130_aom	AN_TIE_006_3130a_19	IV2019110510064438	1
WVLKNO0028	18053	2190_a	WV_ZWI_043_2190a_19	IV2023082111263515	1
WVLKNO0039	18053	2190_a	WV_ZWI_011_2190a_19	IV2023082111240183	1
WVLKNO0380	18053	2190_a	WV_ZWI_120_2190a_19	IV2023082111281651	1
WVLKOK0010	18053	2190_a	WV_TYD_009_2190a_19	IV2023081816320188	1
WVLKOK0017	18053	2190_a	WV_NOD_016_2190a_19	IV2023081816401613	1
ANTKAL0288	18058	3160	AN_NOL_003_3160_19	IV2019110508420118	1
WVLDEP0058	18058	2190_a	WV_WES_003_2190a_19	IV2023081816283203	1
WVLDEP0061	18058	2190_a	WV_WES_012_2190a_19	IV2023081815500319	1
WVLDEP0065	18058	2190_a	WV_WES_007_2190a_19	IV2023081815530780	1
WVLDEP0067	18058	2190_a	WV_WES_006_2190a_19	IV2023081815562573	1
LIMBRG0182	18059	3160	LI_VZB_006_3160_19	IV2019110515255900	1
LIMZNH0206	18061	3130_na	LI_MLV_022_3130n_19	IV2019110513521363	1
WVLKNO0022	18061	2190_a	WV_ZWI_006_2190a_19	IV2023081816341823	1
WVLKNO0025	18061	2190_a	WV_ZWI_045_2190a_19	IV2024050817072878	1
LIMHLN0163	18064	3150	LI_HAL_003_3150_19	IV2019110513325514	1
ANTLIL0293	18066	3130_aom	AN_LIL_002_3130a_19	IV2019110508240678	1
ANTBSE0132	18067	3130_aom	AN_LIL_004_3130a_19	IV2019110508292047	1
ANTBSE0132	18067	3140	AN_LIL_004_3140_19	IV2019110508334755	1
ANTLIL0303	18067	3130_aom	AN_KDN_005_3130a_19	IV2019103119474811	1
ANTLIL0303	18067	3140	AN_KDN_005_3140_19	IV2019103119511590	1
WVLBRD0077	18067	2190_a	WV_BRE_010_2190a_19	IV2023082110402271	1
WVLDEH0011	18067	2190_a	WV_BDH_006_2190a_19	IV2023082111064698	1
WVLDEH0012	18067	2190_a	WV_BDH_002_2190a_19	IV2023082110410535	1
ANTBCT0028	18068	3160	AN_GSV_007_3160_19	IV2019103119372507	1
LIMMSM0167	18071	3130_aom	LI_VOB_002_3130a_19	IV2019110515035863	1
LIMMSM0167	18071	3160	LI_VOB_002_3160_19	IV2019110515092969	1
LIMHEC0578	18072	3160	LI_VZB_004_3160_19	IV2019110515122209	1
LIMZNH0563	18074	3130_aom	LI_TEU_006_3130a_19	IV2019110514294765	1
LIMZNH0563	18074	3140	LI_TEU_006_3140_19	IV2019110514345308	1
WVLKNO0003	18074	2190_a	WV_ZWI_129_2190a_19	IV2023081815465340	1
WVLKNO0065	18074	2190_a	WV_ZWI_008_2190a_19	IV2023081815325618	1
WVLKNO0388	18074	2190_a	WV_ZWI_157_2190a_19	IV2023081815360660	1
LIMZNH0338	18075	3110	LI_TEU_003_3110_19	IV2019110514072203	1
LIMZNH0338	18075	3160	LI_TEU_003_3160_19	IV2019110514235553	1
WVLDEP0073	18075	2190_a	WV_WES_018_2190a_19	IV2023081815420604	1
ANTBAA0044	18078	3130_na	AN_VVM_005_3130n_19	IV2019110510125707	1
ANTRAV0293	18078	3130_aom	AN_KVD_002_3130a_19	IV2019110508094879	1
ANTRAV0296	18078	3130_aom	AN_RAV_004_3130a_19	IV2019110508522557	1
ANTRAV0296	18078	3160	AN_RAV_004_3160_19	IV2019110509594859	1
WVLMID0089	18078	2190_a	WV_SBE_004_2190a_19	IV2023081716035635	1
WVLMID0135	18078	2190_a	WV_SBE_001_2190a_19	IV2023081815264900	1
LIMLNK0018	18079	3150	LI_MAA_002_3150_19	IV2019110513370240	1
LIMLNK0101	18079	3150	LI_MAA_003_3150_19	IV2019110513444368	1
WVLZNB0856	18079	3130_aom	WV_POB_001_3130a_19	IV2019111309075445	1
ANTHGS0010	18080	3130_aom	AN_ELS_002_3130a_19	IV2019103119325130	1
ANTHGS0029	18080	3130_aom	AN_ELS_001_3130a_19	IV2019103119284977	1
ANTHST0479	18080	3130_aom	AN_HGA_004_3130a_19	IV2019111308423568	1
ANTHUL0218	18080	3130_aom	AN_HGA_005_3130a_19	IV2019111308550924	1
ANTBAL0373	18081	3150	AN_BAV_001_3150_19	IV2019103118004579	1
ANTBAL0505	18081	3150	AN_BAV_002_3150_19	IV2019103119232102	1
WVLKNO0012	18081	2190_a	WV_ZWI_039_2190a_19	IV2023082111100001	1
WVLKNO0265	18081	2190_a	WV_ZWI_013_2190a_19	IV2023082111165074	1
WVLKNO0364	18081	2190_a	WV_ZWI_142_2190a_19	IV2023082111154811	1
VBRSZI0235	18082	3150	VB_VIE_001_3150_19	IV2019111308021358	1
VBRSZI0243	18082	3150	VB_VIE_007_3150_19	IV2019111308155779	1
VBRSZI0401	18082	3150	VB_VIE_003_3150_19	IV2019111308091798	1
VBRSZI0435	18085	3150	VB_VIE_008_3150_19	IV2019111308214272	1
ANTGEE0105	18099	3150	AN_ZEG_001_3150_19	IV2019111308261548	1
ANTGEE0854	18100	3130_aom	AN_NEE_001_3130a_19	IV2019102916124425	1
ANTKAS0515	18100	3130_na	AN_TIK_003_3130n_19	IV2019103117514907	1
ANTLIL0004	18100	3130_aom	AN_LIL_003_3130a_19	IV2019080912374366	1
ANTLIL0004	18100	3140	AN_LIL_003_3140_19	IV2019080912402364	1
LIMHAS0619	18106	3130_aom	LI_MLV_025_3130a_19	IV2019080913310713	1
LIMHAS0619	18106	3130_na	LI_MLV_025_3130n_19	IV2019080913355919	1
LIMHAS0619	18106	3140	LI_MLV_025_3140_19	IV2019080913390919	1
LIMZNH0036	18107	3130_na	LI_MLV_021_3130n_19	IV2019080913060672	1
LIMZNH0065	18107	3130_aom	LI_MLV_020_3130a_19	IV2019080913170487	1
LIMZNH0065	18107	3130_na	LI_MLV_020_3130n_19	IV2019080913204931	1
ANTMOL0152	18109	3130_aom	AN_DIE_001_3130a_19	IV2019080913483666	1
ANTMOL0152	18109	3130_na	AN_DIE_001_3130n_19	IV2019080913523810	1
ANTMOL0152	18109	3140	AN_DIE_001_3140_19	IV2019080913571562	1
ANTMOL0066	18113	3140	AN_MUI_003_3140_19	IV2019080912572674	1
LIMHAS0463	18114	3130_na	LI_MLV_029_3130n_19	IV2019080912525522	1
LIMZNH0432	18114	3130_na	LI_MLV_013_3130n_19	IV2019080912472073	1
ANTMAL0060	18115	3130_aom	AN_WZA_001_3130a_19	IV2019080910510887	1
ANTWUU0140	18117	3130_aom	AN_GSV_008_3130a_19	IV2019080914355110	1
LIMHEC0128	18120	3150	LI_EKS_001_3150_19	IV2019082909514203	1
LIMOVP0232	18120	3150	LI_DOM_001_3150_19	IV2019082909570134	1
ANTMEC0388	18121	3130_na	AN_MEC_001_3130n_19	IV2019102914251364	1
ANTMEC0388	18121	3140	AN_MEC_001_3140_19	IV2019102914171224	1
VBRKAM0021	18121	3140	VB_TOR_003_3140_19	IV2019082910082519	1
LIMGNK0180	18127	3130_na	LI_MAT_017_3130n_19	IV2019082913504693	1
LIMGNK0103	18128	3130_aom	LI_WIK_009_3130a_19	IV2019082910171726	1
LIMGNK0103	18128	3130_na	LI_WIK_009_3130n_19	IV2019082910244478	1
LIMHEC0537	18129	3130_aom	LI_BEG_002_3130a_19	IV2019082913333356	1
LIMGNK0118	18130	3130_na	LI_MAT_015_3130n_19	IV2019082913384667	1
LIMMSK0151	18138	3150	LI_DBR_001_3150_19	IV2019083014270835	1
ANTKAS0213	18142	3130_na	AN_TIE_005_3130n_19	IV2019111413153709	1
LIMGNK0025	18143	3150	LI_MAT_005_3150_19	IV2019102915495051	1
LIMHLN0068	18144	3150	LI_HAL_002_3150_19	IV2019102916072782	1
VBRDIE0220	18144	3150	VB_VDB_002_3150_19	IV2019102916032344	1
VBRKAM0057	18148	3140	VB_TOR_001_3140_19	IV2019102916003956	1
LIMHAS0629	18149	3150	LI_GDL_001_3150_19	IV2019102915313847	1
LIMGNK0142	18152	3130_aom	LI_MAT_010_3130a_19	IV2019102914385814	1
LIMGNK0142	18152	3130_na	LI_MAT_010_3130n_19	IV2019102914495301	1
ANTRIJ0308	18155	3130_aom	AN_DVH_002_3130a_19	IV2019100112164262	1
ANTRIJ0308	18155	3130_na	AN_DVH_002_3130n_19	IV2019100112171755	1
ANTBSE0336	18157	3130_na	AN_HUF_001_3130n_19	IV2019100406581958	1
ANTBSE0338	18157	3130_aom	AN_BLA_003_3130a_19	IV2019100111311608	1
ANTBSE0338	18157	3130_na	AN_BLA_003_3130n_19	IV2019100111354307	1
LIMKIN0231	18159	3150	LI_KES_001_3150_19	IV2019100407101015	1
OVLBLE0018	18162	3140	OV_DON_001_3140_19	IV2019102908040675	1
VBRARS0370	18164	3130_aom	VB_VOR_004_3130a_19	IV2019100112032024	1
VBRARS0370	18164	3140	VB_VOR_004_3140_19	IV2020050408242536	1
VBRARS0370	18164	3150	VB_VOR_004_3150_19	IV2019100112075213	1
LIMHMA0271	18165	3130_aom	LI_ACH_002_3130a_19	IV2019100111453143	1
LIMHMA0271	18165	3140	LI_ACH_002_3140GH_19	IV2019100111490964	1
ANTBRS0178	18166	3130_aom	AN_FOR_001_3130a_19	IV2019100407044021	1
LIMLNK0237	18171	3130_aom	LI_ASP_001_3130a_19	IV2019100407203298	1
LIMLNK0237	18171	3130_na	LI_ASP_001_3130n_19	IV2019100407263017	1
LIMBRE0077	18172	3130_na	LI_KBR_004_3130n_19	IV2019100407370381	1
LIMBRE0285	18176	3130_aom	LI_KBR_003_3130a_20	IV2020100215294974	1
LIMBRE0285	18176	3130_na	LI_KBR_003_3130n_19	IV2020100215212562	1
ANTBSE0215	18177	3130_aom	AN_BLA_002_3130a_19	IV2019102909140237	1
ANTBSE0215	18177	3130_na	AN_BLA_002_3130n_19	IV2019102909351981	1
LIMBRE0283	18183	3130_na	LI_KBR_001_3130n_19	IV2020100611283895	1
ANTSIL0322	18190	3130_aom	AN_RIN_001_3130a_19	IV2019102908381915	1
ANTANT0315	18376	3140	ANTANT0315_3140_20	IV2021012108263313	1
ANTANT0319	18376	3140	ANTANT0319_3140_20	IV2021012108361395	1
OV_TOLYPELLA_001	18379	3140	OV_TOLYPELLA_001_20	IV2021012110522889	1
OV_TOLYPELLA_003	18379	3140	OV_TOLYPELLA_003_20	IV2021012111133577	1
OVLBVN0469	18386	3140	OVLBVN0469_3140_20	IV2021012110314355	1
OV_TOLYPELLA_002	18389	3140	OV_TOLYPELLA_002_20	IV2021012110562812	1
OVLBVN0304	18389	3140	OVLBVN0304_3140_20	IV2021012110124411	1
OVLBVN0468	18389	3140	OVLBVN0468_3140_20	IV2021012110252804	1
OVLBVN0471	18389	3140	OVLBVN0471_3140_20	IV2021012110391842	1
OV_TOLYPELLA_004	18390	3140	OV_TOLYPELLA_004_20	IV2021012111164782	1
OVLBVN0053	18390	3140	OVLBVN0053_3140_20	IV2021012109232895	1
OVLBVN0180	18390	3140	OVLBVN0180_3140_20	IV2021012109315303	1
OVLBVN0184	18390	3140	OVLBVN0184_3140_20	IV2021012109360592	1
OVLBVN0197	18390	3140	OVLBVN0197_3140_20	IV2021012109393203	1
OVLBVN0213	18390	3140	OVLBVN0213_3140_20	IV2021012109435359	1
OVLBVN0217	18390	3140	OVLBVN0217_3140_20	IV2021012109480309	1
OVLBVN0228	18390	3140	OVLBVN0228_3140_20	IV2021012109560765	1
ANTBRM0350	18394	3140	ANTBRM0350_3140_20	IV2021012109195068	1
WVLKNO0102	18394	3140	WVLKNO0102_3140_20	IV2021012111201466	1
WVLKNO0106	18394	3140	WVLKNO0106_3140_20	IV2021012609022545	1
WVLKNO0352	18394	3140	WVLKNO0352_3140_20	IV2021012609062577	1
OVLBVN0301	18395	3140	OVLBVN0301_3140_20	IV2021012110001562	1
OVLBVN0302	18395	3140	OVLBVN0302_3140_20	IV2021012110042409	1
OVLBVN0305	18395	3140	OVLBVN0305_3140_20	IV2021012110182559	1
OVLSTL0322	18404	3140	OVLSTL0322_3140_20	IV2021012110431747	1
LIMLNK0167	18416	3160	LI_ZPB_001_3160_20	IV2021012910413902	1
OVLBVN0470	18420	3140	OVLBVN0470_3140_20	IV2021012110344274	1
WVLKNO0022	18435	2190_a	WV_ZWI_006_2190a_20	IV2024103113012908	1
WVLKNO0058	18435	2190_a	WV_ZWI_040_2190a_20	IV2024050817180034	1
WVLKNO0365	18438	2190_a	WV_ZWI_149_2190a_20	IV2024050816160732	1
WVLDEH0220	18442	2190_a	WV_BDH_008_2190a_20	IV2024050616295201	1
WVLDEP0070	18445	2190_a	WV_WES_038_2190a_20	IV2024050817505134	1
WVLDIK0136	18470	3150	WV_BLA_001_3150_20	IV2021012015494957	1
WVLDIK1027	18470	3150	WV_BLA_002_3150_20	IV2021012509411883	1
LIMDPB0311	18472	3150	LI_LAN_005_3150_20	IV2020100611450996	1
LIMHHE0330	18478	3130_aom	LI_THD_004_3130a_20	IV2020100710090942	1
LIMHHE0114	18486	3130_aom	LI_RDP_001_3130a_20	IV2020092915410663	1
LIMHHE0114	18486	3130_na	LI_RDP_001_3130n_20	IV2020092915332513	1
LIMDST0215	18488	3160	LI_HEU_004_3160_20	IV2020100110560092	1
OVLLOK0354	18491	3150	OV_MOL_002_3150_20	IV2020100111171473	1
WVLDAM0090	18498	3150	WV_DAM_001_3150_20	IV2021020111343108	1
WVLKNO0205	18498	2190_a	WV_ZWI_060_2190a_20	IV2024050817015004	1
ANTZAN0122	18499	3130_na	AN_PUL_001_3130n_20	IV2021051715543392	1
ANTZAN0122	18499	3150	AN_PUL_001_3150_20	IV2021051715363885	1
ANTZAN0176	18499	3150	AN_PUL_002_3150_20	IV2020102007565094	1
ANTZAN0175	18500	3130_na	AN_PUL_003_3130n_20	IV2020102007454335	1
ANTZAN0175	18500	3150	AN_PUL_003_3150_20	IV2020102007502215	1
LIMHHE0285	18505	3150	LI_LBV_004_3015_20	IV2021032912422026	1
WVLBLA0206	18506	2190_a	WV_ZEB_001_2190a_20	IV2024050817361534	1
LIMOPG0016	18507	3160	LI_OPH_004_3160_20	IV2020100710152417	1
LIMHHE0286	18512	3130_aom	LI_LBV_001_3130a_20	IV2021031216023741	1
LIMHHE0286	18512	3130_na	LI_LBV_001_3130na_20	IV2021031216272618	1
ANTMOL0143	18520	3130_aom	AN_DIE_002_3130a_20	IV2020092215474759	1
ANTMOL0143	18520	3130_na	AN_DIE_002_3130n_20	IV2020092215333351	1
ANTMOL0143	18520	3140	AN_DIE_002_3140_20	IV2020092215565805	1
ANTMOL0143	18520	3150	AN_DIE_002_3150_20	IV2020092216074114	1
ANTMEC0180	18521	3140	AN_WKV_001_3140_2020	IV2021040616143271	1
ANTMOL0068	18551	3130_aom	AN_MOL_004_3130a_20	IV2020101917263372	1
ANTMOL0068	18551	3140	AN_MOL_004_3140_20	IV2020101917311734	1
OVLBVN0202	18794	3140	OVLBVN0202_3140_21	IV2022012514502036	1
OVLBVN0430	18799	3140	OVLBVN0430_3140_21	IV2022012515193464	1
OVLBVN0235	18803	3140	OVLBVN0235_3140_21	IV2022012514291966	1
OVLBVN0679	18806	3140	OVLBVN0679_3140_21	IV2022012516494181	1
OVLBVN0680	18807	3140	OVLBVN0680_3140_21	IV2022012515390379	1
LIMDST0108	18808	3110	LI_HEU_001_3110_21	IV2021102812230455	1
LIMDST0108	18808	3130_aom	LI_HEU_001_3130a_21	IV2021102812130840	1
LIMDST0108	18808	3130_na	LI_HEU_001_3130n_21	IV2021102811575679	1
WVLHOU0552	18841	3130_aom	WV_MDH_003_3130a_21	IV2021102616213333	1
WVLHOU0561	18841	3130_aom	WV_MDH_001_3130a_21	IV2021102616120779	1
LIMKIN0235	18864	3150	LI_VBR_001_3150_21	IV2021102616292567	1
ANTBSE0159	18908	3130_aom	AN_BEE_005_3130a_21	IV2021102616572165	1
ANTBSE0159	18908	3130_na	AN_BEE_005_3130n_21	IV2021102616510246	1
ANTBSE0227	18908	3130_aom	AN_BEE_002_3130a_21	IV2021102616452377	1
ANTBSE0399	18908	3130_aom	AN_BEE_004_3130a_21	IV2021102616365243	1
OVLBVN0466	19134	3140	OV_LIO_001_3140_20	IV2024121809142613	2
LIMDST0108	19170	3110	LI_HEU_001_3110_22	IV2024011617081713	2
LIMDST0108	19170	3130_aom	LI_HEU_001_3130a_22	IV2022062815495429	2
LIMDST0108	19170	3130_na	LI_HEU_001_3130n_22	IV2024011710122457	2
OVLGNT0817	19178	3140	OVLGNT0817_3140_22	IV2025020510013881	1
ANTTUR0046	19202	3130_aom	ANTTUR0046_3130a_22	IV2023022217015420	2
ANTTUR0046	19202	3130_na	ANTTUR0046_3130n_22	IV2023022217143446	2
ANTBCT0572	19208	3130_na	AN_KOO_001_3130n_22	IV2025111908561648	2
ANTMAL0275	19208	3130_aom	AN_DVH_010_3130a_22	IV2025112108364078	2
ANTMAL0275	19208	3130_na	AN_DVH_010_3130n_22	IV2025112108444415	1
WVLHAR0329	19222	3140	WVLHAR0329_3140_22	IV2025020511155513	2
WVLHAR0329	19222	3150	WVLHAR0329_3150_22	IV2025020511071869	2
ANTRAV0230	19235	3130_aom	ANTRAV0230_3130a_22	IV2023013118230580	2
ANTRAV0230	19235	3130_na	ANTRAV0230_3130n_22	IV2023013116521794	2
ANTTUR0305	19237	3130_aom	ANTTUR0305_3130a_22	IV2023011815411225	2
ANTMRK0177	19240	3130_aom	ANTMRK0177_3130a_22	IV2023011816353523	2
ANTMRK0177	19240	3130_na	ANTMRK0177_3130n_22	IV2023011817014307	2
ANTTUR0287	19240	3130_aom	ANTTUR0287_3130a_22	IV2023013118450570	2
ANTTUR0287	19240	3130_na	ANTTUR0287_3130n_22	IV2023013119020620	2
ANTTUR0079	19241	3130_aom	ANTTUR0079_3130a_22	IV2023013118354057	2
ANTTUR0296	19250	3110	ANTTUR0296_3110_22	IV2023021917223249	2
ANTTUR0296	19250	3130_aom	ANTTUR0296_3130a_22	IV2023021916583657	2
ANTTUR0296	19250	3130_na	ANTTUR0296_3130n_22	IV2023021917120566	2
ANTTUR0018	19258	3130_aom	ANTTUR0018_3130a_22	IV2023021918121597	2
ANTTUR0018	19258	3160	ANTTUR0018_3160_22	IV2023021918271743	2
ANTTUR0065	19270	3130_aom	ANTTUR0065_3130a_22	IV2023022021291831	2
ANTTUR0065	19270	3130_na	ANTTUR0065_3130n_22	IV2023022021382910	2
ANTTUR0277	19270	3130_na	ANTTUR0277_3130n_22	IV2023022016531973	2
ANTTUR0301	19275	3130_aom	ANTTUR0301_3130a_22	IV2023022014013448	2
ANTTUR0301	19275	3130_na	ANTTUR0301_3130n_22	IV2023022014152316	2
ANTTUR0301	19275	3160	ANTTUR0301_3160_22	IV2023022014281696	2
ANTTUR0304	19276	3130_aom	ANTTUR0304_3130a_22	IV2023022012171902	2
ANTTUR0304	19276	3130_na	ANTTUR0304_3130n_22	IV2023022012290846	2
ANTTUR0292	19520	3130_aom	ANTTUR0292_3130a_23	IV2023080815234865	2
ANTTUR0022	19523	3160	ANTTUR0022_3160_23	IV2023080114445290	2
ANTTUR0282	19524	3130_aom	ANTTUR0282_3130a_23	IV2023080416412548	2
ANTTUR0257	19535	3130_aom	ANTTUR0257_3130a_23	IV2023080815183867	2
ANTTUR0295	19538	3130_aom	ANTTUR0295_3130a_23	IV2023080415543240	2
ANTTUR0270	19541	3130_aom	ANTTUR0270_3130a_23	IV2023080114160589	2
ANTTUR0273	19542	3130_aom	ANTTUR0273_3130a_23	IV2023080114033170	2
ANTRAV0122	19548	3130_aom	ANTRAV0122_3130a_23	IV2023080111442513	2
ANTTUR0077	19550	3130_aom	ANTTUR0077_3130a_23	IV2023081715093855	2
ANTTUR0022	19553	3130_aom	ANTTUR0022_3130a_23	IV2023080114302616	2
ANTOTH0306	19556	3130_aom	ANTOTH0306_3130a_23	IV2023080814421597	2
ANTTUR0299	19556	3130_aom	ANTTUR0299_3130a_23	IV2023080416335934	2
ANTTUR0082	19557	3130_aom	ANTTUR0082_3130a_23	IV2023080814544190	2
ANTTUR0300	19557	3130_aom	ANTTUR0300_3130a_23	IV2023080416151193	2
ANTTUR0302	19557	3130_aom	ANTTUR0302_3130a_23	IV2023080115000115	2
ANTTUR0302	19557	3130_na	ANTTUR0302_3130n_23	IV2023080113480207	2
ANTRAV0134	19564	3130_aom	ANTRAV0134_3130a_23	IV2023080814565876	2
ANTRAV0208	19564	3130_aom	ANTRAV0208_3130a_23	IV2023080416235938	2
ANTRAV0293	19564	3130_aom	ANTRAV0293_3130a_23	IV2023080416161818	2
VBRZOU0028	19578	3150	VBRZOU0028_3150_23	IV2024011111212549	2
VBRZOU0212	19578	3150	VBRZOU0212_3150_23	IV2024011214271339	2
ANTKAL0289	19579	3130_aom	ANTKAL0289_3130a_23	IV2023082413423805	2
ANTKAL0306	19579	3130_aom	ANTKAL0306_3130a_23	IV2023082413413921	2
ANTKAL0344	19594	3130_aom	ANTKAL0344_3130a_23	IV2023083109032178	2
ANTKAL0344	19594	3160	ANTKAL0344_3160_23	IV2023083109223750	2
ANTKAL0492	19613	3130_aom	ANTKAL0492_3130a_23	IV2024120415205432	2
ANTKAL0492	19613	3160	ANTKAL0492_3160_23	IV2024120415323809	2
ANTRAV0052	19620	3130_aom	ANTRAV0052_3130a_23	IV2024011713062687	2
ANTRAV0052	19620	3130_na	ANTRAV0052_3130n_23	IV2024011716321225	2
LIMHHE0002	19628	3130_aom	LIMHHE0002_3130a_23	IV2023112914101130	2
LIMHHE0002	19628	3160	LIMHHE0002_3160_23	IV2023112914403467	2
ANTRAV0211	19632	3110	ANTRAV0211_3110_23	IV2024011615375072	2
ANTRAV0211	19632	3130_aom	ANTRAV0211_3130a_23	IV2024011616134474	2
ANTRAV0211	19632	3130_na	ANTRAV0211_3130n_23	IV2024011616290864	2
ANTOTH0324	19639	3130_aom	ANTOTH0324_3130a_23	IV2024120416361179	2
ANTOTH0271	19641	3160	ANTOTH0271_3160_23	IV2024120416170638	2
LIMZNH0446	19886	3130_aom	LIMZNH0446_3130a_24	IV2024120314123342	2
LIMZNH0446	19886	3130_na	LIMZNH0446_3130n_24	IV2024120314351026	2
ANTBAL0396	19888	3150	ANTBAL0396_3150_24	IV2024120512114733	2
ANTBAL0592	19888	3150	ANTBAL0592_3150_24	IV2024120512353957	2
ANTBAL0595	19888	3150	ANTBAL0595_3150_24	IV2024120513293756	2
OVLBVN0464	19899	3140	OVLBVN0464_3140_24	IV2024120615501766	2
ANTRAV0014	19905	3130_aom	ANTRAV0014_3130a_24	IV2024093016260718	2
ANTKAL0330	19906	3130_aom	ANTKAL0330_3130a_24	IV2024100111155960	2
ANTKAL0330	19906	3160	ANTKAL0330_3160_24	IV2024100111090608	2
ANTKAL0356	19906	3130_aom	ANTKAL0356_3130a_24	IV2024100117541666	2
ANTKAL0356	19906	3160	ANTKAL0356_3160_24	IV2024100117462140	2
ANTKAL0478	19907	3160	ANTKAL0478_3160_24	IV2024100916453628	2
LIMGNK0064	19908	3150	LIMGNK0064_3150_24	IV2024101009350936	2
LIMZNH0379	19908	3110	LIMZNH0379_3110_24	IV2024101009301586	2
LIMZNH0379	19908	3130_aom	LIMZNH0379_3130a_24	IV2024101009270487	2
LIMZNH0379	19908	3160	LIMZNH0379_3160_24	IV2024101009231913	2
LIMZNH0563	19908	3130_aom	LIMZNH0563_3130a_24	IV2024101008314167	2
LIMZNH0563	19908	3140	LIMZNH0563_3140_24	IV2024101008380195	2
ANTLIL0230	19909	3130_aom	ANTLIL0230_3130a_24	IV2024101008251601	2
ANTKAL0004	19912	3160	ANTKAL0004_3160_24	IV2024101010441028	2
ANTKAL0123	19912	3160	ANTKAL0123_3160_24	IV2024101015582200	2
ANTMOL0092	19912	3130_aom	ANTMOL0092_3130a_24	IV2024120416172354	2
ANTMOL0092	19912	3130_na	ANTMOL0092_3130n_24	IV2024120415554368	2
ANTMOL0092	19912	3150	ANTMOL0092_3150_24	IV2024120416303103	2
LIMZNH0338	19914	3110	LIMZNH0338_3110_24	IV2024101016063497	2
LIMZNH0338	19914	3160	LIMZNH0338_3160_24	IV2024101016224661	2
LIMZNH0619	19914	3130_aom	LIMZNH0619_3130a_24	IV2024101107401086	2
LIMDST0108	19919	3110	LIMDST0108_3110_24	IV2024101108161509	2
LIMDST0108	19919	3130_aom	LIMDST0108_3130a_24	IV2024101108265001	2
LIMDST0108	19919	3130_na	LIMDST0108_3130n_24	IV2024101108222189	2
ANTKAL0019	19921	3160	ANTKAL0019_3160_24	IV2024101409542202	2
ANTKAL0284	19921	3160	ANTKAL0284_3160_24	IV2024101408050323	2
ANTKAL0001	19922	3160	ANTKAL0001_3160_24	IV2024101411311396	2
ANTKAL0021	19922	3160	ANTKAL0021_3160_24	IV2024101411070526	2
LIMZNH0150	19926	3130_aom	LIMZNH0150_3130a_24	IV2024101413215183	2
LIMZNH0150	19926	3130_na	LIMZNH0150_3130n_24	IV2024101413031672	2
ANTKAL0288	19928	3160	ANTKAL0288_3160_24	IV2024101807292581	2
ANTKAL0383	19928	3160	ANTKAL0383_3160_24	IV2024101809401953	2
OVLMOE0016	19928	3150	OVLMOE0016_3150_24	IV2024120511231676	2
ANTKAL0387	19929	3160	ANTKAL0387_3160_24	IV2024101413430988	2
ANTTUR0348	19930	3130_aom	ANTTUR0348_3130a_24	IV2024101715543169	2
LIMZUT0080	19940	3130_aom	LIMZUT0080_3130a_24	IV2024120317370208	2
ANTMOL0089	19951	3130_aom	ANTMOL0089_3130a_24	IV2024101810110298	2
LIMBRE0073	19954	3130_na	LIMBRE0073_3130n_24	IV2024101810330737	2
LIMBRE0073	19954	3150	LIMBRE0073_3150_24	IV2024101810420614	2
LIMMSK0444	19954	3130_aom	LIMMSK0444_3130a_24	IV2024101810484847	2
ANTKAS0463	19955	3130_aom	ANTKAS0463_3130a_24	IV2024101811014113	2
ANTKAS0463	19955	3160	ANTKAS0463_3160_24	IV2024101810573793	2
ANTKAL0385	19956	3160	ANTKAL0385_3160_24	IV2024120415492353	2
ANTKAL0386b	19956	3130_aom	ANTKAL0386b_3130a_24	IV2024120511541167	2
ANTKAL0386b	19956	3160	ANTKAL0386b_3160_24	IV2024120511591169	2
LIMHHE0286	19957	3130_na	LIMHHE0286_3130n_24	IV2024101812524683	2
LIMZNH0043	19957	3130_na	LIMZNH0043_3130n_24	IV2024101812580212	2
LIMZNH0043	19957	3140	LIMZNH0043_3140_24	IV2024101813485494	2
ANTBCT0464	19958	3160	ANTBCT0464_3160_24	IV2024101814121171	2
ANTBCT0525	19958	3160	ANTBCT0525_3160_24	IV2024101814082924	2
ANTBCT0698	19958	3160	ANTBCT0698_3160_24	IV2024101813564711	2
ANTHTS0151	19958	3130_aom	ANTHTS0151_3130a_24	IV2024120315580665	2
ANTHTS0151	19958	3160	ANTHTS0151_3160_24	IV2024120316140532	2
ANTKAS0616	19958	3160	ANTKAS0616_3160_24	IV2024120317285656	2
ANTKAL0233	19961	3160	ANTKAL0233_3160_24	IV2024120514543681	2
ANTKAL0235	19961	3160	ANTKAL0235_3160_24	IV2024120514454832	2
ANTMEC0388	19961	3130_na	ANTMEC0388_3130n_24	IV2024102107481869	2
ANTMEC0388	19961	3140	ANTMEC0388_3140_24	IV2024102108005683	2
ANTANT0480	19963	3140	ANTANT0480_3140_24	IV2024102108121045	2
ANTMOL0747	19964	3130_aom	ANTMOL0747_3130a_24	IV2024102109520408	2
ANTMOL0747	19964	3140	ANTMOL0747_3140_24	IV2024112010420092	2
ANTBAA0044	19965	3130_aom	ANTBAA0044_3130a_24	IV2024102111335446	2
ANTBAA0048	19965	3130_aom	ANTBAA0048_3130a_24	IV2024102113043866	2
ANTBAA0048	19965	3130_na	ANTBAA0048_3130n_24	IV2024102113082142	2
ANTBAA0048	19965	3140	ANTBAA0048_3140_24	IV2024102113110695	2
OVLBVN0461	19965	3140	OVLBVN0461_3140_24	IV2024120508334531	2
OVLBVN0463	19965	3140	OVLBVN0463_3140_24	IV2024120509335207	2
ANTKAL0386a	19968	3130_aom	ANTKAL0386a_3130a_24	IV2024102113193779	2
ANTKAL0386a	19968	3160	ANTKAL0386a_3160_24	IV2024102113232608	2
LIMGNK0062	19969	3130_aom	LIMGNK0062_3130a_24	IV2024102115133564	2
LIMGNK0062	19969	3130_na	LIMGNK0062_3130n_24	IV2024102115013502	2
LIMGNK0182	19969	3130_na	LIMGNK0182_3130n_24	IV2024102115233855	2
ANTKAS0501	19970	3130_aom	ANTKAS0501_3130a_24	IV2024102116015327	2
ANTKAS0501	19970	3130_na	ANTKAS0501_3130n_24	IV2024102115573343	2
ANTKAS0501	19970	3160	ANTKAS0501_3160_24	IV2024102115490522	2
LIMHAS0165	19971	3130_aom	LIMHAS0165_3130a_24	IV2024102916211971	2
LIMHAS0165	19971	3130_na	LIMHAS0165_3130n_24	IV2024102916145910	2
LIMHAS0462	19971	3130_aom	LIMHAS0462_3130a_24	IV2024102916273348	2
LIMHAS0462	19971	3130_na	LIMHAS0462_3130n_24	IV2024102916363975	2
LIMMGR0376	19972	3160	LIMMGR0376_3160_24	IV2024103007214333	2
LIMBOC0019	19975	3130_na	LIMBOC0019_3130n_24	IV2024103007275411	2
LIMBOC0019	19975	3140	LIMBOC0019_3140_24	IV2024103007363138	2
LIMZNH0516	19976	3130_aom	LIMZNH0516_3130a_24	IV2024103011243475	2
LIMZNH0516	19976	3130_na	LIMZNH0516_3130n_24	IV2024103011443885	2
LIMZNH0516	19976	3140	LIMZNH0516_3140_24	IV2024103011385514	2
LIMZNH0576	19976	3130_aom	LIMZNH0576_3130a_24	IV2024103007510788	2
LIMZNH0576	19976	3130_na	LIMZNH0576_3130n_24	IV2024103007415234	2
ANTBCT0275	19977	3160	ANTBCT0275_3160_24	IV2024103011501464	2
LIMDPB0311	19978	3150	LIMDPB0311_3150_24	IV2024103013174404	2
LIMDPB0315	19978	3150	LIMDPB0315_3150_24	IV2024103013230064	2
OVLBVN0462	19978	3140	OVLBVN0462_3140_24	IV2024120317531856	2
OVLBVN0465	19978	3140	OVLBVN0465_3140_24	IV2024120509470854	2
LIMZNH0318	19979	3130_aom	LIMZNH0318_3130a_24	IV2024103013483911	2
LIMZNH0318	19979	3160	LIMZNH0318_3160_24	IV2024103013531318	2
LIMLOM0067	19982	3130_aom	LIMLOM0067_3130a_24	IV2024103109505276	2
LIMLOM0067	19982	3130_na	LIMLOM0067_3130n_24	IV2024103109575023	2
ANTBCT0019	19985	3160	ANTBCT0019w_3160_24	IV2024103111323262	2
ANTKAL0384	19986	3160	ANTKAL0384_3160_24	IV2024103111373637	2
LIMLUM0210	19990	3150	LIMLUM0210_3150_24	IV2024103113162816	2
ANTMOL0068	19991	3130_aom	ANTMOL0068_3130a_24	IV2024103113260929	2
ANTMOL0068	19991	3140	ANTMOL0068_3140_24	IV2024103113221143	2
LIMKIN0231	19992	3140	LIMKIN0231_3140_24	IV2024103113472220	2
LIMKIN0231	19992	3150	LIMKIN0231_3150_24	IV2024103113440448	2
ANTMRK0228	19999	3130_na	ANTMRK0228_3130n_24	IV2024110408093124	2
ANTMRK0228	19999	3140	ANTMRK0228_3140_24	IV2024110408043212	2
ANTMRK0228	19999	3150	ANTMRK0228_3150_24	IV2024110408002650	2
OVLBLE0280	20265	3150	OVLBLE0280_3150_25	IV2025110711042001	2
OVLBLE0077	20279	3150	OVLBLE0077_GH_25	IV2025111412072618	2
LIMHHE0002	20286	3110	LIMHHE0002_3110_25	IV2025111209383424	2
VBRSZI0277	20286	3150	VBRSZI0277_3150_25	IV2025111211504838	2
ANTARE0286	20287	3150	ANTARE0286_3150_25	IV2025111215491883	2
LIMHHE0001	20294	3160	LIMHHE0001_3160_25	IV2025111812091433	2
LIMHHE0375	20294	3160	LIMHHE0375_3160_25	IV2025111715534228	2
WVLDEP0070	20297	2190_a	WVLDEP0070_2190a_25	IV2025111314551659	2
WVLDEP0075	20297	2190_a	WVLDEP0075_2190a_25	IV2025111711322010	2
WVLNWP0028	20297	2190_a	WVLNWP0028_2190a_25	IV2025111711513512	2
WVLNWP0032	20304	2190_a	WVLNWP0032_2190a_25	IV2025111414450976	2
WVLZED0215	20304	3130_aom	WVLZED0215_GH_25	IV2025111415225705	2
ANTANT0297	20305	3140	ANTANT0297_3140_25	IV2025111810293270	2
ANTANT0297	20305	3150	ANTANT0297_3150_25	IV2025111810132931	2
WVLBRD0077	20307	2190_a	WVLBRD0077_2190a_25	IV2025111314203598	2
WVLBRU1212	20307	3150	WVLBRU1212_GH_25	IV2025111315501585	2
WVLDEH0220	20307	2190_a	WVLDEH0220_2190a_25	IV2025111411130413	2
OVLGNT021	20308	3130_na	OVLGNT0211_GH_25	IV2025111812332793	2
ANTBCT0508	20314	3160	ANTBCT0508_3160_25	IV2025111715372928	2
LIMGNK0066	20319	3130_aom	LIMGNK0066_3130a_25	IV2025111210432950	2
LIMGNK0066	20319	3130_na	LIMGNK0066_3130n_25	IV2025111210023950	2
LIMGNK0066	20319	3150	LIMGNK0066_3150_25	IV2025111210583774	2
WVLKNO0058	20328	2190_a	WVLKNO0058_2190a_25	IV2025111313494984	2
WVLKNO0126	20328	2190_a	WVLKNO0126_GH_25	IV2025111411450542	2
ANTMAL0136	20332	3130_na	ANTMAL0136_3130n_25	IV2025111215042442	2
OVLALT0344	20350	3130_aom	OVLALT0344_3130a_25	IV2025111712201229	2
OVLALT0344	20350	3130_na	OVLALT0344_3130n_25	IV2025111710465158	2
