fieldwork_team	point_code	type	measurement_date	db_ref	user_reference	recording_givid
inbo	500782_1	52	16582	500782	500782	circle: IV2017010910225147; square: IV2017010910241756
inbo	1618054_2	55	16583	1618054	1618054	circle: IV2017021016462422; square: IV2017021017031808
inbo	6152326_2	55	16583	6152326	6152326	circle: IV2017021017175886; square: IV2017021017402906
inbo	2468182_2	55	16584	2468182	2468182	circle: IV2017021009391220; square: IV2017021009570606
inbo	4042038_2	55	16584	4042038	4042038	circle: IV2017021011171644; square: IV2017021011372088
inbo	11366482_2	45	16589	11366482	11366482	circle: IV2017020914013322; square: IV2017020914342201
inbo	4501586_2	45	16589	4501586	4501586	circle: IV2017020915002276; square: IV2017020916182461
inbo	14029138_1	45	16590	14029138	14029138	circle: IV2017020815060283; square: IV2017020815451966
inbo	20320594_1	45	16590	20320594	20320594	circle: IV2017020911173410; square: IV2017020912043705
inbo	1156230_2	55	16595	1156230	1156230	circle: IV2017022212325377; square: IV2017022213011877
inbo	3741830_2	55	16595	3741830	3741830	circle: IV2017022211082902; square: IV2017022211385297
inbo	1022766_1	51	16596	1022766	1022766	circle: IV2017021314354987; square: IV2017021315595672
inbo	2438198_1	51	16597	2438198	2438198	circle: IV2017010911112595; square: IV2017010911343112
inbo	905382_1	55	16597	905382	905382	circle: IV2017022015155634; square: IV2017022015390187
inbo	2898758_1	55	16598	2898758	2898758	circle: IV2017021313300649; square: IV2017021314165316
inbo	4598982_1	55	16605	4598982	4598982	circle: IV2017021311505729; square: IV2017021312171588
inbo	4975814_2	55	16605	4975814	4975814	circle: IV2017021310384624; square: IV2017021311152342
inbo	3016210_1	55	16609	3016210	3016210	circle: IV2017021410455484; square: IV2017021411231990
inbo	4851218_2	55	16609	4851218	4851218	circle: IV2017021316470293; square: IV2017021317143301
inbo	1286278_2	55	16611	1286278	1286278	circle: IV2017021018002273; square: IV2017021018144986
inbo	544902_1	50	16611	544902	544902	circle: IV2017021012213856; square: IV2017021012413096
inbo	1388150_1	80	16615	1388150	1388150	circle: IV2017021513460105; square: IV2017021513582966
inbo	863862_2	80	16615	863862	863862	circle: IV2017020713102084; square: IV2017020714540212
inbo	3008870_2	55	16623	3008870	3008870	circle: IV2017022112283578; square: IV2017022112545290
inbo	4057446_2	55	16623	4057446	4057446	circle: IV2017022115074420; square: IV2017022115375527
inbo	1938478_2	51	16624	1938478	1938478	circle: IV2017021316192193; square: IV2017021316354132
inbo	17475649_1	55	16626	17475649	17475649	circle: IV2017010915000761; square: IV2017010916362743
inbo	2664513_1	55	16626	2664513	2664513	circle: IV2017010922050123; square: IV2017010922225486
inbo	9087041_1	55	16626	9087041	9087041	circle: IV2017021312415166; square: IV2017021313081237
inbo	311262_2	52	16644	311262	311262	circle: IV2017021510114273; square: IV2017021511162976
inbo	455349_2	10	16650	455349	455349	circle: IV2017010610523940; square: IV2017010612064228
inbo	437685_2	10	16653	437685	437685	circle: IV2017011212535658; square: IV2017011214394174
inbo	37557_2	10	16658	37557	37557	circle: IV2017011215162577; square: IV2017011215184680
inbo	798133_1	10	16658	798133	798133	circle: IV2017011215302636; square: IV2017011215475751
inbo	331445_2	4	16659	331445	331445	circle: IV2017010616530182; square: IV2017010617002129
inbo	736949_2	10	16659	736949	736949	circle: IV2017010617095027; square: IV2017010617191621
inbo	1195701_1	4	16660	1195701	1195701	circle: IV2017010618292802; square: IV2017010618363706
inbo	212661_2	10	16660	212661	212661	circle: IV2017010617282387; square: IV2017010617362713
inbo	409269_1	4	16661	409269	409269	circle: IV2017010618405531; square: IV2017010618503780
inbo	540341_1	10	16661	540341	540341	circle: IV2017010618124978; square: IV2017010618211064
inbo	1004470_1	80	16665	1004470	1004470	circle: IV2017022111173825; square: IV2017022111183354
inbo	414646_1	52	16665	414646	414646	circle: IV2017022013575286; square: IV2017022014150360
inbo	996278_1	80	16665	996278	996278	circle: IV2017022111070389; square: IV2017022111075784
inbo	695297_2	10	16666	695297	695297	circle: IV2017011215545335; square: IV2017011216070022
inbo	801793_2	10	16666	801793	801793	circle: IV2017010617430082; square: IV2017010618013747
inbo	1117877_1	10	16667	1117877	1117877	circle: IV2017010616345212; square: IV2017010616415877
inbo	472065_1	10	16671	472065	472065	circle: IV2017010613314127; square: IV2017010613424129
inbo	996353_2	10	16671	996353	996353	circle: IV2017010612172361; square: IV2017010612593713
inbo	1749942_2	80	16695	1749942	1749942	circle: IV2017021712024375; square: IV2017021712152647
inbo	2225078_2	80	16696	2225078	2225078	circle: IV2017021716580390; square: IV2017021717285026
inbo	702674_1	82	16696	702674	702674	circle: IV2017021712211026; square: IV2017021712361732
inbo	1635254_1	80	16699	1635254	1635254	circle: IV2017021716250537; square: IV2017021716440979
inbo	3219382_2	80	16699	3219382	3219382	circle: IV2017021710412000; square: IV2017021710534965
inbo	3732406_2	80	16699	3732406	3732406	circle: IV2017021712570028; square: IV2017021713122588
inbo	2839602_2	55	16960	2839602	2839602	circle: IV2017022316243012; square: IV2017022318064503
inbo	10766985_2	55	16961	10766985	10766985	circle: IV2017020309560065; square: IV2017020310250354
inbo	4390190_1	56	16962	4390190	4390190	circle: IV2017012715235876; square: IV2017012715472176
inbo	2479154_2	55	16968	2479154	2479154	circle: IV2017022414255992; square: IV2017022414402631
inbo	742450_2	55	16968	742450	742450	circle: IV2017022410260914; square: IV2017022410371769
inbo	4026418_2	55	16970	4026418	4026418	circle: IV2017021716013587; square: IV2017021717085050
inbo	1436718_2	51	16972	1436718	1436718	circle: IV2017012713261758; square: IV2017012714021766
inbo	2334002_1	55	16972	2334002	2334002	circle: IV2017022413245704; square: IV2017022413445592
inbo	201006_2	52	16979	201006	201006	circle: IV2017012010235498; square: IV2017012011231757
inbo	530734_1	52	16979	530734	530734	circle: IV2017010511460749; square: IV2017010512181008
inbo	842030_1	52	16979	842030	842030	circle: IV2017010510420097; square: IV2017010511152189
inbo	398529_2	55	16980	398529	398529	circle: IV2017020312255416; square: IV2017020313004098
inbo	143602_2	55	16983	143602	143602	circle: IV2017022415170190; square: IV2017022415353736
inbo	2160774_2	55	16988	2160774	2160774	circle: IV2017022310474384; square: IV2017022315312444
inbo	5783154_2	55	16994	5783154	5783154	circle: IV2017022012400428; square: IV2017022013121858
inbo	2552882_2	55	16995	2552882	2552882	circle: IV2017021521415567; square: IV2017021521571275
inbo	2371634_2	55	17000	2371634	2371634	circle: IV2017022009530029; square: IV2017022010250767
inbo	1150886_2	51	17001	1150886	1150886	circle: IV2017012615432844; square: IV2017012620054742
inbo	1216422_1	51	17001	1216422	1216422	circle: IV2017012620463014; square: IV2017012620573892
inbo	1583446_1	55	17001	1583446	1583446	circle: IV2017022011083153; square: IV2017022011205318
inbo	2133734_1	51	17008	2133734	2133734	circle: IV2017011915010675; square: IV2017011916185487
inbo	3777298_1	55	17009	3777298	3777298	circle: IV2017021512174228; square: IV2017021513172295
inbo	1062930_1	55	17010	1062930	1062930	circle: IV2017021415534916; square: IV2017021416154407
inbo	323154_2	52	17011	323154	323154	circle: IV2017011212263384; square: IV2017011215122813
inbo	540658_2	52	17011	540658	540658	circle: IV2017011814163232; square: IV2017011816230130
inbo	721906_1	50	17011	721906	721906	circle: IV2017011813083530; square: IV2017011813535331
inbo	1884126_2	51	17015	1884126	1884126	circle: IV2017021417070556; square: IV2017021417294457
inbo	781906_2	52	17016	781906	781906	circle: IV2017011312251730; square: IV2017011812094287
inbo	1474526_2	51	17017	1474526	1474526	circle: IV2017021416262329; square: IV2017021416585251
inbo	423762_2	50	17030	423762	423762	circle: IV2017010611111454; square: IV2017010613221989
inbo	141010_1	50	17031	141010	141010	circle: IV2017012521020429; square: IV2017012521104081
inbo	220882_1	50	17031	220882	220882	circle: IV2017012611170830; square: IV2017012611360478
inbo	583378_1	50	17031	583378	583378	circle: IV2017011916524752; square: IV2017011919322195
inbo	59090_1	50	17031	59090	59090	circle: IV2017012522043706; square: IV2017012522232265
inbo	648914_1	50	17031	648914	648914	circle: IV2017012613411763; square: IV2017012613530004
inbo	745170_1	50	17031	745170	745170	circle: IV2017012312301685; square: IV2017012312531726
inbo	89810_1	50	17031	89810	89810	circle: IV2017012613001528; square: IV2017012613170767
inbo	487606_1	51	17032	487606	487606	circle: IV2017020211023566; square: IV2017020211373000
inbo	606390_1	52	17032	606390	606390	circle: IV2017020211533870; square: IV2017020212290721
inbo	1711014_1	50	17036	1711014	1711014	circle: IV2017020116071546; square: IV2017020120160542
inbo	3276198_2	51	17036	3276198	3276198	circle: IV2017020121010797; square: IV2017020121221303
inbo	1346134_2	55	17037	1346134	1346134	circle: IV2017021416061568; square: IV2017021416161173
inbo	979286_2	51	17037	979286	979286	circle: IV2017021415415208; square: IV2017021415590760
inbo	1115122_2	52	17038	1115122	1115122	circle: IV2017013013460448; square: IV2017013015085454
inbo	340978_1	52	17038	340978	340978	circle: IV2017013110020007; square: IV2017020111393906
inbo	498886_2	55	17038	498886	498886	circle: IV2017021413520341; square: IV2017021414091295
inbo	619506_1	50	17038	619506	619506	circle: IV2017013015545827; square: IV2017013016040477
inbo	654598_2	50	17038	654598	654598	circle: IV2017021414213854; square: IV2017021414350820
inbo	2173889_2	55	17043	2173889	2173889	circle: IV2017020308164723; square: IV2017020308555607
inbo	315329_1	50	17043	315329	315329	circle: IV2017012015481765; square: IV2017012016215306
inbo	4008897_2	55	17043	4008897	4008897	circle: IV2017020309175600; square: IV2017020309320429
inbo	300649_1	51	17044	300649	300649	circle: IV2017012016374726; square: IV2017012016550624
inbo	1436882_2	51	17046	1436882	1436882	circle: IV2017011816484258; square: IV2017011817212208
inbo	1566033_2	51	17049	1566033	1566033	circle: IV2017012709211647; square: IV2017012709294069
inbo	58433_2	52	17049	58433	58433	circle: IV2017012712420281; square: IV2017012713022515
inbo	116950_1	50	17050	116950	116950	circle: IV2017012013020416; square: IV2017012013095674
inbo	379094_1	50	17050	379094	379094	circle: IV2017012012273378; square: IV2017012012433410
inbo	641238_1	50	17050	641238	641238	circle: IV2017012013475483; square: IV2017012013585970
inbo	19510_2	52	17052	19510	19510	circle: IV2017010616490548; square: IV2017010617551993
inbo	627922_2	52	17053	627922	627922	circle: IV2017013011553027; square: IV2017013012265239
inbo	857298_2	52	17053	857298	857298	circle: IV2017013011050597; square: IV2017013011141972
inbo	87250_2	52	17053	87250	87250	circle: IV2017013013060304; square: IV2017013013143717
inbo	2760937_1	55	17056	2760937	2760937	circle: IV2017012716313882; square: IV2017012716564741
inbo	170798_2	82	17057	170798	170798	circle: IV2017020318560367; square: IV2017020319064156
inbo	267986_2	80	17057	267986	267986	circle: IV2017021513174412; square: IV2017021513305863
inbo	482290_1	80	17057	482290	482290	circle: IV2017021513022196; square: IV2017021513104974
inbo	576302_2	52	17057	576302	576302	circle: IV2017012017101191; square: IV2017012017312649
inbo	923346_2	80	17057	923346	923346	circle: IV2017021514080638; square: IV2017021514480221
inbo	282614_2	80	17058	282614	282614	circle: IV2017020318100730; square: IV2017020318234508
inbo	3461110_2	51	17058	3461110	3461110	circle: IV2017012714260737; square: IV2017012715091042
inbo	856054_1	80	17058	856054	856054	circle: IV2017020318315989; square: IV2017020318480754
inbo	103094_2	80	17059	103094	103094	circle: IV2017021515592266; square: IV2017021516075256
inbo	271030_1	80	17059	271030	271030	circle: IV2017021515354295; square: IV2017021515505552
inbo	908981_1	10	17059	908981	908981	circle: IV2017010609200485; square: IV2017010609352959
inbo	23086_1	82	17063	23086	23086	circle: IV2017012711062779; square: IV2017012711193298
inbo	743982_1	51	17063	743982	743982	circle: IV2017012711292443; square: IV2017012711431363
inbo	753630_2	51	17063	753630	753630	circle: IV2017021414444810; square: IV2017021415171476
inbo	1013294_2	80	17064	1013294	1013294	circle: IV2017020813265807; square: IV2017020813570832
inbo	1087350_2	80	17064	1087350	1087350	circle: IV2017021710141595; square: IV2017021710262223
inbo	696182_1	80	17064	696182	696182	circle: IV2017012612213288; square: IV2017012613110316
inbo	959958_1	82	17064	959958	959958	circle: IV2017021516164241; square: IV2017021516261649
inbo	518902_2	80	17065	518902	518902	circle: IV2017020814143501; square: IV2017020814462786
inbo	419538_1	82	17067	419538	419538	circle: IV2017021514542213; square: IV2017021515052872
inbo	943826_1	82	17072	943826	943826	circle: IV2017021515123500; square: IV2017021515263591
inbo	880094_2	82	17081	880094	880094	circle: IV2017021511480087; square: IV2017021512035316
inbo	7072966_1	55	17315	7072966	7072966	circle: IV2017120118342938; square: IV2017120118520910
inbo	8121542_1	55	17315	8121542	8121542	circle: IV2017120117561385; square: IV2017120118231406
inbo	8158406_2	55	17315	8158406	8158406	circle: IV2017120114521398; square: IV2017120117414722
inbo	6102322_1	55	17325	6102322	6102322	circle: IV2018082407540429; square: IV2018082408442571
inbo	6194105_2	55	17337	6194105	6194105	circle: IV2017113010285455; square: IV2017113011505228
inbo	1660950_1	51	17340	1660950	1660950	circle: IV2017112914094613; square: IV2017112914372721
inbo	1428270_1	52	17343	1428270	1428270	circle: IV2017112913404044; square: IV2017112913583445
inbo	1040518_1	52	17346	1040518	1040518	circle: IV2017120112213868; square: IV2017120112565263
inbo	2334854_2	51	17346	2334854	2334854	circle: IV2017120111560343; square: IV2017120112090282
inbo	4599942_2	55	17346	4599942	4599942	circle: IV2017120111214650; square: IV2017120111463956
inbo	1367026_2	82	17347	1367026	1367026	circle: IV2018031009120638; square: IV2018031009213148
inbo	1404382_1	82	17347	1404382	1404382	circle: IV2020032710574043; square: IV2020032711023789
inbo	783954_1	50	17347	783954	783954	circle: IV2018030715412818; square: IV2018030715551163
inbo	6948370_1	55	17350	6948370	6948370	circle: IV2018030714024007; square: IV2018030714233862
inbo	1140434_2	80	17351	1140434	1140434	circle: IV2018030719161925; square: IV2018030719244841
inbo	589698_3	53	17353	589698	589698	circle: IV2018030712002428; square: IV2018082008574310
inbo	1132201_2	80	17357	1132201	1132201	circle: IV2020032711173507; square: IV2020032712091388
inbo	1468114_1	82	17357	1468114	1468114	circle: IV2018030719311738; square: IV2018030719484292
inbo	5624882_2	55	17357	5624882	5624882	circle: IV2018030711143521; square: IV2018030711265492
inbo	823129_1	51	17357	823129	823129	circle: IV2017112912245580; square: IV2017112912580483
inbo	1036446_2	51	17359	1036446	1036446	circle: IV2017112908192809; square: IV2017112908460816
inbo	5630310_2	55	17366	5630310	5630310	circle: IV2018030610544440; square: IV2018030613174547
inbo	7203174_1	55	17366	7203174	7203174	circle: IV2018030614095561; square: IV2018030614122464
inbo	2133926_2	51	17367	2133926	2133926	circle: IV2018030511543075; square: IV2018030512111847
inbo	2264998_2	51	17367	2264998	2264998	circle: IV2018030513285216; square: IV2018030513530737
inbo	3734950_2	52	17367	3734950	3734950	circle: IV2018030514502970; square: IV2018030514594211
inbo	222518_1	80	17372	222518	222518	circle: IV2018031010111411; square: IV2018031010191687
inbo	369974_1	80	17372	369974	369974	circle: IV2018031112563585; square: IV2018031113042338
inbo	5253462_1	55	17372	5253462	5253462	circle: IV2018030509282854; square: IV2018030510512619
inbo	1443378_2	52	17374	1443378	1443378	circle: IV2018022813474152; square: IV2018030220035638
inbo	332786_2	52	17374	332786	332786	circle: IV2018030221003731; square: IV2018030221161700
inbo	1085366_2	52	17378	1085366	1085366	circle: IV2018030414484080; square: IV2018030415500950
inbo	1576886_2	82	17378	1576886	1576886	circle: IV2018031015311631; square: IV2018031021192601
inbo	717750_1	82	17378	717750	717750	circle: IV2018031113221134; square: IV2018031113285776
inbo	309458_2	51	17395	309458	309458	circle: IV2018030417514439; square: IV2018030418071744
inbo	471990_1	80	17395	471990	471990	circle: IV2018031108343898; square: IV2018031109022283
inbo	983990_1	52	17395	983990	983990	circle: IV2018030416111323; square: IV2018030416251801
inbo	2813697_1	52	17434	2813697	2813697	circle: IV2017120113271520; square: IV2017120114192219
inbo	1348277_1	10	17438	1348277	1348277	circle: IV2017120107565546; square: IV2017120108115051
inbo	1403657_2	10	17438	1403657	1403657	circle: IV2017120109300668; square: IV2017120111004036
inbo	299701_1	10	17438	299701	299701	circle: IV2017120108515000; square: IV2017120109032402
inbo	1829622_2	80	17666	1829622	1829622	circle: IV2019010911142819; square: IV2019010911305760
inbo	107830_2	80	17681	107830	107830	circle: IV2019020510392459; square: IV2019020510571326
inbo	1512886_2	80	17681	1512886	1512886	circle: IV2019020512391292; square: IV2019020512553396
inbo	1627010_2	53	17682	1627010	1627010	circle: IV2019031107334255; square: IV2019031107520890
inbo	1642233_2	55	17682	1642233	1642233	circle: IV2019010208003898; square: IV2019010208185391
inbo	3134649_2	51	17682	3134649	3134649	circle: IV2019010209232641; square: IV2019010209450232
inbo	8363961_2	55	17683	8363961	8363961	circle: IV2019022114385849; square: IV2019022114510668
inbo	3424742_2	51	17686	3424742	3424742	circle: IV2019022009580729; square: IV2019022010492413
inbo	9189270_1	55	17686	9189270	9189270	circle: IV2019010215101106; square: IV2019010215472640
inbo	1634546_1	50	17687	1634546	1634546	circle: IV2019030512211555; square: IV2019030512341370
inbo	2011870_2	82	17687	2011870	2011870	circle: IV2019010315434974; square: IV2019010315520211
inbo	1498102_2	80	17688	1498102	1498102	circle: IV2019010406260429; square: IV2019010406365884
inbo	6770678_1	51	17688	6770678	6770678	circle: IV2019010218340961; square: IV2019010218475304
inbo	6792238_1	52	17688	6792238	6792238	circle: IV2019010216252659; square: IV2019010216405649
inbo	1839666_1	80	17689	1839666	1839666	circle: IV2019020509150134; square: IV2019020510153108
inbo	5408201_2	55	17689	5408201	5408201	circle: IV2019012515324710; square: IV2019012515495181
inbo	3013714_2	45	17690	3013714	3013714	circle: IV2019030514081723; square: IV2019030514375356
inbo	3275858_2	45	17690	3275858	3275858	circle: IV2019030514525522; square: IV2019030515422067
inbo	1381569_2	51	17694	1381569	1381569	circle: IV2019021214331564; square: IV2019021214520710
inbo	1392705_2	51	17694	1392705	1392705	circle: IV2018121216433080; square: IV2018121218533825
inbo	1409089_2	51	17694	1409089	1409089	circle: IV2018121816405213; square: IV2018121817031507
inbo	2981953_2	51	17694	2981953	2981953	circle: IV2018121813400651; square: IV2018121814202946
inbo	4576306_1	55	17694	4576306	4576306	circle: IV2019020811552696; square: IV2019020812125743
inbo	6528306_1	55	17694	6528306	6528306	circle: IV2019021809433664; square: IV2019021811453524
inbo	81985_1	51	17694	81985	81985	circle: IV2018121811574327; square: IV2018121812191520
inbo	9655346_1	55	17694	9655346	9655346	circle: IV2019020810390261; square: IV2019020811023605
inbo	1249582_1	50	17695	1249582	1249582	circle: IV2018121815134218; square: IV2018121815460288
inbo	1677870_2	82	17695	1677870	1677870	circle: IV2019010406472400; square: IV2019010407103073
inbo	1887022_2	52	17695	1887022	1887022	circle: IV2018121815572118; square: IV2018121816195764
inbo	3002670_1	51	17695	3002670	3002670	circle: IV2018121814434064; square: IV2018121815031430
inbo	480306_1	55	17695	480306	480306	circle: IV2019020910455730; square: IV2019020910570357
inbo	9131058_1	55	17695	9131058	9131058	circle: IV2019021909195430; square: IV2019021909560725
inbo	1461001_2	10	17696	1461001	1461001	circle: IV2019011414351048; square: IV2019011415092985
inbo	1667357_2	10	17696	1667357	1667357	circle: IV2019010315193502; square: IV2019010315285888
inbo	6509618_1	55	17696	6509618	6509618	circle: IV2019021912262072; square: IV2019021912454923
inbo	2447382_2	51	17700	2447382	2447382	circle: IV2019010308222329; square: IV2019010308412535
inbo	6549737_2	55	17700	6549737	6549737	circle: IV2019010218580676; square: IV2019010219091816
inbo	1107666_1	50	17701	1107666	1107666	circle: IV2019031108122062; square: IV2019031108341174
inbo	1255122_1	50	17701	1255122	1255122	circle: IV2019020716030884; square: IV2019020808585406
inbo	1269458_1	50	17701	1269458	1269458	circle: IV2019020809404178; square: IV2019020809510944
inbo	7394534_1	55	17701	7394534	7394534	circle: IV2019020612581446; square: IV2019020613402086
inbo	8705254_1	55	17701	8705254	8705254	circle: IV2019020609412094; square: IV2019020612275238
inbo	8220722_2	55	17702	8220722	8220722	circle: IV2019020714420536; square: IV2019020715455743
inbo	3405958_1	51	17707	3405958	3405958	circle: IV2019022714201370; square: IV2019022715350593
inbo	6213542_2	55	17707	6213542	6213542	circle: IV2019021914301511; square: IV2019021914494248
inbo	6529158_2	55	17708	6529158	6529158	circle: IV2019022610090643; square: IV2019022612014191
inbo	1212382_2	52	17709	1212382	1212382	circle: IV2019010306473673; square: IV2019010306500942
inbo	1254486_2	51	17709	1254486	1254486	circle: IV2019022012091414; square: IV2019022012591316
inbo	1359838_1	52	17709	1359838	1359838	circle: IV2019010219160277; square: IV2019010219295713
inbo	3351638_2	51	17709	3351638	3351638	square: IV2019022011472738; circle: IV2019031509012165
inbo	3456990_1	51	17709	3456990	3456990	circle: IV2019010307000537; square: IV2019010307573190
inbo	1338805_2	9	17710	1338805	1338805	circle: IV2019010314291141; square: IV2019010314325267
inbo	1715637_2	10	17710	1715637	1715637	circle: IV2019010314170327; square: IV2019010314210644
inbo	1872565_1	10	17710	1872565	1872565	circle: IV2019010313212559; square: IV2019010313395896
inbo	1936821_2	10	17710	1936821	1936821	circle: IV2019010314442127; square: IV2019010314495413
inbo	1945013_1	10	17710	1945013	1945013	circle: IV2019010314572854; square: IV2019010315090270
inbo	1547265_1	10	17711	1547265	1547265	circle: IV2019011414090895; square: IV2019011414294981
inbo	1750129_2	10	17711	1750129	1750129	circle: IV2019011412165950; square: IV2019011413085987
inbo	1928193_1	10	17711	1928193	1928193	circle: IV2019010312545285; square: IV2019010313083140
inbo	3273046_2	51	17714	3273046	3273046	circle: IV2019022510115965; square: IV2019022510234996
inbo	3600726_2	51	17714	3600726	3600726	circle: IV2019022514042696; square: IV2019022514294786
inbo	2637569_1	51	17715	2637569	2637569	circle: IV2019012513495405; square: IV2019012514311759
inbo	1785525_2	10	17716	1785525	1785525	circle: IV2019010311595752; square: IV2019010312172058
inbo	1830581_1	10	17716	1830581	1830581	circle: IV2019010312332852; square: IV2019010312395304
inbo	1322614_1	80	17717	1322614	1322614	circle: IV2019010407172748; square: IV2019010407330134
inbo	1761206_1	80	17717	1761206	1761206	circle: IV2019013112081884; square: IV2019020110485762
inbo	1927030_1	80	17717	1927030	1927030	circle: IV2019010408021541; square: IV2019010408132142
inbo	1258422_2	80	17722	1258422	1258422	circle: IV2019020120070464; square: IV2019020120260519
inbo	1913782_1	80	17722	1913782	1913782	circle: IV2019020111131657; square: IV2019020119240586
inbo	1037522_2	52	17724	1037522	1037522	circle: IV2019030510151254; square: IV2019030510214992
inbo	1095890_2	52	17724	1095890	1095890	circle: IV2019030509454267; square: IV2019030509590498
inbo	1135826_2	52	17724	1135826	1135826	circle: IV2019030510462717; square: IV2019030510520410
inbo	1217746_2	52	17724	1217746	1217746	circle: IV2019030506553128; square: IV2019030507115159
inbo	1414354_2	52	17724	1414354	1414354	circle: IV2019030507344542; square: IV2019030507434490
inbo	1766326_2	82	17724	1766326	1766326	circle: IV2019020415303598; square: IV2019020508032046
inbo	31_2	12	17728	10153777	10153777_2120	circle: IV2019032212064389; square: IV2019032212131981
inbo	64_1	12	17728	10350385	10350385_2120	circle: IV2019032208302341; square: IV2019032208584087
inbo	51_1	15	17732	10260273	10260273_2130_hd	circle: IV2019021817083167; square: IV2019021817150496
inbo	1044273_1	15	17735	1044273	1044273_2120	circle: IV2019022009260834; square: IV2019022011203333
inbo	95_1	18	17735	11530033	11530033_2170	circle: IV2019021818015534; square: IV2019021818054897
inbo	98_1	22	17735	11923249	11923249_2190_mp	circle: IV2019022112420450; square: IV2019022112451373
inbo	62_1	23	17757	10334001	10334001_2190	circle: IV2019021810361306; square: IV2019021810403014
inbo	92_1	22	17757	10809137	10809137_2190_mp	circle: IV2019022019283436; square: IV2019022019311405
inbo	94_1	22	17757	11071281	11071281_2190_mp	circle: IV2019022111563297; square: IV2019022112005848
inbo	112_2	22	17763	16772913	16772913_2190_mp	circle: IV2019022112142789; square: IV2019022112243061
inbo	11595569_2	15	17763	11595569	11595569_2170	circle: IV2019021815154027; square: IV2019021815265092
inbo	102_2	22	17764	12431153	12431153_2190_mp	circle: IV2019022019402585; square: IV2019022019432327
inbo	50_1	15	17764	10252081	10252081_2130_hd	circle: IV2019022011461240; square: IV2019022011550085
inbo	40_1	15	17766	10186545_2130_hd	10186545_2130_hd	circle: IV2019021811115306; square: IV2019021811185084
inbo	40_2	18	17766	10186545_2170	10186545_2170	circle: IV2019021811495237; square: IV2019021812584035
inbo	87_1	12	17766	10665777	10665777_2120	circle: IV2019022012425367; square: IV2019022012454117
inbo	105_1	18	17767	12644145	12644145_2170	circle: IV2019021816464213; square: IV2019021816515851
inbo	108_2	18	17767	13561649	13561649_2170	circle: IV2019021813401634; square: IV2019021813445547
inbo	72_1	18	17767	10415921	10415921_2170	circle: IV2019032213402331; square: IV2019032213485629
inbo	110_2	18	17792	13823793	13823793_2170	circle: IV2019021816153672; square: IV2019021816195603
inbo	13_1	18	17792	1240881	1240881_2170	circle: IV2019021815483401; square: IV2019021815521039
inbo	100_2	18	17794	12054321	12054321_2170	circle: IV2019022016562144; square: IV2019022016595035
inbo	103_1	18	17794	12545841	12545841_2170	circle: IV2019022017090395; square: IV2019022017120928
inbo	107_2	18	17794	13070129	13070129_2170	circle: IV2019022017210446; square: IV2019022017234989
inbo	109_2	18	17794	13594417	13594417_2170	circle: IV2019021809512830; square: IV2019021809593611
inbo	111_2	18	17794	13889329	13889329_2170	circle: IV2019022013124861; square: IV2019022013161788
inbo	40_4	12	17800	10186545_2120	10186545_2120	circle: IV2019022013350210; square: IV2019022013365235
inbo	44_1	18	17800	10219313_2170	10219313_2170	circle: IV2019022017323559; square: IV2019022017345169
inbo	44_2	15	17800	10219313_2130_hd	10219313_2130_hd	circle: IV2019022017453613; square: IV2019022017491986
inbo	53_1	15	17801	10283825	10283825_2130_hd	circle: IV2019022015131506; square: IV2019022015174602
inbo	69_1	12	17801	10398513	10398513_2120	circle: IV2019021913152687; square: IV2019021913332143
inbo	82_1	12	17801	10578737	10578737_2120	circle: IV2019022013410657; square: IV2019022013422931
inbo	1068086_1	50	18039	1068086	1068086	circle: IV2020021916160633; square: IV2020021916204322
inbo	412726_2	50	18039	412726	412726	circle: IV2020022714231094; square: IV2020022714374375
inbo	805942_1	50	18039	805942	805942	circle: IV2020022714453255; square: IV2020022714594591
inbo	937014_2	52	18039	937014	937014	circle: IV2020022715151720; square: IV2020022715235211
inbo	1457206_1	50	18040	1457206	1457206	circle: IV2020022713561914; square: IV2020022714040075
inbo	1395766_1	52	18043	1395766	1395766	circle: IV2020022714073095; square: IV2020022714202521
inbo	1461302_1	50	18043	1461302	1461302	circle: IV2020022715014341; square: IV2020022715135992
inbo	1723446_2	50	18043	1723446	1723446	circle: IV2020022017031551; square: IV2020022017152138
inbo	12248402_2	45	18065	12248402	12248402	square: IV2020031013523658; circle: IV2020031014181916
inbo	4121938_1	45	18065	4121938	4121938	square: IV2020031010533280; circle: IV2020031012274263
inbo	7941057_1	55	18065	7941057	7941057	circle: IV2020041016413327; square: IV2020041110162473
inbo	11228210_1	55	18066	11228210	11228210	square: IV2020031211135033; circle: IV2020031211271709
inbo	7033906_1	55	18066	7033906	7033906	square: IV2020031015500072; circle: IV2020031114321268
inbo	3476978_1	45	18067	3476978	3476978	square: IV2020031213211228; circle: IV2020031214210192
inbo	1464626_1	50	18079	1464626	1464626	square: IV2020031216444711; circle: IV2020031216591855
inbo	3489106_2	45	18079	3489106	3489106	square: IV2020031215183226; circle: IV2020031216083507
inbo	7839026_1	55	18079	7839026	7839026	square: IV2020031219413746; circle: IV2020031220232348
inbo	11142674_1	55	18080	11142674	11142674	square: IV2020031709214044; circle: IV2020031709322618
inbo	13426066_1	45	18080	13426066	13426066	square: IV2020031510421165; circle: IV2020031510582347
inbo	13732946_1	45	18080	13732946	13732946	square: IV2020031613411839; circle: IV2020031614045534
inbo	3160082_1	55	18080	3160082	3160082	square: IV2020031719185827; circle: IV2020031719424607
inbo	6923026_2	55	18080	6923026	6923026	square: IV2020031814183054; circle: IV2020031814463025
inbo	10317874_1	55	18081	10317874	10317874	circle: IV2020032310140080; square: IV2020032310162222
inbo	1531602_1	50	18081	1531602	1531602	circle: IV2020032311340008; square: IV2020032311450360
inbo	1631954_1	50	18081	1631954	1631954	circle: IV2020032311123998; square: IV2020032311244871
inbo	1713874_1	50	18081	1713874	1713874	circle: IV2020032310590850; square: IV2020032311013628
inbo	1799154_2	52	18081	1799154	1799154	square: IV2020031719500185; circle: IV2020031720210794
inbo	2270930_2	82	18081	2270930	2270930	square: IV2020030914144636; circle: IV2020030915461539
inbo	11394098_1	55	18082	11394098	11394098	circle: IV2020032308205723; square: IV2020032310004475
inbo	2500918_2	80	18082	2500918	2500918	circle: IV2020021416312620; square: IV2020021416372690
inbo	4370774_2	80	18082	4370774	4370774	circle: IV2020021915563894; square: IV2020021916032116
inbo	10840262_1	55	18085	10840262	10840262	circle: IV2020032117163034; square: IV2020032117454182
inbo	11466886_1	55	18085	11466886	11466886	circle: IV2020032010333167; square: IV2020032010352445
inbo	1425286_1	55	18085	1425286	1425286	circle: IV2020032013483546; square: IV2020032014100838
inbo	1593478_2	50	18085	1593478	1593478	circle: IV2020032011314056; square: IV2020032011534393
inbo	2016390_1	51	18085	2016390	2016390	circle: IV2020032014241414; square: IV2020032015024795
inbo	3968934_1	51	18085	3968934	3968934	circle: IV2020032009020456; square: IV2020032009182854
inbo	6645958_1	55	18085	6645958	6645958	circle: IV2020032020060844; square: IV2020032020085241
inbo	4059478_1	51	18086	4059478	4059478	circle: IV2020031916470295; square: IV2020031917075475
inbo	4178198_2	51	18086	4178198	4178198	circle: IV2020031917423145; square: IV2020031917483592
inbo	4465750_2	51	18086	4465750	4465750	circle: IV2020031920061657; square: IV2020031920153021
inbo	7874902_1	55	18086	7874902	7874902	circle: IV2020031913230651; square: IV2020031913514631
inbo	1508278_1	52	18087	1508278	1508278	square: IV2020031911190774; circle: IV2020031911322474
inbo	1660114_2	52	18087	1660114	1660114	square: IV2020031909490502; circle: IV2020031909571819
inbo	1676498_2	52	18087	1676498	1676498	square: IV2020031819314141; circle: IV2020031819350053
inbo	1742034_2	52	18087	1742034	1742034	square: IV2020031819524559; circle: IV2020031819561395
inbo	3821746_2	53	18089	3821746	3821746	square: IV2020031815490992; circle: IV2020031815565608
inbo	12229422_1	55	18109	12229422	12229422	circle: IV2020021413575834; square: IV2020021414132240
inbo	2136622_1	82	18109	2136622	2136622	circle: IV2020021212123304; square: IV2020021215272236
inbo	7929558_1	55	18134	7929558	7929558	circle: IV2020021413283257; square: IV2020021413533466
inbo	22_1	15	18183	10082997	10082997_2130_hd	circle: IV2020041014344316; square: IV2020041014580548
inbo	36_1	15	18183	10160821	10160821_2130_hd	circle: IV2020041015003402; square: IV2020041015045733
inbo	63_1	12	18184	10342193	10342193_2120	circle: IV2020031623314554; square: IV2020031623341355
inbo	54_1	15	18185	10288565	10288565_2130_HD	circle: IV2020032507195059; square: IV2020032507272116
inbo	73_1	12	18185	10419637	10419637_2120	circle: IV2020031721391174; square: IV2020031721445054
inbo	8_2	15	18185	1015221	1015221_2130_hd	circle: IV2020041015331970; square: IV2020041015454515
inbo	81_1	15	18185	10547637	10547637_2130_hd	circle: IV2020041015191572; square: IV2020041015251468
inbo	1_1	15	18186	103425	103425_2130_hd	circle: IV2020032407405828; square: IV2020032407591177
inbo	2143233_2	10	18186	2143233	2143233_1330_hpr	circle: IV2020041113414042; square: IV2020041115424322
inbo	33_1	15	18186	10157493	10157493_2130_hd	circle: IV2020032407075640; square: IV2020032407141512
inbo	38_2	15	18186	10184117	10184117_2130_HD	circle: IV2020032506172393; square: IV2020032506350318
inbo	4_2	12	18186	1009077	1009077_2120	circle: IV2020031719500282; square: IV2020031719541234
inbo	60_1	12	18186	10323381	10323381_2120	circle: IV2020031721263370; square: IV2020031721311008
inbo	75_2	12	18186	10462645	10462645_2120	circle: IV2020031721123005; square: IV2020031721133100
inbo	21_2	15	18187	10082417	10082417_2130_hd	circle: IV2020032606295641; square: IV2020032606512028
inbo	55_1	12	18187	10291313	10291313_2120	circle: IV2020031719305514; square: IV2020031719352910
inbo	83_1	12	18187	10606705	10606705_2120	circle: IV2020031718404748; square: IV2020031718454661
inbo	84_1	15	18187	10642869	10642869_2130_hd	circle: IV2020041015550279; square: IV2020041016164636
inbo	88_2	12	18187	10672241	10672241_2120	circle: IV2020031718111730; square: IV2020031718194416
inbo	27_2	12	18190	10129201	10129201_2120	circle: IV2020031623083891; square: IV2020031623145130
inbo	37_1	15	18191	10172209	10172209_2130_hd	circle: IV2020033015060990; square: IV2020040609463603
inbo	67_2	14	18191	10381105	10381105_2130_had	circle: IV2020032507573897; square: IV2020032508043894
inbo	93_1	14	18191	10839857	10839857_2130_had	circle: IV2020032507445260; square: IV2020032507521080
inbo	17_1	12	18192	10038833	10038833_2120	circle: IV2020031619445734; square: IV2020031620082049
inbo	20_2	12	18192	10071601	10071601_2120	circle: IV2020031619030019; square: IV2020031619093265
inbo	25_1	15	18192	10104625	10104625_2130_hd	circle: IV2020040718225855; square: IV2020040718364614
inbo	34_2	15	18192	10157873	10157873_2130_hd	circle: IV2020040609581482; square: IV2020040610071733
inbo	57_1	12	18192	10300977	10300977_2120	circle: IV2020031606440525; square: IV2020031607083552
inbo	61_1	12	18192	10333745	10333745_2120	circle: IV2020031007173720; square: IV2020031007315831
inbo	70_1	12	18192	10399281	10399281_2120	circle: IV2020031607155535; square: IV2020031607261542
inbo	14_2	12	18193	10010417	10010417_2120	circle: IV2020031622542410; square: IV2020031622591285
inbo	18_1	15	18193	10057905_2130_hd	10057905_2130_hd	circle: IV2020040610425244; square: IV2020040710495029
inbo	46_1	15	18193	10221745	10221745_2130_hd	circle: IV2020041012063369; square: IV2020041012121406
inbo	48_1	15	18193	10235441	10235441_2130_hd	circle: IV2020040610220027; square: IV2020040610284725
inbo	49_1	12	18193	10239793	10239793_2120	circle: IV2020031621012941; square: IV2020031621034487
inbo	90_1	15	18193	10778801	10778801_2130_hd	circle: IV2020032508102596; square: IV2020032508164234
inbo	18_3	12	18194	10057905_2120	10057905_2120	circle: IV2020031620255092; square: IV2020031620313711
inbo	43_1	15	18194	10213553	10213553_2130_hd	circle: IV2020040710584322; square: IV2020040711103110
inbo	52_1	15	18194	10266801	10266801_2130_hd	circle: IV2020032508252645; square: IV2020032508304942
inbo	6_1	15	18194	1013937_2130_hd	1013937_2130_hd	circle: IV2020041011500716; square: IV2020041011550603
inbo	6_2	12	18194	1013937_2120	1013937_2120	circle: IV2020031620141069; square: IV2020031620214528
inbo	11_2	12	18197	1047861	1047861_2120	circle: IV2020032311244376; square: IV2020032311330161
inbo	23_2	15	18197	10102837	10102837_2130_hd	circle: IV2020032606534681; square: IV2020032607052215
inbo	32_1	15	18197	10157365	10157365_2130_hd	circle: IV2020033014401027; square: IV2020033015003401
inbo	65_2	12	18197	10353973	10353973_2120	circle: IV2020032310484895; square: IV2020032310554905
inbo	78_2	12	18197	10517813	10517813_2120	circle: IV2020032307593888; square: IV2020032308041552
inbo	1498805_2	10	18198	1498805	1498805_1330_hpr	circle: IV2020041112405710; square: IV2020041112490749
inbo	1594037_1	10	18198	1594037	1594037_1330_hpr	circle: IV2020041112571226; square: IV2020041113092546
inbo	2239241_1	10	18198	2239241	2239241_1330_hpr	circle: IV2020041110291283; square: IV2020041110473755
inbo	2364085_2	10	18198	2364085	2364085_1330_hpr	circle: IV2020041113212633; square: IV2020041113340690
inbo	12_2	12	18200	1053873	1053873_2120	circle: IV2020031522020707; square: IV2020031522110295
inbo	2333697_2	10	18200	2333697	2333697_1330_hpr	circle: IV2020041115493559; square: IV2020041116082534
inbo	29_2	12	18200	10138801	10138801_2120	circle: IV2020031522375705; square: IV2020031522385208
inbo	47_2	12	18200	10233009	10233009_2120	circle: IV2020031522224643; square: IV2020031522270466
inbo	58_2	15	18200	10314929	10314929	circle: IV2020041012244148; square: IV2020041012315171
inbo	68_2	12	18200	10392753	10392753_2120	circle: IV2020031521403397; square: IV2020031521461005
inbo	28_2	12	18204	10130609	10130609_2120	circle: IV2020031521030647; square: IV2020031521074867
inbo	3_2	12	18204	103601	103601_2120	circle: IV2020031521153338; square: IV2020031521211018
inbo	74_2	12	18204	10458289	10458289_2120	circle: IV2020031519301833; square: IV2020031519312449
inbo	86_1	12	18204	10654897	10654897_2120	circle: IV2020031413234346; square: IV2020031416051174
inbo	9_2	12	18204	1021105_2120	1021105_2120	circle: IV2020031520475153; square: IV2020031520570307
inbo	2056822_2	82	18214	2056822	2056822	circle: IV2020021210415831; square: IV2020021211170625
inbo	2130550_2	82	18214	2130550	2130550	circle: IV2020021211314188; square: IV2020021211431471
inbo	2318966_1	82	18214	2318966	2318966	circle: IV2020020718203772; square: IV2020021210331572
inbo	20657_1	15	18429	wz_10	wz_10	circle: IV2021011112005621; square: IV2021011112113548
inbo	1375541_1	23	18444	1375541	1375541	circle: IV2021011114133629; square: IV2021011114203839
inbo	326965_3	22	18444	326965	326965	circle: IV2021011113353756; square: IV2021011113420517
inbo	121525_2	12	18445	121525	121525	circle: IV2021011211410717; square: IV2021011211462831
inbo	3026229_2	23	18445	3026229	3026229	circle: IV2021011210111773; square: IV2021011210164709
inbo	388405_1	17	18445	388405	388405	circle: IV2021011122432466; square: IV2021011122484812
inbo	912693_1	22	18445	zw_02	zw_02	circle: IV2021011121021872; square: IV2021011122264803
inbo	23221_2	15	18446	23221	23221	circle: IV2021011211541635; square: IV2021011211591816
inbo	3168949_1	23	18446	3168949	3168949	circle: IV2021011213305234; square: IV2021011213354985
inbo	32053_2	17	18449	32053	32053	circle: IV2021011216211239; square: IV2021011216244401
inbo	556341_1	17	18449	556341	556341	circle: IV2021011213483112; square: IV2021011213510362
inbo	425269_1	12	18450	425269	425269	circle: IV2021011309125223; square: IV2021011309183055
inbo	192305_1	17	18451	ty_01	ty_01	circle: IV2021011309484294; square: IV2021011309504788
inbo	3141425_1	15	18451	3141425	3141425	circle: IV2021011309283422; square: IV2021011309304029
inbo	3796785_1	22	18451	3796785	3796785	circle: IV2021011310273149; square: IV2021011310410273
inbo	143797_1	12	18452	143797	143797	circle: IV2021011312123392; square: IV2021011312154589
inbo	196021_1	12	18452	196021	196021	circle: IV2021011313511379; square: IV2021011314105671
inbo	2080902_1	50	18452	2080902	2080902	circle: IV2020092113420530; square: IV2020092116020052
inbo	2645158_2	80	18452	2645158	2645158	circle: IV2020092113020783; square: IV2020092113240774
inbo	3192390_2	80	18452	3192390	3192390	circle: IV2020092110495236; square: IV2020092111163246
inbo	61877_2	12	18452	61877	61877	circle: IV2021011311172856; square: IV2021011311205751
inbo	64949_2	17	18452	64949	64949	circle: IV2021011312210575; square: IV2021011312254296
inbo	2161_1	15	18453	2161	2161	circle: IV2021011320130918; square: IV2021011320162379
inbo	51313_1	12	18453	51313	51313	circle: IV2021011317421312; square: IV2021011317445965
inbo	67697_1	17	18453	67697	67697	circle: IV2021011317581609; square: IV2021011318514943
inbo	3534133_2	23	18454	zw_08	zw_08	circle: IV2021011321100760; square: IV2021011321124506
inbo	110705_1	12	18457	110705	110705	circle: IV2021011321424591; square: IV2021011321462517
inbo	120945_1	12	18457	120945	120945	circle: IV2021011321285193; square: IV2021011321315520
inbo	192625_1	12	18457	192625	192625	circle: IV2021011321523331; square: IV2021011321561657
inbo	64949_1	17	18457	bd_13	bd_13	circle: IV2021011409405597; square: IV2021011409434206
inbo	110385_1	17	18458	110385	110385	circle: IV2021011409540831; square: IV2021011411424030
inbo	1371953_1	23	18458	1371953	1371953	circle: IV2021011411563611; square: IV2021011412380930
inbo	1421105_1	22	18458	1421105	1421105	circle: IV2021011414082974; square: IV2021011414113050
inbo	1826514_1	50	18458	1826514	1826514	circle: IV2020121514561916; square: IV2020121615412279
inbo	1945393_1	22	18458	1945393	1945393	circle: IV2021011415163965; square: IV2021011415190633
inbo	2420529_1	22	18458	2420529	2420529	circle: IV2021011413392661; square: IV2021011413414322
inbo	1040561_1	14	18459	ca_11	ca_11	circle: IV2021011420521383; square: IV2021011420541030
inbo	3358866_2	80	18459	3358866	3358866	circle: IV2020122311450566; square: IV2020122313070514
inbo	385201_2	14	18459	385201	385201	circle: IV2021011417560923; square: IV2021011417592603
inbo	57521_1	14	18459	ca_13	ca_13	circle: IV2021011421011981; square: IV2021011421031696
inbo	581809_1	14	18459	ca_10	ca_10	circle: IV2021011415473427; square: IV2021011415502665
inbo	843953_1	14	18459	ca_09	ca_09	circle: IV2021011421115160; square: IV2021011421142186
inbo	975025_1	14	18459	975025	975025	circle: IV2021011421243074; square: IV2021011421263811
inbo	188593_1	14	18460	ca_08	ca_08	circle: IV2021011509552820; square: IV2021011509585608
inbo	319665_1	14	18460	ca_01	ca_01	circle: IV2021011510212832; square: IV2021011510232253
inbo	4837553_1	14	18460	4837553	4837553	circle: IV2021011510375168; square: IV2021011510412835
inbo	811185_2	14	18460	811185	811185	circle: IV2021011421460959; square: IV2021011421474427
inbo	913585_2	14	18460	913585	913585	circle: IV2021011511362765; square: IV2021011511382024
inbo	966833_2	14	18460	966833	966833	circle: IV2021011511481135; square: IV2021011511501803
inbo	111985_1	12	18463	111985	111985	circle: IV2021011513522454; square: IV2021011513563616
inbo	2057585_1	15	18463	2057585	2057585	circle: IV2021011511574673; square: IV2021011511595068
inbo	380529_2	15	18463	380529	380529	circle: IV2021011512105237; square: IV2021011512133850
inbo	91505_1	15	18463	91505	91505	circle: IV2021011513410504; square: IV2021011513425087
inbo	1793746_1	50	18465	1793746	1793746	circle: IV2020122112472941; square: IV2020122113221711
inbo	2016242_1	50	18465	2016242	2016242	circle: IV2020122114152043; square: IV2020122115035050
inbo	2088658_1	50	18465	2088658	2088658	circle: IV2020122115555943; square: IV2020122116072342
inbo	3025009_1	23	18465	dh_16	dh_16	circle: IV2021011514502944; square: IV2021011514530901
inbo	338033_1	14	18465	dh_06	dh_06	circle: IV2021011516500457; square: IV2021011516515867
inbo	2156242_1	50	18466	2156242	2156242	circle: IV2020122119041715; square: IV2020122119081874
inbo	228977_2	17	18466	228977	228977	circle: IV2021011523012885; square: IV2021011523051835
inbo	2541138_1	80	18466	2541138	2541138	circle: IV2021010409200790; square: IV2021010409345523
inbo	2598774_2	80	18466	2598774	2598774	circle: IV2021010411284004; square: IV2021010411395735
inbo	2767798_1	80	18466	2767798	2767798	circle: IV2021010409565410; square: IV2021010411002516
inbo	3101622_1	80	18466	3101622	3101622	circle: IV2020122414161850; square: IV2020122414485077
inbo	3202998_2	80	18466	3202998	3202998	circle: IV2020122314500625; square: IV2020122315501560
inbo	453425_1	17	18466	sl_01	sl_01	circle: IV2021011522302763; square: IV2021011522332571
inbo	2163698_1	52	18467	2163698	2163698	circle: IV2020122119483530; square: IV2020122120080835
inbo	2192370_1	52	18467	2192370	2192370	circle: IV2020122215401630; square: IV2020122215523497
inbo	174897_1	12	18471	174897	174897	circle: IV2021011914214175; square: IV2021011914253938
inbo	259889_1	15	18471	ij_02	ij_02	circle: IV2021012509415504; square: IV2021012509434584
inbo	371505_1	12	18471	371505	371505	circle: IV2021011911345110; square: IV2021011911441348
inbo	143153_1	15	18472	143153	143153	circle: IV2021012513463321; square: IV2021012513551835
inbo	2780977_2	18	18472	2780977	2780977	circle: IV2021020122084267; square: IV2021020122134201
inbo	3043121_2	15	18472	3043121	3043121	circle: IV2021020122244119; square: IV2021020122272226
inbo	180017_1	15	18473	180017	180017	circle: IV2021021220084770; square: IV2021021220114269
inbo	3403569_1	15	18473	3403569	3403569	circle: IV2021021616114876; square: IV2021021616150916
inbo	3587889_2	15	18473	3587889	3587889	circle: IV2021021615585106; square: IV2021021616014407
inbo	3665713_1	17	18473	3665713	3665713	circle: IV2021021219501413; square: IV2021021219574997
inbo	782129_1	15	18473	782129	782129	circle: IV2021020209383152; square: IV2021020209412979
inbo	2441398_2	52	18474	2441398	2441398	circle: IV2020122217382627; square: IV2020122219451167
inbo	1448238_1	50	18480	1448238	1448238	circle: IV2020092312070259; square: IV2020092312173451
inbo	2070830_1	50	18480	2070830	2070830	circle: IV2020092311165970; square: IV2020092311350272
inbo	3492617_2	10	18481	3492617	3492617	circle: IV2021012522102067; square: IV2021012522205817
inbo	175921_1	15	18487	ty_20	TY_20	circle: IV2021012814295639; square: IV2021012814304459
inbo	175921_2	23	18487	175921	175921	circle: IV2021012815152551; square: IV2021012815174568
inbo	3600177_1	22	18487	3600177	3600177	circle: IV2021012814205997; square: IV2021012814220819
inbo	4255537_1	15	18487	4255537	4255537	circle: IV2021012814405758; square: IV2021012814423067
inbo	5959473_1	22	18487	5959473	5959473	circle: IV2021012811583289; square: IV2021012812153975
inbo	61233_1	15	18487	61233	61233	circle: IV2021012810575822; square: IV2021012811225646
inbo	2027313_1	13	18491	2027313	2027313	circle: IV2021030415412295; square: IV2021030415431720
inbo	4386609_1	18	18491	4386609	4386609	circle: IV2021030414321464; square: IV2021030414365081
inbo	61233_2	15	18491	ty_18	TY_18	circle: IV2021030415195566; square: IV2021030415234918
inbo	978737_2	18	18491	978737	978737	circle: IV2021030415543138; square: IV2021030415574137
inbo	1653761_1	10	18492	1653761	1653761	circle: IV2021012613043268; square: IV2021012613144954
inbo	2595841_2	10	18492	2595841	2595841	circle: IV2021012608515707; square: IV2021012609023284
inbo	3054593_1	10	18492	3054593	3054593	circle: IV2021012612145091; square: IV2021012612551785
inbo	3062785_2	10	18492	3062785	3062785	circle: IV2021012609092697; square: IV2021012609151092
inbo	137393_1	17	18493	137393	137393_2160	circle: IV2020120210211261; square: IV2020120211422533
inbo	2809525_1	10	18495	2809525	2809525	circle: IV2021012613231236; square: IV2021012613275915
inbo	3010229_2	10	18495	3010229	3010229	circle: IV2021012614500583; square: IV2021012614592328
inbo	3359797_1	10	18495	3359797	3359797	circle: IV2021012613403631; square: IV2021012614050473
inbo	358577_1	12	18495	358577	358577	circle: IV2021030414004295; square: IV2021030414080835
inbo	3963057_1	22	18495	3963057	3963057	circle: IV2021012116471966; square: IV2021012116502705
inbo	1710001_1	17	18498	1710001	1710001	circle: IV2021020816225981; square: IV2021020816253345
inbo	2178865_1	17	18498	2178865	2178865	circle: IV2021020910155441; square: IV2021020910185430
inbo	2390193_1	15	18498	2390193	2390193	circle: IV2021020816370382; square: IV2021020816390743
inbo	3807153_1	12	18498	3807153	3807153_2120	circle: IV2020120213531385; square: IV2020120213552765
inbo	661425_1	12	18498	661425	661425_2120	circle: IV2020120211582747; square: IV2020120212133830
inbo	1532081_1	10	18500	1532081	1532081	circle: IV2021012615095338; square: IV2021012615132923
inbo	1545393_1	18	18501	wn_20	WN_20	circle: IV2021020318044186; square: IV2021020318085555
inbo	2593969_1	22	18501	2593969	2593969	circle: IV2021020812015021; square: IV2021020812040795
inbo	3642545_1	18	18501	3642545	3642545	circle: IV2021020812481017; square: IV2021020812520105
inbo	38065_1	17	18501	wn_25	WN_25	circle: IV2021020312441990; square: IV2021020313074317
inbo	5297_2	12	18501	5297	5297_2120	circle: IV2020120213594183; square: IV2020120214062624
inbo	70833_1	17	18501	wn_29	WN_29	circle: IV2021020813375412; square: IV2021020813433421
inbo	795825_1	18	18501	wn_27	WN_27	circle: IV2021020315180623; square: IV2021020315325351
inbo	1700533_1	10	18502	1700533	1700533	circle: IV2021012615291966; square: IV2021012615342454
inbo	2993589_1	10	18502	2993589	2993589	circle: IV2021012619242972; square: IV2021012619312392
inbo	3026357_2	10	18502	3026357	3026357	circle: IV2021012615172403; square: IV2021012615264290
inbo	3046837_1	10	18502	3046837	3046837	circle: IV2021012615400469; square: IV2021012615442489
inbo	3432449_2	10	18502	3432449	3432449	circle: IV2021012619414085; square: IV2021012619472519
inbo	1298609_1	19	18506	1298609	1298609	circle: IV2021020911184688; square: IV2021020911210746
inbo	3637_1	15	18506	3637	3637	circle: IV2021020911000800; square: IV2021020911020461
inbo	851253_1	19	18506	zw_04	ZW_04_2180	circle: IV2020120214121489; square: IV2020120214143341
inbo	1381553_1	18	18507	wn_05	wn_05	circle: IV2021012515511275; square: IV2021012516111513
inbo	1660081_1	22	18507	1660081	1660081	circle: IV2021012918041681; square: IV2021012918061488
inbo	1933238_1	50	18507	1933238	1933238	circle: IV2020122308124078; square: IV2020122311131184
inbo	3036337_1	22	18507	3036337	3036337	circle: IV2021012912113932; square: IV2021012912164517
inbo	414897_1	22	18507	wz_03	WZ_03_2190	circle: IV2020120214214868; square: IV2020120214244975
inbo	458037_1	23	18509	zw_31	ZW_31	circle: IV2021020310360704; square: IV2021020311125571
inbo	273717_1	19	18512	273717	273717_2180	circle: IV2020120215071324; square: IV2020120215103764
inbo	3995825_1	22	18512	nd_21	ND_21	circle: IV2021021812391093; square: IV2021021812420586
inbo	606261_1	19	18512	606261	606261_2180	circle: IV2020120215283175; square: IV2020120215303595
inbo	81973_2	15	18512	81973	81973	circle: IV2021020311555972; square: IV2021020312011653
inbo	2160817_1	22	18513	nd_22	ND_22	circle: IV2021021814592119; square: IV2021021815005509
inbo	11573_1	19	18514	11573	11573_2180	circle: IV2020120215592681; square: IV2020120216014961
inbo	413749_1	19	18514	413749	413749_2180	circle: IV2020120215370449; square: IV2020120215384647
inbo	470325_1	19	18514	470325	470325_2180	circle: IV2020120215451489; square: IV2020120215464258
inbo	97589_1	15	18514	zw_95	ZW_95	circle: IV2021021814202479; square: IV2021021814243054
inbo	1129781_1	19	18515	zw_10	zw_10_2180	circle: IV2020120216061586; square: IV2020120216081388
inbo	1947634_2	82	18515	1947634	1947634	circle: IV2021010413144545; square: IV2021010413272392
inbo	195893_1	15	18515	zw_21	ZW_21	circle: IV2021021116214310; square: IV2021021117221269
inbo	2552758_2	82	18515	2552758	2552758	circle: IV2021010511565020; square: IV2021010512104789
inbo	2814902_2	82	18515	2814902	2814902	circle: IV2021010512325510; square: IV2021010512544258
inbo	2945974_2	82	18515	2945974	2945974	circle: IV2020091516571792; square: IV2020091517122821
inbo	3601334_2	82	18515	3601334	3601334	circle: IV2021010515355164; square: IV2021010515461422
inbo	3863478_1	82	18515	3863478	3863478	circle: IV2020091609223645; square: IV2020091609374407
inbo	4912054_2	82	18515	4912054	4912054	circle: IV2021010611250219; square: IV2021010611424688
inbo	81205_2	14	18515	81205	81205	circle: IV2021021017234254; square: IV2021021017253747
inbo	1060149_2	19	18519	1060149	1060149_2180	circle: IV2020120216123940; square: IV2020120216140340
inbo	1113397_1	19	18519	1113397	1113397	circle: IV2021021215555995; square: IV2021021217063708
inbo	261429_1	17	18519	zw_05	ZW_05	circle: IV2021021516334763; square: IV2021021516522470
inbo	268341_1	19	18519	268341	268341_2180	circle: IV2020120410244162; square: IV2020120410471019
inbo	326965_2	17	18519	zw_27	ZW_27_2160	circle: IV2020120216201945; square: IV2020120216251498
inbo	64821_1	19	18519	zw_17	ZW_17	circle: IV2021021118354522; square: IV2021021208503675
inbo	1223473_1	22	18520	1223473	1223473	circle: IV2021020914291444; square: IV2021020914425657
inbo	88117_1	15	18520	88117	88117	circle: IV2021020913514220; square: IV2021020914032298
inbo	215665_1	14	18521	sb_06	Sb_06	circle: IV2021020915334073; square: IV2021020915383240
inbo	240433_1	19	18521	240433	240433_2180	circle: IV2020122314440629; square: IV2020122315100049
inbo	477809_1	14	18521	477809	477809	circle: IV2021020915562064; square: IV2021020916425718
inbo	1036465_1	19	18522	ca_12	Ca_12	circle: IV2021020913215942; square: IV2021020913245178
inbo	250033_1	19	18522	ca_06	Ca_06_2180	circle: IV2020122315372252; square: IV2020122315393420
inbo	512177_1	19	18522	512177	512177	circle: IV2021020912560994; square: IV2021020913072938
inbo	782513_1	19	18522	ca_04	Ca_04_2180	circle: IV2020122315175746; square: IV2020122315202968
inbo	1172657_1	19	18526	1172657	1172657_2180	circle: IV2020120111495894; square: IV2020120112025970
inbo	255153_1	19	18526	255153	255153_2180	circle: IV2020113016470340; square: IV2020113016571783
inbo	386225_1	19	18526	oh_01	OH_01_2180	circle: IV2020113021114309; square: IV2020113021140253
inbo	42161_1	19	18526	kd_05	KD_05_2180	circle: IV2020113017361075; square: IV2020113017513017
inbo	151729_1	15	18527	wz_22	WZ_22	circle: IV2021031211493518; square: IV2021031211544343
inbo	300209_1	14	18527	wz_21	WZ_21	circle: IV2021011913002470; square: IV2021011916532820
inbo	562353_1	17	18527	562353	562353	circle: IV2021011813155073; square: IV2021011813214975
inbo	664753_1	19	18527	wz_23	WZ_23_2180	circle: IV2020122415455466; square: IV2020122415495361
inbo	87217_1	17	18527	wz_24	WZ_24_2160	circle: IV2020122415564970; square: IV2020122416000878
inbo	4765682_2	82	18529	4765682	4765682	circle: IV2021010614593635; square: IV2021010616075752
inbo	567473_1	19	18530	567473	567473_2180	circle: IV2020122315442760; square: IV2020122315464658
inbo	616625_1	19	18530	oh_03	OH_03	circle: IV2021021816364719; square: IV2021021816514337
inbo	631985_1	19	18530	oh_02	OH_02	circle: IV2021031016342319; square: IV2021031016363298
inbo	648369_1	19	18530	648369	648369_2180	circle: IV2020122315515392; square: IV2020122315542805
inbo	249649_2	17	18533	sd_02	SD_02	circle: IV2021021815145590; square: IV2021021816160483
inbo	511793_1	17	18533	511793	511793_2160	circle: IV2020122316022040; square: IV2020122316200555
inbo	574901_1	19	18533	bd_06	BD_06_2180	circle: IV2020122316500539; square: IV2020122316540893
inbo	3319506_1	82	18534	3319506	3319506	circle: IV2021010716182545; square: IV2021010716382666
inbo	3450578_1	82	18534	3450578	3450578	circle: IV2021010715421629; square: IV2021010715544363
inbo	395957_1	12	18534	395957	395957_2120	circle: IV2020122317032853; square: IV2020122317102738
inbo	4613842_1	82	18534	4613842	4613842	circle: IV2021010717355079; square: IV2021010717572036
inbo	2943734_2	80	18543	2943734	2943734_7140_meso	circle: IV2021010513464242; square: IV2021011410061678
inbo	4441846_2	82	18543	4441846	4441846_7140_oli	circle: IV2021011410265740; square: IV2021011410290050
inbo	1951958_1	50	18544	1951958	1951958	circle: IV2021012511485933; square: IV2021012514345931
inbo	3367542_2	82	18544	3367542	3367542	circle: IV2021010510323646; square: IV2021010510524635
inbo	3411958_2	80	18544	3411958	3411958_7140_meso	circle: IV2021011414442175; square: IV2021011511220174
inbo	4416118_1	82	18544	4416118	4416118	circle: IV2021010510103440; square: IV2021010510241823
inbo	3185198_1	82	18547	3185198	3185198_7140_oli	circle: IV2021011513134385; square: IV2021011513264212
inbo	3447342_1	82	18547	3447342	3447342_7140_oli	circle: IV2021011512570115; square: IV2021011513050017
inbo	4495918_1	82	18547	4495918	4495918_7140_oli	circle: IV2021011512262706; square: IV2021011512435934
inbo	911617_2	52	18548	911617	911617	circle: IV2021012514434193; square: IV2021012515060055
inbo	1540082_2	82	18549	1540082	1540082	circle: IV2021010414204563; square: IV2021010414332262
inbo	2977246_1	82	18549	2977246	2977246_7140_oli	circle: IV2021012509255046; square: IV2021012511343208
inbo	3223006_1	82	18549	3223006	3223006_7140_oli	circle: IV2021012113540381; square: IV2021012212312587
inbo	4013534_1	82	18549	4013534	4013534_7140_oli	circle: IV2021011520494495; square: IV2021011521144741
inbo	2018749_1	10	18550	2018749	2018749	circle: IV2021012516174650; square: IV2021012516232562
inbo	2805181_2	10	18550	2805181	2805181	circle: IV2021012515560789; square: IV2021012516025281
inbo	2936253_1	10	18550	2936253	2936253	circle: IV2021012521580594; square: IV2021012522022982
inbo	3067325_1	10	18550	3067325	3067325	circle: IV2021012516055540; square: IV2021012516133392
inbo	2454238_2	82	18558	2454238	2454238	circle: IV2021012815295167; square: IV2021012815431028
inbo	3502814_2	82	18558	3502814	3502814	circle: IV2021012815483282; square: IV2021012815552609
inbo	1950913_1	49	18814	1950913	1950913	circle: IV2022032312524429; square: IV2022032313075502
inbo	36790_1	52	18814	36790	36790	circle: IV2022032516105561
inbo	65281_1	52	18814	65281	65281	circle: IV2022032313595677; square: IV2022032314024866
inbo	66486_1	50	18814	66486	66486	circle: IV2022032515502975; square: IV2022032516063754
inbo	1012434_2	80	18815	1012434	1012434	circle: IV2022030813442125; square: IV2022030814423559
inbo	2435666_1	55	18815	2435666	2435666	circle: IV2022031008503476; square: IV2022031009405074
inbo	470546_1	49	18816	470546	470546	circle: IV2022032514214801; square: IV2022032515053478
inbo	638582_2	50	18816	638582	638582	circle: IV2022032513201054; square: IV2022032513592073
inbo	3428530_2	53	18820	3428530	3428530	circle: IV2022032511305741; square: IV2022032512184876
inbo	100465_2	14	18822	dh_12	dh_12	square: IV2021071921130258
inbo	1124465_2	14	18822	dh_10	dh_10	square: IV2021071416240557
inbo	2173041_2	14	18822	dh_14	dh_14	square: IV2021071416240932
inbo	201905_2	15	18823	wn_12	wn_12	square: IV2021091710582633
inbo	11457713_2	22	18827	11457713	11457713_1	square: IV2021091710581839
inbo	300918_1	80	18827	300918	300918	circle: IV2022030815014028; square: IV2022030820022362
inbo	555830_2	80	18827	555830	555830	circle: IV2022030909573927; square: IV2022030910341806
inbo	3069105_2	22	18828	3069105	3069105_1	square: IV2021091710581586
inbo	3859846_2	55	18828	3859846	3859846	circle: IV2022031014462251; square: IV2022031709241500
inbo	730758_1	50	18828	730758	730758	circle: IV2022032415233158; square: IV2022032416470190
inbo	11080881_2	22	18830	11080881	11080881_1	square: IV2021091710580801
inbo	414897_3	23	18834	414897	414897_1	square: IV2021091710581356
inbo	10048689_2	22	18835	10048689	10048689_1	square: IV2021091710582364
inbo	236742_1	55	18835	236742	236742	circle: IV2022032310310813; square: IV2022032311334666
inbo	2534662_2	55	18835	2534662	2534662	square: IV2022032120524892
inbo	447665_2	15	18835	wn_15	wn_15	square: IV2021091710581620
inbo	75889_1	14	18836	dh_03	dh_03	circle: IV2022022715240205; square: IV2022022721063192
inbo	20390_2	55	18837	20390	20390	circle: IV2022032109521908; square: IV2022032110531118
inbo	3864710_1	55	18837	3864710	3864710	circle: IV2022031713495377; square: IV2022031714152010
inbo	11413617_1	23	18841	dh_01	11413617	circle: IV2022031511350730; square: IV2022031511405868
inbo	297073_1	14	18841	dh_05	dh_05	circle: IV2022031516273992; square: IV2022031516330287
inbo	338033_2	14	18841	338033	338033	circle: IV2022031609191480; square: IV2022031609232606
inbo	7219313_1	22	18841	dh_04	dh_04	circle: IV2022031609582306; square: IV2022031610041121
inbo	192305_3	17	18842	192305	192305	circle: IV2022031611480796; square: IV2022031611594417
inbo	388913_1	12	18842	388913	388913	circle: IV2022022622544515; square: IV2022022623030182
inbo	438065_1	12	18842	438065	438065	circle: IV2022031610244106; square: IV2022031610320843
inbo	454449_1	12	18842	454449	454449	circle: IV2022031611044320; square: IV2022031611215656
inbo	1106097_1	14	18843	ca_07	ca_07	circle: IV2022022818342797; square: IV2022022818365753
inbo	1237169_1	14	18843	ca_02	ca_02	circle: IV2022022623181075; square: IV2022022623241598
inbo	1368241_1	14	18843	ca_15	ca_15	circle: IV2022031614343498; square: IV2022031615023963
inbo	1560753_1	14	18843	ca_05	ca_05	circle: IV2022022622253016; square: IV2022022622363959
inbo	1691825_1	14	18843	ca_03	ca_03	circle: IV2022022818175616; square: IV2022022818203568
inbo	188593_2	14	18843	188593	188593	circle: IV2022022818481202; square: IV2022022818522286
inbo	319665_2	14	18843	319665	319665	circle: IV2022031614182104; square: IV2022031614215349
inbo	57521_2	14	18843	57521	57521	circle: IV2022031613224934; square: IV2022031613422004
inbo	581809_2	14	18843	581809	581809	circle: IV2022031613571747; square: IV2022031614031767
inbo	1648753_1	14	18844	dh_07	dh_07	circle: IV2022031615151196; square: IV2022031615200103
inbo	1849238_2	55	18844	1849238	NA	NA
inbo	2394225_1	14	18844	dh_11	dh_11	circle: IV2022032311062202; square: IV2022032311241579
inbo	589109_1	17	18844	zw_16	zw_16	circle: IV2022022819065319; square: IV2022022819130686
inbo	650549_1	17	18844	zw_15	zw_15	circle: IV2022030112232741; square: IV2022030112284715
inbo	259889_3	12	18845	259889	259889	circle: IV2022031615394807; square: IV2022031616040407
inbo	136885_1	12	18848	136885	136885	circle: IV2022030213183192; square: IV2022030213233916
inbo	159537_2	15	18848	159537	159537	circle: IV2022031619475662; square: IV2022031619525464
inbo	2741_1	12	18848	2741	2741	circle: IV2022030210174364; square: IV2022030210245061
inbo	290609_1	15	18848	ov_91	ov_91	circle: IV2022031616195962; square: IV2022031616292374
inbo	461493_1	12	18848	461493	461493	circle: IV2022030210333141; square: IV2022030210363565
inbo	514741_1	12	18848	514741	514741	circle: IV2022030213370159; square: IV2022030213394969
inbo	665653_1	17	18848	665653	665653	circle: IV2022030209540567; square: IV2022030210003057
inbo	122673_1	12	18849	122673	122673	circle: IV2022031620124918; square: IV2022031620180663
inbo	130865_2	17	18849	130865	130865	circle: IV2022031620244735; square: IV2022031620295649
inbo	165301_2	15	18849	bd_11	bd_11	circle: IV2022042710554038; square: IV2022042711011620
inbo	251317_2	15	18849	bd_14	bd_14	circle: IV2022042716103709; square: IV2022042716131271
inbo	329841_2	17	18849	329841	329841	circle: IV2022042710222638; square: IV2022042710353128
inbo	370101_2	17	18849	370101	370101	circle: IV2022030320363678; square: IV2022030320395951
inbo	513461_1	12	18849	513461	513461	circle: IV2022030320251055; square: IV2022030320284365
inbo	720689_1	17	18849	720689	720689	circle: IV2022031620420928; square: IV2022031620520353
inbo	12401_1	12	18850	12401	12401	circle: IV2022042716360493; square: IV2022042716401758
inbo	32681_1	101	18850	ZSCPQ328	NA	NA
inbo	456817_1	12	18850	456817	456817	circle: IV2022042716235735; square: IV2022042716290394
inbo	5262761_1	101	18850	ZSCPQ332	NA	NA
inbo	532849_2	12	18850	532849	532849	circle: IV2022042717395837; square: IV2022042717430997
inbo	5874089_1	101	18850	ZSCPQ333	NA	NA
inbo	6389361_2	23	18850	6389361	6389361	circle: IV2022042809093911; square: IV2022042809160302
inbo	6579569_1	18	18850	6579569	6579569	circle: IV2022042716522756; square: IV2022042716593057
inbo	3657129_1	101	18851	ZSCPQ330	NA	NA
inbo	4013365_1	23	18851	4013365	4013365	circle: IV2022042809325082; square: IV2022042809370928
inbo	4115881_1	101	18851	ZSCPQ331	NA	NA
inbo	458037_2	23	18851	458037	458037	circle: IV2022032111433237; square: IV2022032111481512
inbo	6094133_1	23	18851	6094133	6094133	circle: IV2022042814541748; square: IV2022042814581877
inbo	6409641_1	101	18851	ZSCPQ335	NA	NA
inbo	6716841_1	101	18851	ZSCPQ336	NA	NA
inbo	7159093_1	23	18851	7159093	7159093	circle: IV2022032110412070; square: IV2022032110452935
inbo	7220533_2	23	18851	7220533	7220533	circle: IV2022031621080356; square: IV2022031621120972
inbo	7421237_1	23	18851	7421237	7421237	circle: IV2022032111193875; square: IV2022032111315512
inbo	8207669_1	23	18851	8207669	8207669	circle: IV2022032109223660; square: IV2022032109305242
inbo	1896241_1	22	18852	1896241	1896241	circle: IV2022032113550270; square: IV2022032114004370
inbo	2993969_1	22	18852	2993969	2993969	circle: IV2022032112371561; square: IV2022032112422059
inbo	4779825_1	22	18852	4779825	4779825	circle: IV2022032113324715; square: IV2022032113360637
inbo	6139697_1	22	18852	6139697	6139697	circle: IV2022032113160894; square: IV2022032113193220
inbo	9760561_1	22	18852	9760561	9760561	circle: IV2022032114372651; square: IV2022032114411660
inbo	1378025_1	101	18855	ZSCPQ344	NA	NA
inbo	2227625_1	101	18855	ZSCPQ329	NA	NA
inbo	273969_1	17	18855	sc_03	sc_03	circle: IV2022042912314790; square: IV2022042912482620
inbo	339505_1	12	18855	339505	339505	circle: IV2022042911172217; square: IV2022042911232605
inbo	360241_1	12	18855	360241	360241	circle: IV2022042816324163; square: IV2022042816375226
inbo	6225321_1	101	18855	ZSCPQ334	NA	NA
inbo	634417_2	12	18855	634417	634417	circle: IV2022042911313354; square: IV2022042911542414
inbo	1117673_1	101	18856	ZSCPQ341	NA	NA
inbo	1254825_1	101	18856	ZSCPQ342	NA	NA
inbo	1466537_1	101	18856	ZSCPQ345	NA	NA
inbo	208433_2	15	18856	dp_11	dp_11	circle: IV2022050313162490; square: IV2022050313224702
inbo	293041_1	15	18856	dp_10	dp_10	circle: IV2022050313330804; square: IV2022050313373565
inbo	335337_1	101	18856	ZSCPQ339	NA	NA
inbo	3668438_1	55	18856	3668438	3668438	circle: IV2022031709505495; square: IV2022031711181536
inbo	522710_1	55	18856	522710	522710	circle: IV2022031712335259; square: IV2022031713202316
inbo	556849_1	17	18856	556849	556849	circle: IV2022050314444562; square: IV2022050314513260
inbo	601649_2	17	18856	601649	601649	circle: IV2022050417391801; square: IV2022050417433569
inbo	958166_1	50	18856	958166	958166	circle: IV2022032414092660; square: IV2022032414455990
inbo	1320361_1	101	18857	ZSCPQ343	NA	NA
inbo	1470454_1	82	18857	1470454	1470454	circle: IV2022030716050881; square: IV2022030716265191
inbo	147249_1	17	18857	dp_09	dp_09	circle: IV2022051014311949; square: IV2022051014355786
inbo	1722089_1	101	18857	ZSCPQ346	NA	NA
inbo	243758_2	50	18857	243758	243758	circle: IV2022032311463148; square: IV2022032312073377
inbo	289513_1	101	18857	ZSCPQ337	NA	NA
inbo	292585_1	101	18857	ZSCPQ338	NA	NA
inbo	30897_1	15	18857	dp_08	dp_08	circle: IV2022051014492331; square: IV2022051014532030
inbo	3550769_2	18	18857	3550769	3550769	circle: IV2022051014092363; square: IV2022051014161036
inbo	3812913_2	18	18857	3812913	3812913	circle: IV2022051016460269; square: IV2022051016511978
inbo	954537_1	101	18857	ZSCPQ340	NA	NA
inbo	1305334_2	55	18858	1305334	1305334	circle: IV2022031012392819; square: IV2022031013332985
inbo	144561_1	15	18858	hs_08	hs_08	circle: IV2022032120503639; square: IV2022032120560893
inbo	186545_1	17	18858	hs_04	hs_04	circle: IV2022051017294517; square: IV2022051017365431
inbo	2643702_2	55	18858	2643702	2643702	circle: IV2022031010341264; square: IV2022031012183617
inbo	317617_1	17	18858	hs_13	hs_13	circle: IV2022051017031260; square: IV2022051017072200
inbo	448689_1	17	18858	hs_12	hs_12	circle: IV2022032120074193; square: IV2022032120164256
inbo	451761_1	15	18858	hs_17	hs_17	circle: IV2022032121135735; square: IV2022032121171029
inbo	514225_1	17	18858	514225	514225	circle: IV2022051111104053; square: IV2022051111145195
inbo	55473_1	17	18858	hs_05	hs_05	circle: IV2022032121272563; square: IV2022032121314471
inbo	405041_1	17	18859	405041	405041	circle: IV2022051114301465; square: IV2022051114342732
inbo	606001_1	17	18859	606001	606001	circle: IV2022051114041101; square: IV2022051114171554
inbo	667185_1	17	18859	667185	667185	circle: IV2022051115125222; square: IV2022051115171744
inbo	81713_2	15	18859	dp_13	dp_13	circle: IV2022051111241288; square: IV2022051111300615
inbo	1407153_1	17	18862	hb_01	hb_01	circle: IV2022051115414552; square: IV2022051115481261
inbo	399281_2	12	18862	399281	399281	circle: IV2022051115250806; square: IV2022051115283439
inbo	96433_2	12	18862	96433	96433	circle: IV2022051116090484; square: IV2022051116124938
inbo	140465_1	17	18863	wo_03	wo_03	circle: IV2022051222053917; square: IV2022051222082464
inbo	169137_3	17	18863	169137	169137	circle: IV2022051221331057; square: IV2022051221392184
inbo	25777_2	12	18863	25777	25777	circle: IV2022051121423253; square: IV2022051121463601
inbo	2902665_2	55	18863	2902665	2902665	circle: IV2022032121435531; square: IV2022032313263372
inbo	402609_2	17	18863	402609	402609	circle: IV2022051221495105; square: IV2022051221522888
inbo	431281_1	12	18863	431281	431281	circle: IV2022051121522097; square: IV2022051121553852
inbo	153777_1	17	18864	nd_15	nd_15	circle: IV2022051222194996; square: IV2022051222223979
inbo	194737_1	17	18864	nd_03	nd_03	circle: IV2022051222520494; square: IV2022051222571398
inbo	415921_2	17	18864	415921	415921	circle: IV2022051309175981; square: IV2022051309203778
inbo	456881_2	17	18864	456881	456881	circle: IV2022051309304666; square: IV2022051309370206
inbo	678065_1	17	18864	678065	678065	circle: IV2022051222383211; square: IV2022051222413977
inbo	1616049_1	17	18865	oh_08	oh_08	circle: IV2022051309565349; square: IV2022051309593230
inbo	304305_2	17	18865	304305	304305	circle: IV2022051310093946; square: IV2022051310132901
inbo	305329_1	12	18865	305329	305329	circle: IV2022051309464011; square: IV2022051309502084
inbo	337073_1	17	18865	337073	337073	circle: IV2022051310245008; square: IV2022051310304406
inbo	11686065_1	23	18866	11686065	11686065	circle: IV2022051218575555; square: IV2022051219032332
inbo	1807537_1	18	18866	wz_11	wz_11	circle: IV2022051217190442; square: IV2022051217220212
inbo	1938609_1	22	18866	1938609	1938609	circle: IV2022051311180812; square: IV2022051311213579
inbo	2987185_1	23	18866	2987185	2987185	circle: IV2022051310401715; square: IV2022051310440081
inbo	4608177_1	22	18866	4608177	4608177	circle: IV2022051218364845; square: IV2022051218444991
inbo	10327217_2	23	18870	10327217	10327217	circle: IV2022022621455747; square: IV2022022621522506
inbo	11375793_2	23	18870	11375793	11375793	circle: IV2022022620200442; square: IV2022022620284834
inbo	1266865_1	23	18870	wz_13	wz_13	circle: IV2022051311560973; square: IV2022051311590152
inbo	3495089_2	18	18873	3495089	3495089_1	square: IV2021091710581298
inbo	8754353_2	23	18873	8754353	8754353_1	square: IV2021091710583036
inbo	5838001_2	18	18877	5838001	5838001_1	square: IV2021091710581136
inbo	6001841_1	18	18877	6001841	6001841_1	square: IV2021091710582908
inbo	282801_2	15	18878	wn_24	wn_24	square: IV2021091710582214
inbo	3740849_2	18	18879	3740849	3740849_1	square: IV2021091710580945
inbo	332977_2	18	18880	wn_17	wn_17	square: IV2021091710582765
inbo	6788273_1	18	18883	6788273	6788273_1	NA
inbo	7050417_2	18	18883	7050417	7050417_1	square: IV2021091710582095
inbo	3478705_2	18	18884	wn_21	wn_21	square: IV2021091710583218
inbo	1676465_3	18	18886	1676465	1676465_1	square: IV2021091710581912
inbo	3011510_1	55	19165	3011510	3011510	circle: IV2022062707565681; square: IV2022062707580996
inbo	3351638_1	51	19165	3351639	3351639	circle: IV2022062707565854; square: IV2022062707581726
inbo	3927238_1	55	19167	3927238	3927238	circle: IV2022062413515410; square: IV2022062413525561
inbo	107957_1	19	19173	bd_01	bd_01	square: IV2023010321142829
inbo	818374_2	55	19178	818374	818374	circle: IV2022091211043718; square: IV2022091211053798
inbo	698433_1	51	19200	698433	698433	circle: IV2022092721093702; square: IV2022092721104127
inbo	732161_1	10	19200	732161	732161	circle: IV2022092721093977; square: IV2022092721104282
inbo	188062_1	52	19202	188062	188062	circle: IV2022092721093673; square: IV2022092721103894
inbo	122549_1	10	19204	122549	122549	circle: IV2022092721093873; square: IV2022092721103784
inbo	450229_1	10	19204	450229	450229	circle: IV2022092721093409; square: IV2022092721103353
inbo	1037749_1	17	19205	1037749	1037749	circle: IV2022092721093614; square: IV2022092721104008
inbo	2003969_2	19	19205	2003969	2003969	circle: IV2022092721073360; square: IV2022092721094103
inbo	2151425_1	19	19205	2151425	2151425	circle: IV2022092721073344; square: IV2022092721093900
inbo	2205109_1	19	19205	2205109	2205109	circle: IV2022092721093754; square: IV2022092721104462
inbo	54273_1	19	19205	bd_02	bd_02	circle: IV2022092721073587; square: IV2022092721094472
inbo	632245_1	19	19205	bd_03	bd_03	circle: IV2022092721073450; square: IV2022092721094098
inbo	959925_1	19	19205	959925	959925	circle: IV2022092721093501; square: IV2022092721104370
inbo	1322293_1	19	19206	1322293	1322293	circle: IV2022092721073439; square: IV2022092721094272
inbo	1391925_2	19	19206	1391925	1391925	circle: IV2022092721054491; square: IV2022092721073759
inbo	1462325_1	19	19206	1462325	1462325	circle: IV2022092721053652; square: IV2022092721074657
inbo	1916213_1	19	19206	zw_11	zw_11	circle: IV2022092721053334; square: IV2022092721074444
inbo	1986613_1	19	19206	1986613	1986613	circle: IV2022092721053236; square: IV2022092721074597
inbo	2108725_1	19	19206	2108725	2108725	circle: IV2022092721073659; square: IV2022092721094321
inbo	2178357_1	19	19206	2178357	2178357	circle: IV2022092721053763; square: IV2022092721074393
inbo	30418_2	50	19206	30418	30418	circle: IV2022091211043853; square: IV2022091211054641
inbo	255826_2	51	19207	255826	255826	circle: IV2022091211043460; square: IV2022091211053882
inbo	1506613_1	19	19208	1506613	1506613	circle: IV2022092721054248; square: IV2022092721074543
inbo	1670453_1	19	19208	1670453	1670453	circle: IV2022092721054382; square: IV2022092721073635
inbo	1792053_1	17	19208	1792053	1792053	circle: IV2022092721054068; square: IV2022092721074006
inbo	1899829_2	19	19208	zw_28	zw_28	circle: IV2022092721053463; square: IV2022092721073974
inbo	2145589_2	19	19208	2145589	2145589	circle: IV2022092721054044; square: IV2022092721074131
inbo	530485_2	19	19208	530485	530485	circle: IV2022092721053921; square: IV2022092721074784
inbo	940085_1	19	19208	940085	940085	circle: IV2022092721053521; square: IV2022092721074228
inbo	1036081_2	17	19209	1036081	1036081	circle: IV2022092721053845; square: IV2022092721074803
inbo	2273073_1	19	19209	ha_14	ha_14	circle: IV2022092721033513; square: IV2022092721054872
inbo	585521_1	19	19209	ha_02	ha_02	circle: IV2022092721033636; square: IV2022092721054626
inbo	823089_1	17	19209	823089	823089	circle: IV2022092721054155; square: IV2022092721073816
inbo	913201_1	17	19209	913201	913201	circle: IV2022092721033248; square: IV2022092721054768
inbo	1418417_1	19	19215	1418417	1418417	square: IV2023010321143202
inbo	1680561_1	19	19215	1680561	1680561	square: IV2023010321143662
inbo	2221233_1	19	19215	2221233	2221233	square: IV2023010321143811
inbo	1090737_2	19	19216	1090737	1090737	square: IV2023010321142576
inbo	369841_1	19	19216	369841	369841	square: IV2023010321143434
inbo	566449_1	19	19216	566449	566449	square: IV2023010321152468
inbo	64777_1	50	19222	64777	64777	circle: IV2022092721033366; square: IV2022092721054994
inbo	140241_2	51	19226	140241	140241	circle: IV2022092721033629; square: IV2022092721054512
inbo	545745_2	51	19226	545745	545745	circle: IV2022092721033498; square: IV2022092721054876
inbo	225246_1	50	19227	225246	225246	circle: IV2022092721013421; square: IV2022092721033725
inbo	678638_2	51	19227	678638	678638	circle: IV2022092721013396; square: IV2022092721034164
inbo	226262_1	52	19228	226262	226262	circle: IV2022092720593429; square: IV2022092721014112
inbo	509686_2	82	19228	509686	509686	circle: IV2022092720593593; square: IV2022092721013931
inbo	65526_1	50	19228	65526	65526	circle: IV2022092720593285; square: IV2022092721013805
inbo	343809_2	51	19229	343809	343809	circle: IV2022092720593303; square: IV2022092721013692
inbo	201938_2	52	19230	201938	201938	circle: IV2022090915325501; square: IV2022090915335608
inbo	418422_2	82	19230	418422	418422	circle: IV2022090915335554; square: IV2022090915345460
inbo	1303729_1	19	19234	1303729	1303729	square: IV2023010321145173
inbo	1434801_1	19	19234	1434801	1434801	square: IV2023010321143943
inbo	1696945_1	19	19234	1696945	1696945	square: IV2023010321145220
inbo	2090161_1	19	19234	2090161	2090161	square: IV2023010321145991
inbo	2139313_1	19	19234	2139313	2139313	square: IV2023010321145091
inbo	107697_2	19	19235	107697	107697	square: IV2023010321143122
inbo	1565873_2	19	19235	1565873	1565873	square: IV2023010321145474
inbo	517297_1	19	19235	517297	517297	square: IV2023010321145661
inbo	1484977_1	19	19237	1484977	1484977	square: IV2023010321142600
inbo	1566897_1	19	19237	1566897	1566897	square: IV2023010321144390
inbo	436401_1	19	19237	hs_09	hs_09	square: IV2023010321144939
inbo	152753_1	17	19241	152753	152753	square: IV2023010321144893
inbo	1860785_1	19	19241	wz_08	wz_08	square: IV2023010321143488
inbo	256177_2	19	19242	256177	256177	square: IV2023010321144081
inbo	1550513_1	19	19243	1550513	1550513	square: IV2023010321144453
inbo	1812657_1	19	19243	1812657	1812657	square: IV2023010321150183
inbo	501937_1	19	19243	501937	501937	square: IV2023010321143786
inbo	764081_2	19	19243	764081	764081	square: IV2023010321142744
inbo	861361_1	17	19244	861361	861361	square: IV2023010321145811
inbo	726193_1	17	19248	726193	726193	square: IV2023010321150073
inbo	857265_1	17	19248	857265	857265	square: IV2023010321143581
inbo	627889_3	17	19250	627889	627889	square: IV2023010321145795
inbo	824497_1	17	19250	824497	824497	square: IV2023010321145602
inbo	828593_2	17	19251	828593	828593	square: IV2023010321144117
inbo	253621_1	10	19255	253621	253621	circle: IV2022092720593419; square: IV2022092721013740
inbo	183733_1	10	19256	183733	183733	circle: IV2022092720573255; square: IV2022092720593778
inbo	854129_2	17	19256	854129	854129	circle: IV2022092720553273; square: IV2022092720573527
inbo	919665_1	17	19256	919665	919665	circle: IV2022092720553302; square: IV2022092720573616
inbo	198930_1	51	19261	198930	198930	circle: IV2022092720533326; square: IV2022092720553467
inbo	302198_2	82	19261	302198	302198	circle: IV2022092720533498; square: IV2022092720553789
inbo	673910_1	82	19261	673910	NA	NA
inbo	1011505_1	17	19262	1011505	1011505	circle: IV2022092720523231; square: IV2022092720533744
inbo	1158961_1	19	19262	1158961	1158961	circle: IV2022092720533554; square: IV2022092720553887
inbo	2207537_1	19	19262	2207537	2207537	circle: IV2022092720533546; square: IV2022092720553570
inbo	923569_2	17	19262	923569	923569	circle: IV2022092720513272; square: IV2022092720523477
inbo	945969_1	17	19262	945969	945969	circle: IV2022092720523337; square: IV2022092720533621
inbo	977713_2	17	19262	977713	977713	circle: IV2022092720533217; square: IV2022092720553636
inbo	1030321_1	17	19263	1030321	1030321	circle: IV2022092815443395; square: IV2022092815453624
inbo	798257_1	17	19263	798257	798257	circle: IV2022092815443741; square: IV2022092815453749
inbo	802609_1	17	19263	802609	802609	circle: IV2022092815443549; square: IV2022093017003466
inbo	817329_1	17	19263	817329	817329	circle: IV2022092815443368; square: IV2022092815453464
inbo	863793_1	17	19263	863793	863793	circle: IV2022092815443602; square: IV2022092815453237
inbo	896561_1	17	19263	896561	896561	circle: IV2022092815443417; square: IV2022092815453533
inbo	1038513_1	17	19265	1038513	1038513	circle: IV2022093016593381; square: IV2022093017003588
inbo	1630385_2	19	19265	1630385	1630385	circle: IV2022093016593511; square: IV2022101501181245
inbo	1892529_1	19	19265	1892529	1892529	circle: IV2022093016593283; square: IV2022093017003811
inbo	1953969_2	19	19265	1953969	1953969	circle: IV2022093016593450; square: IV2022093017003798
inbo	776369_2	17	19265	776369	776369	circle: IV2022093016593645; square: IV2022093017003238
inbo	992433_1	17	19270	992433	992433	square: IV2023010321142965
inbo	1057969_1	17	19271	1057969	1057969	square: IV2023010321143063
inbo	730289_2	17	19271	730289	730289	square: IV2023010321145550
inbo	758961_2	17	19272	758961	758961	square: IV2023010321143364
inbo	971953_1	17	19272	971953	971953	square: IV2023010321145261
inbo	1021105_1	17	19276	1021105	1021105	square: IV2023010321144128
inbo	169137_2	17	19276	8557745	8557745	square: IV2023010321144679
inbo	693425_2	17	19276	693425	693425	square: IV2023010321144573
inbo	595121_1	17	19277	595121	595121	square: IV2023010321144200
inbo	877745_2	17	19277	877745	877745	square: IV2023010321145332
inbo	365745_2	17	19279	365745	365745	square: IV2023010321143789
inbo	890033_1	17	19279	890033	890033	square: IV2023010321144828
