point_code	assessment_date	type_observed	completed	type_cover_circle	type_cover_square	distance	sampling_unit_code
1_1	2019-01-01	NA	NA	NA	NA	0	103425_2130_hd
1_1	2019-01-01	NA	NA	NA	NA	0	103425_2160
100_1	2018-09-20	2170	TRUE	66% 2130 + 15% 2170 + 19% gh	100% 2170	0	12054321_2170
100050_1	2014-09-01	4010	TRUE	24% 2310 + 76% 4010	4010	0.1	100050_4010
100297_2	2016-06-07	6510_hu	TRUE	18% 6510_hu + 22% gh + 60% onbekend	6510_hu	69.6	100297_6510_hu
1003230_1	2016-09-15	2330_bu	TRUE	100% 2330_bu	2330_bu	0	1003230_2330_bu
1004470_1	2015-08-18	7140_meso	TRUE	100% 7140_meso	100% 7140_meso	0	1004470_7140_meso
100626_2	2017-07-07	4030	TRUE	100% 4030	4010	160.5	100626_4030
1007490_2	2014-06-05	6510_huk	TRUE	100% 6510	6510	5.1	1007490_6510_huk
1012662_1	2018-08-22	4030	TRUE	100% 4030	4030	0.1	1012662_2330_bu
1013294_2	2016-09-20	7140_meso	TRUE	100% 7140_meso	100% 7140_meso	46.8	1013294_7140_meso
1018841_2	2020-05-26	6510_hu	TRUE	100% 6510_hu	6510_hu	40.5	1018841_6510_hu
102098_1	2014-09-11	2310	TRUE	100% 2310	2310	0	102098_2310
1022766_1	2015-06-10	6230_hmo	TRUE	20% rbbms + 20% 4010 + 30% 6230_hmo + 20% gh + 10% 3130_aom	100% 6230_hmo	0	1022766_6230_hmo
1023282_1	2018-06-11	6510_hu	TRUE	100% 6510	6510	0.1	1023282_6510_hu
103_1	2018-09-20	2170	TRUE	54% 2130 + 29% 2160 + 17% 2170	60% 2160 + 40% 2170	0	12545841_2170
103094_2	2016-09-15	7140_meso	TRUE	40% rbbso + 10% 3130_aom + 50% 7140_meso	100% 7140_meso	13.7	103094_7140_meso
10317874_1	2019-07-04	6410_mo	TRUE	100% 6410	100% 6410	0.6	10317874_6410_mo
10354_1	2015-05-20	9160	TRUE	100% 9160	NA	0	10354_9160
103609_2	2015-04-27	91E0_vc	TRUE	60% 9130_end + 40% 91E0_vc	NA	23.7	103609_91E0_vc
103634_1	2018-08-03	4030	TRUE	100% 4030	4030	0.1	103634_4030
1036446_2	2017-07-12	6230_hmo	TRUE	50% 4030 + 40% 6230_hmo + 10% gh	100% 6230_hmo	15.2	1036446_6230_hmo
1037522_2	2018-07-12	6230_hn	TRUE	100% 6230_hn	100% 6230_hn	40.4	1037522_6230_hn
1040518_1	2017-06-29	6230_hn	TRUE	73% 6230_hn + 27% gh	100% 6230_hn	0.2	1040518_6230_hn
1043410_1	2017-07-28	2330_bu	TRUE	100% 2330_bu	2330_bu	0	1043410_2330_bu
104342_2	2015-04-23	91E0_vc	TRUE	100% 91E0_vc	NA	10.1	104342_91E0_vc
105_1	2018-08-24	2170	TRUE	10% 2130 + 32% 2160 + 58% 2170	100% 2170	0	12644145_2170
10513_1	2019-04-15	9130_end	TRUE	100% 9130_end	NA	0.2	10513_9130_end
1052582_1	2018-05-31	6510_hu	TRUE	100% 6510_hu	6510_hu	0.1	1052582_6510_hu
1053622_1	2017-08-29	2330_bu	TRUE	100% 2330_bu	2330_bu	0.1	1053622_2330_bu
105682_1	2014-09-08	2310	TRUE	100% 2310	2310	0	105682_2310
106_1	2018-01-01	NA	NA	NA	NA	0	12873521_2170
10622226_1	2018-06-14	6510_hus	TRUE	100% 6510_hus	6510_hus	0	10622226_6510_hus
1062514_1	2020-05-27	6510_hu	TRUE	100% 6510_hu	6510_hu	0.4	1062514_6510_hu
1062930_1	2016-07-28	6410_mo	TRUE	20% gh + 80% 6410_mo	100% 6410_mo	0	1062930_6410_mo
1065910_1	2017-07-31	2330_bu	TRUE	100% 2330_bu	2330_bu	0.2	1065910_2330_bu
106614_1	2016-11-17	4010	TRUE	100% 4010	4010	0.1	106614_4010
1068793_1	2020-05-27	6510_hu	TRUE	100% 6510_hu	6510_hu	0.1	1068793_6510_hu
107_1	2018-09-20	2170	TRUE	60% 2130 + 27% 2170 + 13% 2180	100% 2170	0	13070129_2170
10706_1	2015-06-01	2310	TRUE	100% 2310	2310	0	10706_2310
10717462_1	2019-05-16	6510_hus	TRUE	100% 6510_hus	6510_hus	0	10717462_6510_hus
10766985_2	2016-06-09	6410_mo	TRUE	5% gh + 95% 6410_mo	100% 6410_mo	30.2	10766985_6410_mo
1076854_1	2016-10-04	2330_bu	TRUE	100% 2330_bu	2330_bu	0.5	1076854_2330_bu
1078198_1	2018-08-22	4030	TRUE	100% 4030	4030	0.1	1078198_2330_bu
107830_2	2018-05-30	7140_meso	TRUE	28% gh + 72% 7140_meso	100% 7140_meso	40.7	107830_7140_meso
108_1	2018-08-24	2170	TRUE	22% 2120 + 59% 2130_hd + 19% 2170	100% 2170	0	13561649_2170
1085366_1	2017-07-20	2330_bu	TRUE	68% 2330_bu + 32% 9 : bossen	2330_bu	0.3	1085366_2330_bu
1085366_2	2017-07-31	6230_hn	TRUE	62% 6230_hn + 38% gh	100% 6230_hn	1.4	1085366_6230_hn
1087350_2	2016-09-20	7140_meso	TRUE	13% gh + 87% 7140_meso	100% 7140_meso	40.2	1087350_7140_meso
109_1	2018-09-20	2170	TRUE	50% 2120 + 32% 2160 + 18% 2170	100% 2170	0	13594417_2170
1092434_1	2017-07-10	2330_bu	TRUE	100% 2330_bu	2330_bu	0	1092434_2330_bu
1095890_2	2018-07-12	6230_hn	TRUE	84% 6230_hn + 16% gh	50% 6230_ha + 50% 6230_hn	21.8	1095890_6230_hn
1097222_2	2018-06-05	6510_hu	TRUE	100% 6510_hu	6510_hu	79.4	1097222_6510_hu
11_2	2019-01-01	NA	NA	NA	NA	23.6	1047861_2120
110_1	2018-09-18	2170	TRUE	63% 2130 + 37% 2170	100% 2170	0	13823793_2170
1107666_1	2018-06-19	6230_ha	TRUE	100% 6230_ha	100% 6230_ha	0.2	1107666_6230_ha
111_1	2018-09-20	2170	TRUE	35% 2130 + 25% 2160 + 40% 2170	100% 2170	0	13889329_2170
1110750_1	2016-10-03	2330_bu	TRUE	100% 2330_bu	2330_bu	0.1	1110750_2330_bu
11126_1	2015-05-29	9120	TRUE	58% 9120 + 42% geen habitat 	NA	0.1	11126_9190
111326_1	2014-08-19	4010	TRUE	100% 4010	4010	0.1	111326_4010
11142674_1	2019-07-03	6410_mo	TRUE	40% gh + 60% 6410_mo	100% 6410_mo	0.2	11142674_6410_mo
1114582_1	2018-09-04	2330_bu	TRUE	100% 2330_bu	2330_bu	0.1	1114582_2330_bu
1115122_2	2016-08-25	6230_hn	TRUE	70% 6230_hn + 30% 4030	100% 6230_hn	40.6	1115122_6230_hn
1117877_1	2015-08-20	1330_hpr	TRUE	50% rbbzil + 50% 1330_hpr	100% 1330_hpr	0.4	1117877_1330_hpr
111918_1	2018-09-05	4030	TRUE	100% 4030	4030	0	111918_4030
112_1	2018-08-20	2190_mp	TRUE	39% 2130 + 19% 2160 + 14% 2170 + 28% 2190_mp	100% 2190_mp	0	16772913_2190_mp
11218_1	2014-09-10	4010	TRUE	100% 4010	4010	0	11218_4010
11228210_1	2019-06-19	6410_mo	TRUE	45% gh + 55% 6410_mo	100% 6410_mo	0.1	11228210_6410_mo
112850_1	2018-07-26	4030	TRUE	100% 4030	4030	0.1	112850_4030
1131446_1	2017-08-25	2330_bu	TRUE	100% 2330_bu	2330_bu	0.1	1131446_2330_bu
1132201_2	2017-07-10	7140_meso	TRUE	20% gh + 80% 7140_meso	100% 7140_meso	2.6	1132201_7140_meso
1132838_2	2018-05-23	6510_hu	TRUE	100% 6510_hu	6510_hu	50	1132838_6510_hu
11343122_1	2020-05-26	6510_hus	TRUE	100% 6510_hus	6510_hus	0	11343122_6510_hus
1135826_2	2018-07-12	6230_hn	TRUE	100% 6230_hn	100% 6230_hn	24.5	1135826_6230_hn
11366482_2	2015-06-03	6120	TRUE	15% 3260 + 30% 6430 + 25% gh + 30% 6120	100% 6120	16.4	11366482_6120
11394098_1	2019-07-05	6410_mo	TRUE	10% 6410 + 90% gh	100% 6410	0.1	11394098_6410_mo
1140086_1	2017-07-25	2330_bu	TRUE	100% 2330_bu	2330_bu	NA	1140086_2330_bu
1140434_2	2017-07-04	7140_meso	TRUE	20% gh + 80% 7140_meso	100% 7140_meso	50.2	1140434_7140_meso
1143734_1	2018-08-14	4030	TRUE	100% 4030	4030	0	1143734_2330_bu
11466886_1	2019-07-08	6410_mo	TRUE	95% 6410 + 5% gh	100% 6410	0.2	11466886_6410_mo
11481_1	2019-04-12	9130_end	TRUE	100% 9130_end	NA	0.7	11481_9130_end
1150886_2	2016-07-19	6230_hmo	TRUE	96% 6230_hmo + 4% 9160	100% 6230_hmo	4.2	1150886_6230_hmo
1152657_2	2014-05-30	6510_hua	TRUE	100% 6510_hua	6510_huk	4.2	1152657_6510_hua
115422_1	2015-06-23	2310	TRUE	100% 2310	2310	0	115422_2310
1156230_2	2015-06-09	6410_mo	TRUE	13% gh + 87% 6410_mo	100% 6410_mo	29.9	1156230_6410_mo
115638_1	2017-08-23	4030	TRUE	100% 4030	4030	0	115638_4030
1163750_2	2018-05-25	6510_hu	TRUE	100% 6510_hu	6510_hu	99.7	1163750_6510_hu
116434_1	2018-08-08	2310	TRUE	100% 2310	2310	0.1	116434_2310
116950_1	2016-09-06	6230_ha	TRUE	100% 6230_ha	100% 6230_ha	0.3	116950_6230_ha
117202_1	2014-09-10	2310	TRUE	100% 2310	2310	0.1	117202_2310
1172854_1	2017-07-25	2330_bu	TRUE	100% 2330_bu	2330_bu	0.4	1172854_2330_bu
11742_1	2016-10-27	4010	TRUE	100% 4010	4010	0.1	11742_4010
1175794_1	2018-06-11	6510_hu	TRUE	110% 6510_hu + 8% gh	6510_hu	0	1175794_6510_hu
1180534_1	2019-08-13	2330_bu	TRUE	100% 2330	2330_bu	0.1	1180534_2330_bu
118441_1	2016-06-13	6510_hu	TRUE	26% 6510 + 12% 6510_hu + 20% gh + 42% onbekend	6510_hu	0.1	118441_6510_hu
1185042_1	2020-05-18	6510_hu	TRUE	100% 6510_hu	6510_hu	0	1185042_6510_hu
11865_2	2015-04-29	91E0_vc	TRUE	100% 91E0_vc	NA	27.8	11865_91E0_vc
1195701_1	2015-08-13	1310_pol	TRUE	10% rbbah + 40% rbbmr + 50% 1310_pol	100% 1310_pol	0	1195701_1330_hpr
1196982_1	2017-08-24	2330_bu	TRUE	100% 2330_bu	2330_bu	0.1	1196982_2330_bu
12_2	2019-10-31	2120	TRUE	16% 2130 + 63% 2120 + 21% 2160	100% 2120	76.3	wn_22
120018_1	2014-09-15	4010	TRUE	100% 4010	4010	0.1	120018_4010
120110_1	2014-09-24	4010	TRUE	100% 4010	4010	0.1	120110_4010
1201345_1	2018-06-13	6510_hu	TRUE	100% 6510_hu	6510_hu	0	1201345_6510_hu
120530_1	2017-07-27	4030	TRUE	100% 4030	4030	0.1	120530_4030
1209270_1	2018-08-16	2330_bu	TRUE	100% 2330	2330	0	1209270_2330_bu
121042_1	2015-06-03	91E0_vo	FALSE	100% 91E0_vo	NA	0.1	121042_91E0_vo
1212382_2	2018-06-27	6230_hn	TRUE	81% 6230_hn + 19% gh	100% 6230_hn	14.1	1212382_6230_hn
1213150_1	2017-08-14	4030	TRUE	100% 4030	2330_bu	0.1	1213150_2330_bu
1216422_1	2016-07-19	6230_hmo	TRUE	90% 6230_hmo + 10% gh	100% 6230_hmo	0.3	1216422_6230_hmo
1217746_2	2018-07-12	6230_hn	TRUE	100% 6230_hn	100% 6230_hn	11.7	1217746_6230_hn
12229422_1	2019-08-01	6410_mo	TRUE	100% 6410_mo	100% 6410_mo	0.1	12229422_6410_mo
12248402_2	2019-06-18	6120	TRUE	30% gh + 70% 6120	100% 6120	10.7	12248402_6120
122578_1	2014-08-29	4010	TRUE	73% 4010 + 14% 9 : bossen + 13% gh	4010	0	122578_4010
12274_1	2014-08-22	4030	TRUE	100% 4030	4030	NA	12274_4030
1227910_1	2018-05-30	6510_hu	TRUE	100% 6510_hu	6510_hu	0.1	1227910_6510_hu
1234130_1	2018-08-08	4030	TRUE	100% 4030	4030	0.1	1234130_2330_bu
124278_1	2014-09-23	2310	TRUE	100% 2310	2310	0.1	124278_2310
124382_1	2016-10-12	4010	TRUE	100% 4010	4010	0.1	124382_4010
12457234_1	2020-05-18	6510_hus	TRUE	100% 6510_hus	6510_hus	0	12457234_6510_hus
12470_1	2015-06-11	91E0_vm	TRUE	100% 91E0_vm	NA	0.1	12470_91E0_vm
12485561_2	2019-01-01	NA	NA	NA	NA	20	12485561_6410_mo
1249582_1	2018-06-13	6230_ha	TRUE	100% 6230_ha	100% 6230_ha	0.4	1249582_6230_ha
1250770_1	2017-07-06	2330_bu	TRUE	100% 2330_bu	2330_bu	0.1	1250770_2330_bu
125394_1	2015-06-01	2310	TRUE	100% 2310	2310	0.1	125394_2310
1254486_2	2018-06-27	6230_hmo	FALSE	49% 6230_hmo + 51% gh	100% 6230_hmo	58	1254486_6230_hmo
1255122_1	2018-06-19	6230_ha	TRUE	100% 6230_ha	100% 6230_ha	0.2	1255122_6230_ha
1258422_2	2018-07-10	7140_meso	TRUE	50% gh + 20% 7140_meso + 30% 6410_mo	50% gh + 50% 7140_meso	24.8	1258422_7140_meso
125998_1	2016-10-24	4030	TRUE	87% 4030 + 13% onbekend	4030	0	125998_4030
1260481_1	2018-06-08	6510_hu	TRUE	100% 6510_hu	6510_hu	0.1	1260481_6510_hu
1266738_2	2018-06-11	6510_hu	TRUE	60% 6510_hu + NA% gh	6510_hu	40	1266738_6510_hu
1269458_1	2018-06-19	6230_ha	TRUE	100% 6230_ha	100% 6230_ha	0.2	1269458_6230_ha
12710_2	2018-06-22	9120	TRUE	100% 9120	NA	1.3	12710_9160
1271122_2	2018-06-18	6510_hu	TRUE	100% 6510_hu + 27% gh	6510_hu	19.4	1271122_6510_hu
1272114_1	2017-06-29	2330_dw	TRUE	43% 2330_dw + 30% 9 : bossen + 27% gh	2330_dw	0.1	1272114_2330_dw
127218_2	2014-05-19	6510_hu	TRUE	100% 6510_hu	6510_hu	4	127218_6510_hu
1274486_1	2018-07-19	2330_bu	TRUE	100% 2330_bu	2330_bu	0.1	1274486_2330_bu
1274806_1	2018-08-23	4030	TRUE	100% 4030	4030	0.1	1274806_2330_bu
127710_1	2016-11-16	4010	TRUE	100% 4 : heide- en struikvegetaties	2310	0.1	127710_4010
1280278_2	2014-05-27	6510_hus	TRUE	100% 6510_hus	6510_hus	1.1	1280278_6510_hus
1284946_1	2017-07-13	2330_bu	TRUE	100% 2330_bu	2330_bu	0.1	1284946_2330_bu
1285330_1	2018-07-31	2330_bu	TRUE	100% 2330_bu	2330	0.1	1285330_2330_bu
1286278_2	2015-06-25	6410_ve	TRUE	50% gh + 50% 6410_ve	100% 6410_ve	10	1286278_6410_ve
1287030_1	2019-08-13	2330_bu	FALSE	100% 2330_bu + 100% 6 : (half) natuurlijke graslanden	2330_bu	0	1287030_2330_bu
128786_1	2018-07-18	4030	TRUE	100% 4030	4030	0.1	128786_4030
129234_1	2014-09-11	4010	TRUE	100% 4010	4010	0.1	129234_4010
1297718_1	2018-09-17	2330_bu	TRUE	100% 2330_bu	2330_bu	0	1297718_2330_bu
13_1	2018-09-18	2170	TRUE	84% 2130 + 16% 2170	100% 2170	0	1240881_2170
1300962_2	2018-06-20	6510_hu	TRUE	100% 6510_hu	6510_hu	70	1300962_6510_hu
1303926_1	2017-07-14	2330_bu	TRUE	100% 2330_bu	2330_bu	NA	1303926_2330_bu
1313142_1	2017-07-27	2330_bu	TRUE	100% 2330_bu	2330_bu	NA	1313142_2330_bu
131806_1	2016-10-20	4010	TRUE	100% 4010	4010	0.1	131806_4010
1322614_1	2018-07-05	7140_meso	TRUE	100% 7140_meso	100% 7140_meso	0.3	1322614_7140_meso
1328054_1	2017-08-22	2330_bu	TRUE	100% 2330_bu	2330_bu	0.1	1328054_2330_bu
1328710_2	2018-06-06	6510_hu	TRUE	100% 6510_hu	6510_hu	50.1	1328710_6510_hu
1338805_2	2018-06-28	1330_da	TRUE	NA% rbbah + NA% rbbkam + 48% 1330_hpr	100% 1330_da	4.9	1338805_1330_hpr
1340342_1	2018-09-11	2310	TRUE	100% 2310	2310	0.1	1340342_2330_bu
134098_1	2014-09-09	2310	TRUE	100% 2310	2310	0	134098_2310
13426066_1	2019-07-03	6120	TRUE	100% 6120	100% 6120	0.1	13426066_6120
1344438_1	2017-07-28	2330_bu	TRUE	23% 2330_bu + 77% 4030	4030	NA	1344438_2330_bu
1346134_2	2016-08-24	6410_ve	TRUE	100% 6410_ve	100% 6410_ve	78.8	1346134_6410_ve
1348277_1	2017-09-29	1330_hpr	TRUE	71% 1330_hpr + 29% gh	100% 1330_hpr	0.7	1348277_1330_hpr
1350866_1	2018-07-31	2330_bu	TRUE	100% 2330_bu	2330_bu	0	1350866_2330_bu
1355014_1	2018-06-06	6510_hu	TRUE	100% 6510_hu	6510_hu	0	1355014_6510_hu
1359838_1	2018-06-27	6230_hn	TRUE	100% 6230_hn	100% 6230_hn	0	1359838_6230_hn
136402_1	2014-09-16	4030	TRUE	100% 4030	4030	0	136402_4030
136697_1	2015-05-06	91E0_vc	TRUE	100% 91E0_vc	NA	0	136697_91E0_vc
1367026_2	2017-06-30	7140_oli	TRUE	50% 7140_oli + 50% 4010	100% 7140_oli	41.2	1367026_7140_oli
13686_1	2015-09-10	4030	TRUE	100% 4030	4030	0	13686_4030
13732946_1	2019-07-03	6120	TRUE	70% gh + 30% 6120	100% 6120	0.1	13732946_6120
1375542_1	2018-05-29	6510_hu	TRUE	100% 6510_hu	6510_hu	0.1	1375542_6510_hu
1380278_1	2018-07-31	2310	TRUE	100% 2310	2310	0.1	1380278_2330_bu
1381302_1	2018-08-20	2310	TRUE	100% 2310	2310	0	1381302_2330_bu
1381569_1	2018-06-06	6510_hu	TRUE	100% 6510_hu	6510_hu	0.1	1381569_6510_hu
1381569_2	2018-06-12	6230_hmo	TRUE	22% 6230_hmo + 78% gh	100% 6230_hmo	1.8	1381569_6230_hmo
1388150_1	2015-06-29	7140_meso	TRUE	100% 7140_meso	100% 7140_meso	0.3	1388150_7140_meso
1390706_2	2020-05-28	6510_hu	TRUE	100% 6510_hu	6510_hu	94.5	1390706_6510_hu
1392705_2	2018-06-12	6230_hmo	TRUE	36% 6230_hmo + 64% gh	100% 6230_hmo	50.3	1392705_6230_hmo
1395766_1	2019-05-27	6230_hn	TRUE	100% 6230_hn	100% 6230_hn	0	1395766_6230_hn
1397810_1	2018-06-07	6510_hu	TRUE	100% 6510	6510	0	1397810_6510_hu
14_2	2019-10-24	2120	TRUE	46% 2130 + 22% 2120 + 32% 2160	100% 2120	11.7	10010417_2120
140006_1	2015-06-11	9190	TRUE	100% 9190	NA	0.1	140006_91E0_vo
1402230_2	2017-07-26	2330_bu	TRUE	100% 2330_bu	2330_bu	4.1	1402230_2330_bu
14029138_1	2015-06-04	6120	TRUE	10% rbbsp + 3% 6510 + 87% 6120	100% 6120	0.1	14029138_6120
1403657_2	2017-09-29	1330_hpr	TRUE	61% gh + 39% 1330_hpr	100% 1330_hpr	10.7	1403657_1330_hpr
1404382_1	2017-06-30	7140_oli	TRUE	75% 7140_oli + 25% gh	100% 7140_oli	0.4	1404382_7140_oli
1405382_1	2018-06-05	6510_hu	TRUE	100% 6510_hu	6510_hu	0.1	1405382_6510_hu
1405878_1	2018-08-16	2330_bu	TRUE	100% 2330	2330	0	1405878_2330_bu
1407698_1	2017-08-03	2330_bu	TRUE	100% 2330_bu	2330_bu	0.1	1407698_2330_bu
1409089_2	2018-06-12	6230_hmo	TRUE	NA% 91E0_meso + NA% 4010 + 38% 6230_hmo + NA% 9120	100% 6230_hmo	8.8	1409089_6230_hmo
141010_1	2016-08-18	6230_ha	TRUE	50% 6230_ha + 50% gh	100% 6230_ha	0.2	141010_6230_ha
1414354_2	2018-07-12	6230_hn	TRUE	22% 6230_hn + 78% gh	100% 6230_hn	10	1414354_6230_hn
141778_1	2018-08-02	4010	TRUE	100% 4010	4010	0	141778_4010
1422046_1	2017-09-05	2330_bu	TRUE	100% 2330_bu	2330_bu	0.1	1422046_2330_bu
1425286_1	2019-07-08	6410_ve	TRUE	100% 6410	100% 6410	0	1425286_6410_ve
1428270_1	2017-06-26	6230_hn	TRUE	47% 6230_hn + 53% gh	100% 6230_hn	0	1428270_6230_hn
143382_1	2016-05-30	6510_hu	TRUE	92% 6510_hu + 8% gh	6510_hu	0.1	143382_6510_hu
143602_2	2016-07-01	6410_ve	TRUE	30% 6410 + 30% 6510_hu + 40% gh	100% 6410	112	143602_6410_ve
1436718_2	2016-06-20	6230_hmo	TRUE	75% 6230_hmo + 25% gh	100% 6230_hmo	10.2	1436718_6230_hmo
1436882_2	2016-09-02	6230_hmo	TRUE	10% 6230_hn + 70% 4030 + 20% 6230_hmo	10% 6230_hn + 40% 4030 + 50% 6230_hmo	29.8	1436882_6230_hmo
144094_1	2014-09-03	2310	TRUE	100% 2310	2310	0.6	144094_2310
1442745_2	2019-06-18	6510_hu	TRUE	100% 6510_hu	6510_hu	1.6	1442745_6510_hu
1443378_2	2017-07-27	6230_hn	TRUE	53% 6230_hn + 46% gh	100% 6230_hn	30	1443378_6230_hn
1454814_1	2017-09-06	2330_bu	TRUE	100% 2330_bu	2330_bu	0.1	1454814_2330_bu
1457206_1	2019-05-24	6230_ha	TRUE	70% 6230_ha + 30% 4030	100% 6230_ha	0.1	1457206_6230_ha
1461001_2	2018-06-14	1330_hpr	TRUE	NA% rbbkam + NA% rbbzil + NA% 6430_mr + 50% 1330_hpr	100% 1330_hpr	58.8	1461001_1330_hpr
1461302_1	2019-05-27	6230_ha	TRUE	100% 6230_ha	100% 6230_ha	0.2	1461302_6230_ha
146265_2	2015-04-27	91E0_vc	TRUE	89% 91E0_vc + 11% geen habitat 	NA	30.5	146265_91E0_vc
1464626_1	2019-07-02	6230_ha	TRUE	100% 6230_ha	100% 6230_ha	0.1	1464626_6230_ha
1468114_1	2017-07-10	7140_oli	TRUE	70% 7140_oli + 30% 4010	70% 7140_oli + 30% 4010	0.1	1468114_7140_oli
1470918_1	2018-06-05	6510_hu	TRUE	100% 6510_hu	6510_hu	0.1	1470918_6510_hu
1471094_1	2018-07-23	2330_bu	TRUE	100% 2330_bu	2330_bu	0	1471094_2330_bu
147174_1	2015-06-10	9190	TRUE	100% 9190	NA	0	147174_91E0_vo
1474033_2	2018-06-14	6510_hus	TRUE	100% 6510_hus	6510_hus	10	1474033_6510_hus
1474526_1	2016-08-04	6230_hmo	TRUE	10% 6230_hmo + 90% gh	100% 6230_hmo	0	1474526_6230_hmo
1478129_2	2018-05-23	6510_hua	TRUE	100% 6510_hua	6510_hua	30	1478129_6510_hua
1479890_1	2018-08-02	2330_bu	TRUE	100% 2330_bu	2330_bu	0.1	1479890_2330_bu
148406_1	2017-08-24	4030	TRUE	100% 4030	4030	0.1	148406_4030
1487746_2	2014-06-03	6510_huk	TRUE	59% 6510_huk + 41% gh	6510_huk	5.1	1487746_6510_huk
1487798_1	2018-07-25	2310	TRUE	100% 2310	2310	0	1487798_2330_bu
1498102_2	2018-06-06	7140_meso	TRUE	NA% rbbms + NA% gh + 36% 7140_meso	100% 7140_meso	32.4	1498102_7140_meso
1498805_2	2019-01-01	NA	NA	NA	NA	6.6	1498805_1330_hpr
1500498_1	2018-06-18	6510_huk	TRUE	100% 6510_huk	6510_huk	0.1	1500498_6510_huk
1500534_1	2017-07-26	2330_bu	TRUE	100% 2330_bu	2330_bu	0.2	1500534_2330_bu
1501490_1	2017-06-29	2330_bu	TRUE	100% 2330_bu	2330_bu	0.1	1501490_2330_bu
1504306_1	2018-06-07	6510_hu	TRUE	100% 6510_hu	6510_hu	0.1	1504306_6510_hu
15070_1	2015-06-26	4010	TRUE	100% 4010	4010	0.1	15070_4010
1508278_1	2019-07-10	6230_hn	TRUE	100% 6230_hn	100% 6230_hn	0.1	1508278_6230_hn
1512322_1	2019-06-19	6510_hu	TRUE	70% 6510_hu + 30% 9 : bossen	6510	0.1	1512322_6510_hu
1512374_1	2018-08-13	4030	TRUE	100% 4030	4030	0.1	1512374_2330_bu
151250_1	2014-09-08	2310	TRUE	100% 2310	2310	0.1	151250_2310
1512530_2	2018-06-19	6510_hu	TRUE	100% 6510_hu	6510_hu	70.1	1512530_6510_hu
1512886_2	2018-05-30	7140_meso	TRUE	64% gh + 10% rbbhc + 26% 7140_meso	100% 7140_meso	20	1512886_7140_meso
151318_1	2018-06-11	6510_hu	TRUE	100% 6510_hu	6510_hu	0.1	151318_6510_hu
152786_1	2014-09-19	2310	TRUE	70% 2310 + 30% 2330_bu	2310	0	152786_2310
1529025_1	2018-06-07	6510_hu	TRUE	100% 6510_hu	6510_hu	0	1529025_6510_hu
1531602_1	2019-07-04	6230_ha	TRUE	100% 6230_ha	100% 6230_ha	0.1	1531602_6230_ha
1533266_1	2018-06-18	6510_hu	TRUE	100% 6510_hu + 35% gh	6510_hu	0.5	1533266_6510_hu
1535001_2	2020-05-26	6510_hu	TRUE	100% 6510_hu	6510_hu	8.1	1535001_6510_hu
1536630_1	2018-07-20	2330_bu	TRUE	100% 2330_bu	2330_bu	0.1	1536630_2330_bu
1536950_1	2018-08-23	4030	TRUE	100% 4030	4030	0.1	1536950_2330_bu
1542626_1	2018-06-20	6510_hu	TRUE	100% 6510_hu	6510_hus	0.1	1542626_6510_hu
1547090_1	2017-07-13	2330_bu	TRUE	100% 2330_bu	2330_bu	0.1	1547090_2330_bu
1547265_1	2018-06-29	1330_hpr	TRUE	23% rbbzil + 77% 1330_hpr	100% 1330_hpr	0.1	1547265_1330_hpr
1547570_1	2018-06-11	6510_hu	TRUE	100% 6510_hu	6510_hu	0.1	1547570_6510_hu
154834_1	2018-08-01	2330_bu	TRUE	100% 2330_bu	2330_bu	0.1	154834_2330_bu
1549622_1	2018-05-29	6510_hu	TRUE	100% 6510_hu	6510_hu	0.1	1549622_6510_hu
155346_1	2015-06-04	91E0_vo	TRUE	100% 91E0_vo	NA	0.1	155346_91E0_vo
1558738_1	2018-07-24	2330_bu	TRUE	100% 2330_bu	2330_bu	0.1	1558738_2330_bu
156382_1	2017-09-05	2310	TRUE	100% 2310	2310	0	156382_2310
1566033_2	2016-09-05	6230_hmo	TRUE	100% 6230_hmo	100% 6230_hmo	38.9	1566033_6230_hmo
1566070_1	2017-07-26	2330_bu	TRUE	100% 2330_bu	2330_bu	NA	1566070_2330_bu
1566166_1	2017-10-17	2330_bu	TRUE	100% 2330_bu	2330_bu	0.1	1566166_2330_bu
1569666_2	2014-05-23	6510_huk	TRUE	65% 6510_huk + 35% gh	6510_huk	5.1	1569666_6510_huk
1576886_2	2017-07-31	7140_oli	TRUE	100% 7140_oli	100% 7140_oli	20.7	1576886_7140_oli
15782_1	2015-05-07	91E0_vc	TRUE	100% 91E0_vc	NA	0.1	15782_91E0_vc
158002_1	2017-06-30	2310	TRUE	100% 2310	2310	0.1	158002_2310
1583446_1	2016-07-19	6410_mo	TRUE	30% 9120 + 70% 6410_mo	100% 6410_mo	0.4	1583446_6410_mo
1590198_2	2017-07-28	4030	TRUE	100% 4030	4030	110	1590198_2330_bu
159314_1	2017-07-25	4030	TRUE	100% 4030	4030	0.1	159314_4030
1593478_2	2019-07-08	6230_ha	TRUE	90% 6230_ha + 10% gh	100% 6230_ha	30.1	1593478_6230_ha
1594037_1	2019-01-01	NA	NA	NA	NA	0	1594037_1330_hpr
159414_1	2015-06-18	91E0_vo	TRUE	17% 9120 + 83% 91E0_vo	NA	0.1	159414_91E0_vo
1594578_1	2018-08-01	2330_bu	TRUE	100% 2330_bu	2330_bu	0.1	1594578_2330_bu
1599794_1	2017-06-29	4010	TRUE	100% 4010	4010	0.1	1599794_2330_bu
1606582_1	2017-08-22	2330_bu	TRUE	100% 2330_bu	2330_bu	0.1	1606582_2330_bu
160694_1	2018-08-14	4030	TRUE	100% 4030	4030	0	160694_4030
1618054_2	2015-05-28	6410_ve	TRUE	100% 6410_ve	100% 6410_ve	48.6	1618054_6410_ve
1618818_2	2014-06-03	6510_huk	TRUE	100% 6510_huk	6510_huk	5.1	1618818_6510_huk
1627010_2	2018-05-31	6230_hnk	TRUE	45% gh + 55% 6230_hnk	100% 6230_hnk	73.1	1627010_6230_hn
162790_2	2014-05-23	6510_hu	TRUE	69% 6510_hu + 31% gh	6510_hu	2.7	162790_6510_hu
1631606_1	2017-07-25	2330_bu	TRUE	100% 2330_bu	2330_bu	0.3	1631606_2330_bu
1631954_1	2019-07-04	6230_ha	TRUE	100% 6230_ha	100% 6230_ha	0.1	1631954_6230_ha
1634546_1	2018-06-05	6230_ha	TRUE	100% 6230_ha	100% 6230_ha	0	1634546_6230_ha
1635038_1	2017-08-21	2330_bu	TRUE	100% 2330_bu	2330_bu	0.1	1635038_2330_bu
1635254_1	2015-09-21	7140_meso	TRUE	100% 7140_meso	100% 7140_meso	0	1635254_7140_meso
163538_1	2018-07-30	2310	TRUE	100% 2310	2310	0.1	163538_2310
1642233_2	2018-05-31	6410_mo	TRUE	100% 6410_mo	100% 6410_mo	6.1	1642233_6410_mo
164793_2	2015-04-28	91E0_vc	TRUE	80% 9130_end + 18% 91E0_vc + 2% geen habitat 	NA	25	164793_91E0_vc
165586_1	2018-08-08	4030	TRUE	100% 4030	4030	0	165586_4030
165913_2	2016-05-11	91E0_vc	TRUE	78% 91E0_vc + 22% geen habitat 	NA	8.1	165913_91E0_vc
1659862_1	2018-10-08	2330_bu	TRUE	100% 2330_bu	2330_bu	0.1	1659862_2330_bu
1660114_2	2019-07-10	6230_hn	TRUE	20% 6230_hn + 80% 4030	100% 6230_hn	98.8	1660114_6230_hn
1660950_1	2017-06-23	6230_hmo	TRUE	80% 6230_hmo + 20% gh	100% 6230_hmo	0.4	1660950_6230_hmo
166102_1	2018-09-03	2310	TRUE	100% 2310	2310	0.1	166102_2310
16633_1	2015-05-04	91E0_vc	TRUE	96% 91E0_vc + 4% geen habitat 	NA	0.1	16633_91E0_vc
1667357_2	2018-06-14	1330_hpr	TRUE	2% gh + 98% 1330_hpr	100% 1330_hpr	96.4	1667357_1330_hpr
1676498_2	2019-07-10	6230_hn	TRUE	5% 6230_hn + 95% 4030	70% 6230_hn + 30% 4030	28.5	1676498_6230_hn
1677870_2	2018-06-13	7140_oli	TRUE	83% 7140_oli + 17% 3160	100% 7140_oli	1.1	1677870_7140_oli
1684406_1	2018-08-17	2310	TRUE	100% 2310	2310	0	1684406_2330_bu
1685137_1	2018-05-23	6510_hua	TRUE	100% 6510_hua	6510_hua	0	1685137_6510_hua
168886_1	2018-08-24	4030	TRUE	100% 4030	4030	0.1	168886_4030
169170_1	2018-08-02	4030	TRUE	100% 4030	4030	0	169170_4030
17_1	2019-10-23	2120	TRUE	71% 2120 + 29% 2160	100% 2120	0	sc_04
170206_1	2017-09-07	4030	TRUE	100% 4030	4030	0.2	170206_4030
170798_2	2016-09-13	7140_oli	TRUE	16% 7140_oli + 84% 4010	100% 7140_oli	10.4	170798_7140_oli
170834_1	2017-07-07	2330_bu	TRUE	100% 2330_bu	2330_bu	0.1	170834_2330_bu
1708982_1	2017-08-31	2330_bu	TRUE	100% 2330_bu	2330_bu	0	1708982_2330_bu
1709266_1	2018-07-30	2330_bu	TRUE	100% 2330_bu	2330_bu	0.1	1709266_2330_bu
1711014_1	2016-08-23	6230_ha	TRUE	75% 6230_ha + 5% gh + 20% 6510	100% 6230_ha	0	1711014_6230_ha
1713874_1	2019-07-04	6230_ha	TRUE	100% 6230_ha	100% 6230_ha	0.1	1713874_6230_ha
1715637_2	2018-06-28	1330_hpr	TRUE	NA% rbbzil + NA% gh + 70% 1330_hpr	100% 1330_hpr	24.3	1715637_1330_hpr
1723446_2	2019-05-27	6230_ha	TRUE	100% 6230_ha	100% 6230_ha	2.1	1723446_6230_ha
1742034_2	2019-07-10	6230_hn	TRUE	100% 6230	100% 6230_hn	60.1	1742034_6230_hn
1743698_1	2017-07-07	2330_bu	FALSE	100% 2330_bu	2330_bu	NA	1743698_2330_bu
174546_1	2018-08-03	2310	TRUE	100% 2310	2310	0.1	174546_2310
17475649_1	2015-07-10	6410_ve	TRUE	100% 6410_ve	100% 6410_ve	0	17475649_6410_ve
1749942_2	2015-09-17	7140_meso	TRUE	19% 3130_aom + 81% 7140_meso	100% 7140_meso	5	1749942_7140_meso
1750129_2	2018-06-29	1330_hpr	TRUE	20% rbbah + 80% 1330_hpr	100% 1330_hpr	34.3	1750129_1330_hpr
175698_1	2017-07-25	4030	TRUE	100% 4030	4030	0.1	175698_4030
1761206_1	2018-07-05	7140_meso	TRUE	60% gh + 25% 7140_meso + 15% 6410_mo	100% 7140_meso	0.3	1761206_7140_meso
1762774_1	2017-08-17	2330_bu	TRUE	100% 2330_bu	2330_bu	0.1	1762774_2330_bu
1766326_2	2018-07-12	7140_oli	TRUE	91% 7140_oli + 9% 3110	100% 7140_oli	59.9	1766326_7140_oli
176862_1	2017-09-05	4010	TRUE	100% 4010	4010	0	176862_4010
177078_1	2014-09-10	2330_bu	TRUE	100% 2330_bu	2330_bu	0.1	177078_2330_bu
1775058_1	2017-07-06	2330_bu	TRUE	100% 2330_bu	2330_bu	0.1	1775058_2330_bu
1785525_2	2018-07-04	1330_hpr	TRUE	58% rbbkam + 42% 1330_hpr	100% 1330_hpr	6.7	1785525_1330_hpr
1786806_1	2017-08-28	2330_bu	TRUE	100% 2330_bu	2330_bu	0.1	1786806_2330_bu
1789878_1	2018-08-07	4010	TRUE	100% 4010	4010	0	1789878_2330_bu
1799154_2	2019-07-04	6230_hn	TRUE	100% 6230_hn	100% 6230_hn	10	1799154_6230_hn
179922_1	2018-08-01	2310	TRUE	NA% 2310 + 100% 2330_dw	2330_dw	0.1	179922_2310
18_1	2019-01-01	NA	NA	NA	NA	0	hb_02
18_3	2019-10-25	2120	TRUE	27% 2130 + 70% 2120 + 3% gh	100% 2120	47.6	10057905_2120
181234_1	2017-07-03	4030	TRUE	100% 4030	4030	0	181234_4030
1820185_1	2018-06-11	6510_hu	TRUE	100% 6510_hu	6510_hu	0	1820185_6510_hua
182054_1	2018-05-23	6510_hu	TRUE	100% 6510_hu	6510_hu	0	182054_6510_hu
182482_1	2018-07-25	4030	TRUE	100% 4030	4030	0.1	182482_4030
18290_1	2019-04-04	9160	TRUE	62% 9160 + 38% geen habitat 	NA	0.1	18290_9160
1829622_2	2018-05-15	7140_meso	TRUE	NA% rbbms + NA% 3150 + 78% 7140_meso	100% 7140_meso	463.6	1829622_7140_meso
1830581_1	2018-07-04	1330_hpr	TRUE	27% rbbah + 73% 1330_hpr	100% 1330_hpr	0.3	1830581_1330_hpr
183734_1	2018-06-06	6510_hu	TRUE	100% 6510_hu	6510_hu	0.1	183734_6510_hu
1839666_1	2018-06-07	7140_meso	TRUE	26% rbbsm + 5% rbbmr + 69% 7140_meso	10% rbbsm + 90% 7140_meso	0	1839666_7140_meso
18546_2	2014-06-05	6510_hu	TRUE	89% 6510_hu + 11% gh	6510_hu	4	18546_6510_hu
185822_1	2018-09-14	4030	TRUE	100% 4030	4030	0	185822_4030
186850_1	2018-06-20	6510_hu	TRUE	100% 6510_hu	6510_hu	0.1	186850_6510_hu
1872565_1	2018-06-28	1330_hpr	TRUE	100% 1330_hpr	100% 1330_hpr	0.1	1872565_1330_hpr
188022_1	2015-06-02	91E0_vo	TRUE	100% 91E0_vo	NA	0.1	188022_91E0_vo
1884126_1	2016-08-02	6230_hmo	TRUE	100% 6230_hmo	100% 6230_hmo	0	1884126_6230_hmo
1885721_2	2019-06-04	6510_hua	TRUE	100% 6510_hua	6510_hua	4.1	1885721_6510_hua
1887022_2	2018-01-01	NA	NA	NA	NA	155.7	1887022_6230
18898_1	2019-04-05	9190	TRUE	71% 9190 + 16% geen habitat  + 13% geen habitat 	NA	0.1	18898_9190
190162_1	2017-07-27	4030	TRUE	100% 4030	4030	0.1	190162_4030
190902_2	2018-06-06	6510_hu	TRUE	57% 6510_hu + 43% 9 : bossen	6510_hu	30	190902_6510_hu
1913782_1	2018-07-10	7140_meso	TRUE	100% 7140_meso	99% 7140_meso	0.3	1913782_7140_meso
191442_1	2018-08-06	2310	TRUE	100% 2310 + 47% 2330_bu	2310	0.1	191442_2310
191698_1	2017-07-28	4030	TRUE	100% 4030	4030	0.1	191698_4030
191966_1	2018-09-07	4030	TRUE	100% 4030	4030	0	191966_4030
1927030_1	2018-07-05	7140_meso	TRUE	13% gh + 87% 7140_meso	100% 7140_meso	0.2	1927030_7140_meso
1928193_1	2018-06-29	1330_hpr	TRUE	100% 1330_hpr	100% 1330_hpr	0.3	1928193_1330_hpr
193246_1	2019-08-08	4010	TRUE	100% 4010	4010	0	193246_4010
1936821_2	2018-06-28	1330_hpr	TRUE	NA% rbbah + NA% gh + 15% 1330_hpr	100% 1330_hpr	4.7	1936821_1330_hpr
1938478_2	2015-07-08	6230_hmo	TRUE	80% 6230_hmo + 20% gh	100% 6230_hmo	20.5	1938478_6230_hmo
1945013_1	2018-06-28	1330_hpr	TRUE	100% 1330_hpr	100% 1330_hpr	0	1945013_1330_hpr
19510_2	2016-09-08	6230_hn	TRUE	50% 6230_hn + 10% 4030 + 40% gh	100% 6230_hn	212.2	19510_6230_hn
196022_1	2019-03-28	91E0_vo	TRUE	100% 91E0_vo	NA	0	196022_91E0_vo
196306_1	2018-08-03	2310	TRUE	100% 2310	2310	0.1	196306_2310
19762_1	2019-04-08	9190	TRUE	100% 9190	NA	0	19762_9190
198137_1	2015-05-12	91E0_vc	TRUE	100% 91E0_vc	NA	0	198137_91E0_vc
199122_1	2018-08-07	2310	TRUE	100% 2310	2310	0.1	199122_2310
20_2	2019-01-01	NA	NA	NA	NA	30.2	10071601_2120
200630_1	2018-07-31	4030	TRUE	100% 4030	4030	0.1	200630_4030
201006_2	2016-06-27	6230_hn	TRUE	47% 6230_hn + 53% gh	100% 6230_hn	39.6	201006_6230_hn
2011870_2	2018-06-05	7140_oli	TRUE	68% 7140_oli + 32% 4010	100% 7140_oli	13	2011870_7140_oli
2016390_1	2019-01-01	NA	NA	NA	NA	0.1	2016390_6230
201689_1	2016-01-20	91E0_vc	TRUE	93% 91E0_vc + 7% geen habitat 	NA	0.1	201689_91E0_vc
20178_1	2014-09-08	2310	TRUE	100% 2310	2310	0	20178_2310
20274_1	2019-04-04	9160	TRUE	100% 9160	NA	0	20274_9160
20320594_1	2015-06-04	6120	TRUE	30% rbbsp + 38% rbbkam + 32% 6120	100% 6120	0.1	20320594_6120
2037393_2	2019-06-05	6510_hua	TRUE	100% 6510_hua	6510_hua	1.3	2037393_6510_hua
20406_1	2014-09-16	4030	TRUE	100% 4030	4030	0.1	20406_4030
20470_1	2019-04-04	91E0_vm	TRUE	100% 91E0_vm	NA	0.2	20470_9190
20470_1	2019-04-04	91E0_vm	TRUE	100% 91E0_vm	NA	0.2	20470_91E0_vo
205501_1	2017-08-16	4030	TRUE	100% 4030	4030	0	205501_4030
2056822_2	2019-11-14	7140_oli	TRUE	100% 7140_oli	100% 7140_oli	51.9	2056822_7140_oli
206134_2	2014-06-12	6510_hu	TRUE	80% 6510_hu + 20% gh	6510_hu	2.2	206134_6510_hu
20614_1	2018-06-27	9120	TRUE	100% 9120	NA	0.7	20614_9190
206546_1	2018-08-09	2310	TRUE	100% 2310	2310	0	206546_2310
207314_1	2018-08-03	2310	TRUE	100% 2310	2310	0	207314_2310
208350_1	2017-09-07	4010	TRUE	100% 4010	4010	0	208350_4010
21_2	2019-01-01	NA	NA	NA	NA	24.4	10082417_2130_hd
21025_1	2019-04-16	9130_end	TRUE	100% 9130_end	NA	0.5	21025_9130_end
211193_1	2015-05-18	91E0_vc	TRUE	100% 91E0_vc	NA	0.1	211193_91E0_vc
212062_1	2018-10-10	4030	TRUE	100% 4030	4030	0	212062_4030
212661_2	2015-08-13	1330_hpr	TRUE	5% rbbah + 90% 1330_hpr + 5% rbbmr	100% 1330_hpr	10.1	212661_1330_hpr
2130550_2	2019-11-14	7140_oli	TRUE	100% 7140_oli	100% 7140_oli	59.5	2130550_7140_oli
213138_1	2019-04-09	91E0_vo	TRUE	100% 91E0_vo	NA	0.1	213138_91E0_vo
2133734_1	2016-07-26	6230_hmo	TRUE	90% 6230_hmo + 10% gh	100% 6230_hmo	0.9	2133734_6230_hmo
2133926_2	2017-07-20	6230_hmo	TRUE	50% 6230_hn + 50% 6230_hmo	100% 6230_hmo	51.9	2133926_6230_hmo
2136622_1	2019-08-01	7140_oli	TRUE	100% 7140_oli	100% 7140_oli	0.2	2136622_7140_oli
213726_1	2019-08-01	4010	FALSE	100% 4 : heide- en struikvegetaties	4010	0	213726_4010
213942_1	2014-09-05	2330_bu	TRUE	100% 2330_bu	2330_bu	0.1	213942_2330_bu
21430_1	2014-09-09	4030	TRUE	77% 4030 + 23% gh	4030	0.1	21430_4030
2143233_2	2019-01-01	NA	NA	NA	NA	4.6	2143233_1330_hpr
216018_1	2018-08-02	4010	TRUE	100% 4010	4010	0	216018_4010
2160774_2	2016-07-06	6410_mo	TRUE	30% 6510_hu + 15% 9160 + 55% 6410_mo	100% 6410_mo	101.9	2160774_6410_mo
216118_1	2018-05-25	6510_hu	TRUE	100% 6510_hu	6510_hu	0.1	216118_6510_hu
216786_1	2018-07-30	2310	TRUE	100% 2310 + 8% 2330_bu	2310	0.1	216786_2310
217014_1	2018-08-07	4030	TRUE	100% 4030	4030	0.1	217014_4030
21714_1	2014-09-19	2330_bu	TRUE	100% 2330_bu	2330_bu	0.1	21714_2330_bu
2173889_2	2016-08-30	6410_mo	TRUE	100% 6410_mo	100% 6410_mo	91.8	2173889_6410_mo
218086_1	2019-06-12	6510_hu	TRUE	100% 6510_hu + 40% 9 : bossen	6510	0.1	218086_6510_hu
218322_1	2014-09-19	4030	TRUE	100% 4030	4030	0	218322_4030
219446_1	2018-09-14	4030	TRUE	100% 4030	4030	0.1	219446_4030
219694_1	2018-05-15	91E0_vo	TRUE	100% 91E0_vo	NA	0.2	219694_91E0_vo
2198_1	2015-04-21	9160	TRUE	73% 9160 + 27% geen habitat 	NA	0.1	2198_9160
22_1	2019-01-01	NA	NA	NA	NA	0	10082997_2120
2201202_2	2020-05-27	6510_huk	TRUE	100% 6510_huk	6510_huk	49.7	2201202_6510_huk
220882_1	2016-08-18	6230_ha	TRUE	50% 6230_ha + 50% gh	100% 6230_ha	0.2	220882_6230_ha
222194_1	2017-07-14	4030	TRUE	100% 4030	4030	0	222194_4030
2225078_2	2015-09-18	7140_meso	TRUE	31% 91E0_meso + 69% 7140_meso	100% 7140_meso	10.5	2225078_7140_meso
222518_1	2017-07-25	7140_meso	TRUE	100% 7140_meso	100% 7140_meso	0.2	222518_7140_meso
2239241_1	2019-01-01	NA	NA	NA	NA	0	2239241_1330_hpr
224850_1	2017-07-25	4030	TRUE	100% 4030	4030	0	224850_4030
225910_1	2014-09-23	2330_bu	TRUE	100% 2330_bu	2330_bu	0	225910_2330_bu
226014_1	2019-06-24	4030	TRUE	100% 4030	4030	0.1	226014_4030
226230_1	2014-09-08	2330_bu	TRUE	26% 2330_bu + 74% 4030	2330_bu	0.1	226230_2330_bu
2264998_2	2017-07-20	6230_hmo	TRUE	100% 6230_hmo	100% 6230_hmo	39.9	2264998_6230_hmo
226606_1	2018-09-24	4030	TRUE	100% 4030	4030	0	226606_4030
2270930_2	2019-07-04	7140_oli	TRUE	100% 7140_oli	100% 7140_oli	29.2	2270930_7140_oli
22726_1	2018-06-28	9160	TRUE	100% 9160	NA	0.1	22726_9160
229074_1	2018-08-01	4010	TRUE	39% 2310 + 100% 4010	4010	0.1	229074_4010
2299537_2	2019-06-05	6510_hua	TRUE	100% 6510_hua	6510_hua	2.4	2299537_6510_hua
23_2	2019-01-01	NA	NA	NA	NA	34.8	10102837_2130_hd
23_2	2019-01-01	NA	NA	NA	NA	34.8	10102837_2160
230110_1	2018-08-14	4010	TRUE	100% 4010	4010	0.2	230110_4010
23086_1	2016-09-19	7140_oli	TRUE	58% 7140_oli + 42% 4010	100% 7140_oli	0.1	23086_7140_oli
230930_1	2015-06-22	91E0_vo	TRUE	100% 91E0_vo	NA	0	230930_91E0_vo
231702_2	2014-05-27	6510_hus	TRUE	89% 6510_hus + 1% gh + 10% onbekend	6510_hus	1.1	231702_6510_hus
2318966_1	2019-11-14	7140_oli	TRUE	100% 7140_oli	100% 7140_oli	0.2	2318966_7140_oli
2320246_2	2019-01-01	NA	NA	NA	NA	9.9	2320246_7140_meso
23238_1	2018-06-29	9160	TRUE	100% 9160	NA	0.1	23238_9160
23257_2	2015-07-05	91E0_vc	TRUE	75% 9130 + 25% 91E0_vc	NA	8.8	23257_91E0_vc
2328854_2	2014-05-27	6510_hus	TRUE	89% 6510_hus + 11% gh	6510_hus	1.2	2328854_6510_hus
2333697_2	2019-01-01	NA	NA	NA	NA	27.5	2333697_1330_hpr
233398_1	2018-08-08	4010	TRUE	100% 4010	4010	0	233398_4010
2334002_1	2016-06-20	6410_ve	TRUE	80% 6410 + 20% 6510_hu	100% 6410	0	2334002_6410_ve
2334854_2	2017-06-29	6230_hmo	TRUE	79% 6230_hmo + 21% gh	100% 6230_hmo	10.1	2334854_6230_hmo
23385_2	2018-06-05	9130_end	TRUE	100% 9130_end	NA	2.2	23385_9130_end
234297_1	2015-05-06	91E0_vc	TRUE	100% 91E0_vc	NA	0	234297_91E0_vc
234974_1	2018-09-21	4030	TRUE	100% 4030	4030	0	234974_4030
23538_1	2014-08-25	4010	TRUE	100% 4010	4010	0.1	23538_4010
236370_1	2014-08-27	2330_bu	TRUE	100% 2330_bu	2330_bu	NA	236370_2330_bu
2364085_2	2019-01-01	NA	NA	NA	NA	64.8	2364085_1330_hpr
236530_1	2017-07-03	4010	TRUE	100% 4010	4010	0.1	236530_4010
236657_2	2020-06-04	6510_hu	TRUE	100% 6510_hu	6510_hu	27.3	236657_6510_hu
236754_1	2018-07-31	2310	TRUE	100% 2310	2310	0	236754_2310
2370514_1	2019-01-01	NA	NA	NA	NA	0.2	2370514_7140_oli
2371634_2	2016-07-18	6410_mo	TRUE	50% 6410 + 50% gh	100% 6410	90.2	2371634_6410_mo
23762_1	2014-09-11	2310	TRUE	100% 2310	2310	0	23762_2310
237970_1	2019-04-09	91E0_vo	TRUE	100% 91E0_vo	NA	0	237970_91E0_vo
239838_1	2017-09-07	4030	TRUE	100% 4030	4030	0.1	239838_4030
240466_1	2017-07-10	2310	TRUE	100% 2310	2310	0.1	240466_2310
2410009_2	2019-06-06	6510_hua	TRUE	100% 6510_hua	6510_hua	2.7	2410009_6510_hua
241234_1	2017-07-25	4030	TRUE	94% 4030 + 6% gh	4030	0.1	241234_4030
241650_1	2017-07-26	4030	TRUE	100% 4030	4030	0.1	241650_4030
242398_1	2017-08-21	2310	TRUE	100% 2310	2310	0	242398_2310
243698_1	2017-07-04	4010	TRUE	100% 4010	4010	0.1	243698_4010
2438198_1	2015-06-11	6230_hmo	TRUE	50% 6230_hmo + 50% gh	100% 6230_hmo	0	2438198_6230_hmo
243846_2	2014-05-22	6510_hu	TRUE	100% 6510_hu	6510_hu	2	243846_6510_hu
2440689_1	2018-06-14	6510_hua	TRUE	100% 6510_hua	6510_hua	0	2440689_6510_hua
2447382_2	2018-06-18	6230_hmo	TRUE	100% 6230_hmo	100% 6230_hmo	64.1	2447382_6230_hmo
245458_1	2018-08-01	2310	TRUE	100% 2310	2310	0.1	245458_2310
2468182_2	2015-05-29	6410_ve	TRUE	20% 6510_hu + 25% gh + 55% 6410_ve	100% 6410_ve	82.6	2468182_6410_ve
2479154_2	2016-06-16	6410_ve	TRUE	60% 6410 + 40% 6510_hu	100% 6410	30.3	2479154_6410_ve
25_1	2019-01-01	NA	NA	NA	NA	0	ov_07
2500918_2	2019-07-05	7140_meso	TRUE	65% rbbms + 35% 7140_meso	100% 7140_meso	107.7	2500918_7140_meso
251090_1	2018-09-11	4010	TRUE	100% 4010	4010	0.1	251090_4010
253593_2	2017-04-13	91E0_vc	TRUE	100% 91E0_vc	NA	14.2	253593_91E0_vc
2552882_2	2016-07-13	6410_ve	TRUE	50% 6410 + 50% gh	100% 6410	346.6	2552882_6410_ve
256978_1	2018-08-06	2310	TRUE	100% 2310	2310	0	256978_2310
257081_2	2015-04-28	91E0_vc	TRUE	100% 91E0_vc	NA	4	257081_91E0_vc
258390_2	2015-11-13	6510_hu	TRUE	100% 6510_hu	6510_hu	1.9	258390_6510_hu
258782_1	2018-08-13	2310	TRUE	100% 2310	2310	0	258782_2310
26_1	2018-01-01	NA	NA	NA	NA	0	10119985_2160
260082_1	2019-04-11	91E0_vo	TRUE	100% 91E0_vo	NA	0.1	260082_91E0_vo
260306_1	2018-07-27	4030	TRUE	100% 4030	4030	0	260306_4030
2610_1	2014-08-25	4030	TRUE	100% 4030	4030	0.1	2610_4030
261854_1	2019-08-05	4010	TRUE	100% 4010	4010	0.1	261854_4010
26322_1	2014-09-02	4030	TRUE	100% 4030	4030	0	26322_4030
2637569_1	2018-07-03	6230_hmo	TRUE	84% 6230_hmo + NA% rbbmr + NA% 3130_na + NA% 9120	100% 6230_hmo	0.2	2637569_6230_hmo
26393_2	2017-04-13	91E0_vc	TRUE	100% 91E0_vc	NA	24	26393_91E0_vc
2645426_1	2018-06-08	6510_huk	TRUE	100% 6510_huk	6510_huk	0.1	2645426_6510_huk
265170_1	2018-08-06	4010	TRUE	100% 4010	4010	0.1	265170_4010
266294_1	2018-09-12	2310	TRUE	100% 2310	2310	0.1	266294_2310
2664513_1	2015-07-10	6410_ve	TRUE	100% 6410_ve	100% 6410_ve	0	2664513_6410_ve
266834_1	2017-07-14	4030	TRUE	67% 4030 + 33% 9 : bossen	4030	0	266834_4030
267190_1	2014-09-08	4030	TRUE	100% 4030	4030	0	267190_4030
267474_1	2018-08-01	4030	TRUE	100% 4030	4030	0.1	267474_4030
267513_1	2018-07-03	91E0_vc	TRUE	100% 91E0_vc	NA	0.1	267513_91E0_vc
267986_2	2016-09-13	7140_meso	TRUE	100% 7140_meso	100% 7140_meso	20.9	267986_7140_meso
26822_1	2018-06-28	9160	TRUE	100% 9160	NA	0.1	26822_9160
269298_1	2017-07-04	4010	TRUE	100% 4010	4010	0.1	269298_4010
27_2	2019-10-21	2120	TRUE	70% 2120 + 30% 2160	100% 2120	3.2	zb_01
27090_1	2015-06-01	2310	TRUE	100% 2310	2310	0.1	27090_2310
271030_1	2016-09-15	7140_meso	TRUE	100% 7140_meso	100% 7140_meso	0.5	271030_7140_meso
271446_1	2019-05-03	91E0_vo	TRUE	100% 91E0_vo	NA	0.2	271446_91E0_vo
272850_1	2018-08-02	4030	TRUE	100% 4030	4030	0.1	272850_4030
2733713_2	2019-06-05	6510_hua	TRUE	100% 6510_hua	6510_hua	42.9	2733713_6510_hua
2742_1	2015-06-18	91E0_vo	TRUE	100% 91E0_vo	NA	0.1	2742_91E0_vo
27474_1	2019-04-03	9190	TRUE	100% 9190	NA	0	27474_9190
275382_1	2018-08-09	2310	TRUE	100% 2310	2310	0	275382_2310
27602_1	2014-09-09	4030	TRUE	100% 4030	4030	0	27602_4030
2760937_1	2016-09-12	6410_ve	TRUE	30% rbbsf + 10% rbbmr + 60% 6410_ve	100% 6410_ve	0.1	2760937_6410_ve
277214_1	2018-08-20	4010	TRUE	100% 4010	4010	0	277214_4010
279478_1	2014-09-03	4010	TRUE	100% 4010	4030	0.1	279478_4010
28_2	2019-11-04	2120	TRUE	26% 2130 + 58% 2120 + 16% 2160	100% 2120	31.9	wn_32
28126_1	2016-10-11	4010	TRUE	100% 4010	4010	0	28126_4010
2813697_1	2017-09-25	6230_hn	TRUE	45% 6230_hn + 50% gh + 5% 3130_aom	80% 6230_hn + 20% gh	0.2	2813697_6230_hn
281554_1	2018-08-02	2310	TRUE	100% 2310 + 24% 2330_bu	2310	0.1	281554_2310
282322_1	2017-07-28	4030	TRUE	32% 2310 + 68% 4030	4030	0.1	282322_4030
282614_2	2016-09-14	7140_meso	TRUE	32% 3130_aom + 68% 7140_meso	100% 7140_meso	9.8	282614_7140_meso
282678_1	2018-09-12	2310	TRUE	100% 2310	2310	0	282678_2310
28370_1	2014-08-28	2310	TRUE	87% 2310 + 13% 9 : bossen	2310	0.1	28370_2310
2839602_2	2016-06-08	6410_mo	TRUE	50% 6510_hu + 50% 6410_mo	100% 6410_mo	93.2	2839602_6410_mo
2841894_1	2018-05-22	6510_huk	TRUE	100% 6510_huk	6510_huk	0	2841894_6510_huk
284729_2	2015-04-28	91E0_vc	TRUE	100% 91E0_vc	NA	13.3	284729_91E0_vc
28546_1	2019-04-16	9130_fm	TRUE	100% 9130	NA	0.1	28546_9130_fm
285906_1	2018-07-31	2310	TRUE	100% 2310	2310	0.1	285906_2310
28658_1	2014-08-21	4030	TRUE	100% 4030	4030	0	28658_4030
2867990_1	2014-05-22	6510_hus	TRUE	93% 6510_hus + 7% onbekend	6510_hus	0.8	2867990_6510_hus
289078_1	2018-09-14	2330_bu	TRUE	100% 2330_bu	2330_bu	0.1	289078_2330_bu
2891673_2	2020-06-05	6510_hua	TRUE	100% 6510_hua	6510_hua	6.2	2891673_6510_hua
289234_1	2018-08-03	2310	TRUE	100% 2310	2310	0.1	289234_2310
289746_1	2018-08-06	2310	TRUE	100% 2310	2310	0.1	289746_2310
2898758_1	2015-06-12	6410_mo	TRUE	64% 6410_mo + 36% 91E0_veb	100% 6410_mo	0	2898758_6410_mo
29_2	2019-10-31	2120	TRUE	100% 2120	100% 2120	8.5	10138801_2120
290870_1	2018-09-14	2310	TRUE	100% 2310	2310	0.1	290870_2310
2911526_2	2020-05-26	6510_huk	TRUE	100% 6510_huk	6510_hus	29.6	2911526_6510_huk
2934297_1	2018-06-11	6510_hu	TRUE	100% 6510_hu	6510_hu	NA	2934297_6510_hua
293598_1	2019-08-12	4010	TRUE	100% 4010	4010	0.1	293598_4010
29406_1	2014-08-21	2310	TRUE	100% 2310	2330_bu	0.1	29406_2310
2942609_2	2019-06-05	6510_hua	TRUE	100% 6510_hua	6510_hua	1.5	2942609_6510_hua
294610_1	2018-07-30	2310	TRUE	73% 2310 + 14% 2330	2310	0	294610_2310
295862_1	2014-09-03	2330_bu	TRUE	40% 2310 + 22% 2330_bu + 38% 6 : (half) natuurlijke graslanden	2330_bu	0	295862_2330_bu
29622_1	2014-09-08	2310	TRUE	70% 2310 + 14% 2330 + 16% gh	2310	0.1	29622_2310
296658_1	2018-08-08	2310	TRUE	30% 2310 + 19% 2330_dw + 100% 4010	4010	0.1	296658_2310
2967065_2	2018-06-12	6510_hua	TRUE	100% 6510_hua	6510_hua	60	2967065_6510_hua
297234_2	2017-07-06	2310	TRUE	100% 2310	2310	9.5	297234_2310
2981953_2	2018-06-12	6230_hmo	TRUE	100% 6230_hmo	100% 6230_hmo	50.4	2981953_6230_hmo
298918_2	2018-06-27	91E0_vn	TRUE	100% 91E0_vn	NA	1.7	298918_91E0_vo
299701_1	2017-09-29	1330_hpr	TRUE	95% 1330_hpr + 5% gh	100% 1330_hpr	0.3	299701_1330_hpr
3_2	2019-11-04	2120	TRUE	19% 2120 + 81% 2160	70% 2120 + 30% 2160	5.5	103601_2120
300242_1	2018-08-03	2310	TRUE	100% 2310	2310	0.1	300242_2310
3002670_1	2018-06-13	6230_hmo	TRUE	100% 6230_hmo	100% 6230_hmo	0.3	3002670_6230_hmo
300534_1	2018-08-08	91E0_vm	TRUE	100% 91E0_vm	NA	0.1	300534_91E0_vo
300649_1	2017-01-01	NA	NA	NA	NA	0.3	300649_6230_ha
300649_1	2017-01-01	NA	NA	NA	NA	0.3	300649_6230_hmo
3008870_2	2015-07-07	6410_mo	TRUE	5% gh + 95% 6410_mo	100% 6410_mo	100.5	3008870_6410_mo
3013714_2	2018-06-08	6120	TRUE	74% gh + 26% 6120	100% 6120	24.3	3013714_6120
3016210_1	2015-06-23	6410_mo	TRUE	100% 6410_mo	100% 6410_mo	0.3	3016210_6410_mo
302290_1	2018-07-31	2310	TRUE	100% 2310	2310	0.1	302290_2310
3026_1	2014-09-09	4030	TRUE	98% 4030 + 2% gh	4030	0.1	3026_4030
304338_1	2014-09-22	2310	TRUE	100% 2310	2310	0.1	304338_2310
304850_1	2017-07-27	4010	TRUE	100% 4010	4010	0.1	304850_4010
306130_1	2014-09-10	2310	TRUE	100% 2310	2310	0	306130_2310
3068802_1	2018-07-06	6510_huk	TRUE	100% 6510_huk	6510_huk	0	3068802_6510_huk
3077777_1	2020-06-02	6510_hua	TRUE	100% 6510_hua	6510_hua	NA	3077777_6510_hua
308098_2	2014-05-22	6510_huk	TRUE	83% 6510_huk + 17% gh	6510_huk	4.8	308098_6510_huk
309458_2	2017-08-17	6230_hmo	TRUE	10% 91E0_meso + 90% 6230_hmo	100% 6230_hmo	30.8	309458_6230_hmo
31_1	2018-07-16	2120	TRUE	100% 2120	100% 2120	0	10153777_2120
310994_1	2018-08-01	2310	TRUE	100% 2310	2310	0.1	310994_2310
311262_2	2016-01-01	NA	NA	NA	NA	20.1	311262_6230_hn
311602_1	2019-04-01	91E0_vo	TRUE	76% 91E0_vo + 24% geen habitat 	NA	0.1	311602_91E0_vo
3120562_1	2018-06-11	6510_huk	TRUE	100% 6510_huk	6510_huk	0	3120562_6510_huk
3132850_1	2020-05-28	6510_huk	TRUE	100% 6510_huk	6510_huk	0	3132850_6510_huk
313305_2	2019-03-21	91E0_vc	TRUE	100% 91E0_vc	NA	3.2	313305_91E0_vc
3134649_2	2018-05-31	6230_hmo	TRUE	100% 6230_hmo	100% 6230_hmo	29.1	3134649_6230_hmo
31414_1	2019-04-02	91E0_vo	TRUE	100% 91E0_vo	NA	0	31414_91E0_vo
315062_1	2019-04-03	91E0_vo	TRUE	100% 91E0_vo	NA	0.1	315062_91E0_vo
3153026_1	2020-05-22	6510_huk	TRUE	100% 6510_huk	6510_huk	0.1	3153026_6510_huk
315318_1	2018-09-11	2310	TRUE	100% 2310	2310	0	315318_2310
315329_1	2016-01-01	NA	NA	NA	NA	0.2	315329_6230
3160082_1	2019-07-03	6410_ve	TRUE	100% 6410_ve	100% 6410_ve	0.1	3160082_6410_ve
3163010_1	2018-06-27	6510_huk	TRUE	100% 6510_huk	6510_huk	0.1	3163010_6510_huk
316626_1	2018-08-08	4030	TRUE	100% 4030	4030	0.1	316626_2310
3170178_1	2019-06-19	6510_huk	TRUE	100% 6510_huk	6510_huk	0.1	3170178_6510_huk
317202_1	2018-07-24	2330_bu	TRUE	100% 2330_bu	2330_bu	0.1	317202_2330_bu
3173042_1	2020-06-02	6510_huk	TRUE	100% 6510_huk	6510_huk	0.1	3173042_6510_huk
32_1	2019-10-28	2130_hd	TRUE	6% 2160 + 94% 2130_hd	100% 2130_hd	0	zw_13
3219382_2	2015-09-21	7140_meso	TRUE	100% 7140_meso	100% 7140_meso	11.4	3219382_7140_meso
322002_1	2018-08-02	4010	TRUE	100% 4010	4010	0.1	322002_4010
323154_2	2016-07-29	6230_hn	TRUE	40% 6230_hn + 10% 4030 + 50% gh	100% 6230_hn	27.9	323154_6230_hn
324318_1	2017-08-18	2330_bu	TRUE	100% 2330_bu	2330_bu	0	324318_2330_bu
32466_1	2014-09-11	2310	TRUE	100% 2310	2310	0.1	32466_2310
327153_2	2016-06-15	6510_hus	TRUE	27% 6430_mr + 73% 6510_hus	6510_hua	30.8	327153_6510_hus
3273046_2	2018-07-02	6230_hmo	TRUE	86% 6230_hmo + 14% gh	100% 6230_hmo	19.8	3273046_6230_hmo
3275858_2	2018-06-08	6120	TRUE	80% gh + 20% 6120	100% 6120	35.5	3275858_6120
3276198_2	2016-08-23	6230_hmo	TRUE	50% 6230_hn + 50% 6230_hmo	100% 6230_hmo	40.2	3276198_6230_hmo
33_1	2019-01-01	NA	NA	NA	NA	0	bd_07
330194_1	2018-08-06	4010	TRUE	100% 4010	4010	0.1	330194_4010
330706_1	2018-08-02	2310	TRUE	100% 2310	2310	0.1	330706_2310
331445_2	2015-08-12	1310_pol	TRUE	20% gh + 10% rbbmr + 70% 1310_pol	100% 1310_pol	20	331445_1330_hpr
331702_1	2014-09-16	2310	TRUE	76% 2310 + 24% gh	2310	0.1	331702_2310
332726_1	2014-09-05	4030	TRUE	100% 4030	4030	0.1	332726_2310
332726_1	2014-09-05	4030	TRUE	100% 4030	4030	0.1	332726_2330_bu
332786_2	2017-01-01	NA	NA	NA	NA	1.3	332786_6230
333010_1	2018-08-01	4030	TRUE	100% 4030	4030	0.1	333010_2310
333385_2	2014-06-10	6510_hu	TRUE	54% 6510_hu + 46% gh	6510_hu	2	333385_6510_hu
33502_1	2016-10-20	4030	TRUE	100% 4030	4030	0	33502_4030
3351638_2	2018-06-27	6230_hmo	TRUE	15% 6230_hmo + 40% gh + 30% 6410_ve	100% 6230_hmo	8.6	3351638_6230_hmo
3366786_1	2019-06-19	6510_huk	TRUE	100% 6510_huk	6510_huk	0.1	3366786_6510_huk
33718_2	2014-09-02	2330_bu	TRUE	100% 2330_bu	2330_bu	1.3	33718_2330_bu
338386_1	2018-08-03	2310	TRUE	37% 2310 + 100% 2330_bu	2330_bu	0.1	338386_2310
338898_1	2018-08-07	2310	TRUE	26% 2310 + 100% 4010	4010	0.1	338898_2310
34_2	2019-01-01	NA	NA	NA	NA	12.2	10157873_2130_hd
34_2	2019-01-01	NA	NA	NA	NA	12.2	10157873_2160
3405958_1	2018-06-25	6230_hmo	TRUE	91% 6230_hmo + 9% gh	100% 6230_hmo	0.2	3405958_6230_hmo
340702_1	2017-08-21	2310	TRUE	100% 2310	2310	0.1	340702_2310
340978_1	2016-08-25	6230_hn	TRUE	100% 6230_hn	100% 6230_hn	0	340978_6230_hn
3424742_2	2018-06-04	6230_hmo	TRUE	10% 6230_ha + 70% 6230_hmo + 20% rbbmr	100% 6230_hmo	20.1	3424742_6230_hmo
342750_1	2019-08-09	4010	TRUE	100% 4010	4010	0.1	342750_4010
3432322_1	2019-06-19	6510_huk	TRUE	74% 6510 + 26% gh	6510	0	3432322_6510_huk
344798_1	2019-08-01	4010	TRUE	100% 4010	4010	0	344798_4010
345014_1	2017-08-30	2330_bu	TRUE	100% 2330_bu	2330_bu	0	345014_2330_bu
34514_1	2014-08-28	2310	TRUE	100% 2310	2310	0.1	34514_2310
3456990_1	2018-06-27	6230_hmo	TRUE	86% 6230_hmo + 14% gh	100% 6230_hmo	0	3456990_6230_hmo
3461110_2	2016-09-14	6230_hmo	TRUE	90% 6230_hmo + 10% gh	100% 6230_hmo	19.1	3461110_6230_hmo
347090_1	2018-08-02	2310	TRUE	100% 2310 + 10% 4010	2310	0.1	347090_2310
3476978_1	2019-06-20	6120	TRUE	70% gh + 30% 6120	100% 6120	0.1	3476978_6120
347858_1	2018-07-30	4010	TRUE	100% 4010	4010	0.1	347858_4010
3489106_2	2019-07-02	6120	TRUE	50% gh + 50% 6120	100% 6120	27	3489106_6120
349433_1	2018-07-04	91E0_va	TRUE	100% 91E0_va	NA	0.1	349433_91E0_vc
35090_1	2015-09-24	4010	TRUE	100% 4010	4010	0.1	35090_4010
357086_1	2019-06-27	4010	TRUE	100% 4010	4010	0	357086_4010
35794_1	2014-09-11	2310	TRUE	79% 2310 + 21% gh	2310	0.1	35794_2310
359134_1	2019-08-09	4010	TRUE	100% 4010	4010	0	359134_4010
359574_1	2017-09-08	4030	TRUE	100% 4030	2310	0.1	359574_2330_bu
36_1	2019-01-01	NA	NA	NA	NA	0	10160821_2120
3600726_2	2018-07-02	6230_hmo	TRUE	24% rbbms + 76% 6230_hmo	100% 6230_hmo	50.6	3600726_6230_hmo
360146_1	2018-07-30	2310	TRUE	100% 2310	2310	0	360146_2310
3612546_1	2018-07-06	6510_huk	TRUE	100% 6510_huk + 5% gh	6510_huk	0	3612546_6510_huk
361398_1	2014-09-02	2330_bu	TRUE	100% 2330_bu	2330_bu	0.1	361398_2330_bu
366225_2	2014-05-30	6510_hua	TRUE	100% 6510_hua	6510_hua	98.2	366225_6510_hua
36774_2	2018-06-26	9120	TRUE	100% 9120	NA	1.5	36774_9160
369974_1	2017-07-25	7140_meso	TRUE	100% 7140_meso	100% 7140_meso	0.2	369974_7140_meso
37_1	2019-01-01	NA	NA	NA	NA	0	ij_08
3732406_2	2015-09-21	7140_meso	TRUE	100% 7140_meso	100% 7140_meso	10.7	3732406_7140_meso
37330_1	2014-08-28	4030	TRUE	100% 4030	4030	0.1	37330_4030
3734950_2	2017-07-20	6230_hn	TRUE	83% 6230_hn + 17% gh	100% 6230_hn	80	3734950_6230_hmo
3741830_2	2015-06-09	6410_mo	TRUE	26% gh + 74% 6410_mo	100% 6410_mo	4.3	3741830_6410_mo
37557_2	2015-08-11	1330_hpr	TRUE	30% rbbzil + 70% 1330_hpr	100% 1330_hpr	10	37557_1330_hpr
3777298_1	2016-07-27	6410_mo	TRUE	20% gh + 80% 6410_mo	100% 6410_mo	0.4	3777298_6410_mo
379094_1	2016-09-06	6230_ha	TRUE	100% 6230_ha	100% 6230_ha	0.2	379094_6230_ha
38_2	2019-01-01	NA	NA	NA	NA	6.4	10184117_2130_hd
38_2	2019-01-01	NA	NA	NA	NA	6.4	10184117_2160
380638_1	2019-08-08	4010	TRUE	100% 4010	4010	0	380638_4010
38098_1	2014-09-17	2310	TRUE	84% 2310 + 16% gh	2310	0.1	38098_2310
3811458_1	2018-06-08	6510_huk	TRUE	100% 6510_huk	6510_huk	0	3811458_6510_huk
381878_1	2018-08-10	4030	TRUE	100% 4030	4030	0.1	381878_4010
3821746_2	2019-07-12	6230_hnk	TRUE	15% gh + 85% 6230_hnk	100% 6230_hnk	10.1	3821746_6230_hnk
3821746_3	2018-06-12	6510_huk	TRUE	100% 6510_huk	6510_huk	40.2	3821746_6510_huk
3829634_2	2019-06-18	6510_huk	TRUE	100% 6510	6510	30.1	3829634_6510_huk
38545_2	2014-05-30	6510_hua	TRUE	100% 6510_hua	6510_hua	4.2	38545_6510_hua
386422_1	2014-09-23	2330_bu	TRUE	100% 2330_bu	2330_bu	0	386422_2330_bu
386674_2	2014-06-02	6510_hu	TRUE	83% 6510_hu + 17% gh	6510_hu	4.4	386674_6510_hu
387538_1	2018-08-01	2310	TRUE	100% 2310	2310	0.1	387538_2310
3894_2	2015-04-20	9120	TRUE	100% 9120	NA	1.2	3894_9160
3906994_1	2018-06-08	6510_huk	TRUE	100% 6510_huk	6510_huk	0.1	3906994_6510_huk
391154_1	2017-07-03	4010	TRUE	100% 4010	4010	0.1	391154_4010
392342_1	2017-09-08	2330_bu	TRUE	100% 2330_bu	2330_bu	0	392342_2330_bu
393950_1	2019-06-20	4010	TRUE	100% 4010	4010	0	393950_4010
394962_1	2017-08-03	4010	TRUE	100% 4010	4010	0	394962_4010
3956146_1	2018-06-11	6510_huk	TRUE	100% 6510_huk	6510_huk	0	3956146_6510_huk
3968934_1	2019-07-08	6230_hmo	TRUE	100% 6230_hmo	100% 6230_hmo	0.2	3968934_6230_hmo
3970_1	2015-05-21	9160	TRUE	99% 9160 + 1% geen habitat 	NA	0.1	3970_9160
397238_1	2018-07-30	4030	TRUE	100% 4030	4030	0.1	397238_4010
398529_2	2016-06-28	6410_ve	TRUE	50% gh + 50% 6410_ve	100% 6410_ve	38.4	398529_6410_ve
398529_4	2014-06-02	6510_hu	TRUE	31% 6510_hu + 35% gh + 34% gh	6510_hu	2.1	398529_6510_hu
398546_1	2014-09-15	2310	TRUE	100% 2310	2310	0.1	398546_2310
4_2	2019-10-17	2120	TRUE	63% 2120 + 37% 2160	100% 2120	6.2	1009077_2120
40_1	2018-08-23	2130_hd	TRUE	100% 2130_hd	100% 2130_hd	0	pd_01
40_2	2018-08-23	2170	TRUE	60% 2120 + 40% 2170	100% 2170	0	pd_02
40_3	2018-09-26	2120	TRUE	22% 2130 + 75% 2120 + 3% 2160	100% 2120	0	10186545_2120
40054_1	2016-11-28	4010	TRUE	100% 4010	4010	0.1	40054_4010
4008897_2	2016-08-30	6410_mo	TRUE	100% 6410_mo	100% 6410_mo	50.4	4008897_6410_mo
40146_1	2014-09-08	4030	TRUE	73% 4030 + 27% gh	4030	0	40146_4030
4026418_2	2016-06-18	6410_mo	TRUE	50% gh + 50% 6410_mo	100% 6410_mo	123.9	4026418_6410_mo
4042038_2	2015-05-29	6410_mo	TRUE	20% gh + 80% 6410_mo	100% 6410_mo	24	4042038_6410_mo
4057446_2	2015-07-07	6410_mo	TRUE	22% gh + 78% 6410_mo	100% 6410_mo	70.5	4057446_6410_mo
4059478_1	2019-07-09	6230_hmo	TRUE	60% 6230_hmo + 40% gh	100% 6230_hmo	0.2	4059478_6230_hmo
409269_1	2015-08-14	1310_pol	TRUE	15% rbbmr + 85% 1310_pol	100% 1310_pol	0	409269_1330_hpr
409654_2	2014-05-27	6510_hu	TRUE	84% 6510_hu + 16% 9 : bossen	6510_hu	2.5	409654_6510_hu
4121938_1	2019-06-18	6120	TRUE	65% gh + 35% 6120	100% 6120	0.4	4121938_6120
4122918_2	2018-05-18	6510_huk	TRUE	100% 6510_huk	6510_huk	10.9	4122918_6510_huk
412726_2	2019-05-23	6230_ha	TRUE	100% 6230_ha	100% 6230_ha	9.4	412726_6230_ha
414646_1	2015-08-18	6230_hn	TRUE	100% 6230_hn	100% 6230_hn	0	414646_6230_hn
4178198_2	2019-07-09	6230_hmo	TRUE	100% 6230_hmo	100% 6230_hmo	30.1	4178198_6230_hmo
41814_2	2014-06-11	6510_hu	TRUE	9% 6 : (half) natuurlijke graslanden + 64% 6510_hu + 27% gh	6510_hu	1.5	41814_6510_hu
419538_1	2016-09-23	7140_oli	TRUE	100% 7140_oli	100% 7140_oli	0.1	419538_7140_oli
423762_2	2016-08-17	6230_ha	TRUE	70% 6230_ha + 5% 4030 + 25% 3130	100% 6230_ha	31.1	423762_6230_ha
4256642_1	2018-06-28	6510_huk	TRUE	100% 6510_huk	6510_huk	0	4256642_6510_huk
428057_2	2019-05-27	91E0_vc	TRUE	100% 91E0_vc	NA	1.4	428057_91E0_vc
42934_1	2014-09-10	4030	TRUE	100% 4030	4030	0.1	42934_4030
43_1	2019-10-25	2130_hd	TRUE	38% 2160 + 62% 2130_hd	100% 2130_hd	0	hs_10
431314_1	2014-09-17	2330_bu	TRUE	100% 2330_bu	2330_bu	0.1	431314_2330_bu
431494_1	2018-06-25	91E0_vo	TRUE	100% 91E0_vo	NA	0.7	431494_91E0_vo
43230_1	2016-11-21	4010	TRUE	100% 4010	4010	0.1	43230_4010
4330770_1	2020-05-27	6510_hus	TRUE	100% 6510_hus	6510_hus	0	4330770_6510_hus
433362_1	2014-09-08	2310	TRUE	100% 2310	2310	0	433362_2310
4346754_1	2019-06-18	6510_hu	TRUE	57% 6510_hu + 43% gh	6510	0	4346754_6510_huk
4351326_1	2018-05-22	6510_hus	TRUE	100% 6510_hus	6510_hus	0	4351326_6510_hus
43566_1	2015-06-25	4030	TRUE	100% 4030	4030	0.1	43566_4030
4370774_2	2019-07-05	7140_meso	TRUE	100% 7140_meso	100% 7140_meso	14.9	4370774_7140_meso
437685_2	2015-08-06	1330_hpr	TRUE	15% rbbkam + 50% 1330_hpr + 5% rbbmr + 30% 1310_pol	50% 1330_hpr + 50% 1310_pol	50	437685_1330_hpr
43858_1	2014-08-28	2330_bu	TRUE	100% 2330_bu	2330_bu	0.1	43858_2330_bu
4390190_1	2016-06-10	6410_ve	TRUE	100% 6410_ve	100% 6410_ve	0	4390190_6410_ve
44_1	2018-09-26	2170	TRUE	7% 2160 + 78% 2130_hd + 15% 2170	40% 2130_hd + 60% 2170	0	10219313_2170
44_2	2018-09-26	2130_hd	TRUE	90% 2130_hd + 10% 2170	100% 2130_hd	0	ty_21
4417666_1	2018-06-27	6510_huk	TRUE	100% 6510_huk + 15% 9 : bossen	6510_huk	0	4417666_6510_huk
445266_1	2014-08-27	2330_bu	TRUE	60% 2330_bu + 40% 9 : bossen	2330_bu	NA	445266_2330_bu
44626_1	2014-08-22	4030	TRUE	100% 4030	4030	NA	44626_4030
4465750_2	2019-07-09	6230_hmo	TRUE	30% 6230_ha + 70% 6230_hmo	100% 6230_hmo	20	4465750_6230_hmo
4501586_2	2015-06-03	6120	TRUE	30% 3260 + 10% 6430 + 30% gh + 30% 6120	100% 6120	18.3	4501586_6120
4502402_1	2018-06-28	6510_huk	TRUE	100% 6510_huk + NA% gh	6510_huk	0.3	4502402_6510_huk
452066_2	2014-06-11	6510_hu	TRUE	NA% 6510 + NA% gh + NA% gh	6510	4.6	452066_6510_hu
45526_1	2015-08-11	91E0_vo	TRUE	100% 91E0_vo	NA	0.1	45526_91E0_vo
455349_2	2015-08-03	1330_hpr	TRUE	7% rbbkam + 93% 1330_hpr	100% 1330_hpr	11.2	455349_1330_hpr
4576306_1	2018-06-12	6410_ve	TRUE	39% 6510_hu + 21% gh + 40% 6410_ve	100% 6410_ve	0.1	4576306_6410_ve
45790_1	2014-08-22	2310	TRUE	100% 2310	2310	0.1	45790_2310
458194_1	2017-07-06	2330_dw	TRUE	84% 2330_dw + 16% gh	2330_dw	0.1	458194_2330_dw
458462_1	2014-09-02	2310	TRUE	100% 2310	2310	0.1	458462_2310
459222_1	2014-09-26	2310	TRUE	100% 2310	2310	0	459222_2310
4598982_1	2015-06-19	6410_mo	TRUE	10% gh + 30% rbbmr + 10% 7230 + 50% 6410_mo	100% 6410_mo	0.2	4598982_6410_mo
4599942_2	2017-06-29	6410_ve	TRUE	100% 6410_ve	100% 6410_ve	50.3	4599942_6410_ve
46_1	2019-01-01	NA	NA	NA	NA	0	nd_24
46006_1	2014-09-09	4030	TRUE	100% 4030	4030	0.1	46006_4030
4633474_1	2018-06-28	6510_huk	TRUE	100% 6510_huk	6510_huk	0.1	4633474_6510_huk
463798_1	2014-09-09	2310	TRUE	100% 2310	2310	0.1	463798_2310
463833_2	2019-04-25	91E0_vc	TRUE	100% 91E0_vc	NA	19.5	463833_91E0_vc
466745_2	2018-05-29	91E0_vc	TRUE	100% 91E0_vc	NA	1.6	466745_91E0_vc
47_2	2019-10-31	2120	TRUE	60% 2130 + 33% 2120 + 7% 2160	100% 2120	54.4	wn_23
471990_1	2017-08-17	7140_meso	TRUE	100% 7140_meso	100% 7140_meso	0	471990_7140_meso
472065_1	2015-08-24	1330_hpr	TRUE	37% rbbah + 63% 1330_hpr	100% 1330_hpr	0.3	472065_1330_hpr
472889_1	2019-02-22	91E0_vc	TRUE	100% 91E0_vc	NA	0.7	472889_91E0_vc
473337_1	2018-07-03	91E0_vc	FALSE	100% 91E0_vc	NA	0	473337_91E0_vc
47446_2	2014-06-13	6510_hu	TRUE	54% 6510_hu + 46% gh	6510_hu	1.8	47446_6510_hu
476086_1	2014-09-04	2310	TRUE	68% 2310 + 32% 2330	2310	0.1	476086_2310
47666_1	2017-06-30	4030	TRUE	100% 4030	4030	0.1	47666_4030
48_1	2019-01-01	NA	NA	NA	NA	0	dp_02
480306_1	2018-06-13	6410_mo	TRUE	71% 6410 + 29% gh	100% 6410	0	480306_6410_mo
482290_1	2016-09-13	7140_meso	TRUE	30% gh + 20% 3130_aom + 50% 7140_meso	100% 7140_meso	0.3	482290_7140_meso
4851218_2	2015-06-23	6410_mo	TRUE	20% 6510_hu + 80% 6410_mo	100% 6410	20.2	4851218_6410_mo
4868374_1	2018-06-08	6510_hus	TRUE	100% 6510_hus	6510_hus	0	4868374_6510_hus
487606_1	2016-08-19	6230_hmo	TRUE	70% 6230_hmo + 30% gh	100% 6230_hmo	0.2	487606_6230_hmo
488054_1	2014-09-23	2310	TRUE	100% 2310	2310	0.1	488054_2310
488374_1	2014-09-08	4030	TRUE	100% 4030	4030	0.1	488374_2310
488374_1	2014-09-08	4030	TRUE	100% 4030	4030	0.1	488374_2330_bu
49_1	2019-10-24	2120	TRUE	15% 2130 + 79% 2120 + 6% 2160	100% 2120	0	dp_04
492470_1	2014-09-04	2330_bu	TRUE	63% 2330_bu + 29% 4030 + 8% onbekend	4030	0	492470_2330_bu
4945_2	2017-04-21	9130_end	TRUE	100% 9130_end	NA	6.3	4945_9130_end
4975814_2	2015-06-19	6410_mo	TRUE	10% 91E0_meso + 20% rbbso + 10% rbbmr + 60% 6410_mo	100% 6410_mo	10.1	4975814_6410_mo
498886_2	2016-08-25	6410_mo	TRUE	80% 6410_mo + 20% 91E0_veb	100% 6410_mo	1.5	498886_6410_mo
5_1	2018-01-01	NA	NA	NA	NA	0	pd_04
50_1	2018-08-21	2130_hd	TRUE	100% 2130_hd	100% 2130_hd	0	ov_01
500782_1	2015-05-27	6230_hn	TRUE	20% rbbms + 60% 6230_hn + 20% 3130_aom	100% 6230_hn	0.1	500782_6230_hn
50102_1	2014-09-02	4030	TRUE	100% 4030	4030	0.7	50102_4030
501046_2	2014-05-27	6510_hu	TRUE	100% 6510_hu	6510_hu	2.3	501046_6510_hu
502610_1	2017-07-10	2310	TRUE	100% 2310	2310	0.1	502610_2310
503414_1	2016-10-05	2330_bu	TRUE	100% 2330_bu	2330_bu	0	503414_2330_bu
504542_1	2016-09-19	2310	TRUE	100% 2310	2310	0.1	504542_2310
51_1	2018-07-20	2130_hd	TRUE	100% 2130_hd	100% 2130_hd	0	ty_04
516441_2	2018-06-05	91E0_vc	TRUE	100% 91E0_vc	NA	2.3	516441_91E0_vc
518902_2	2016-09-21	7140_meso	TRUE	30% rbbmr + 20% 6410_ve + 50% 7140_meso	100% 7140_meso	6	518902_7140_meso
52_1	2019-01-01	NA	NA	NA	NA	0	oh_12
520582_2	2018-06-25	9120	TRUE	100% 9120	NA	1.5	520582_91E0_vc
5253462_1	2017-07-25	6410_ve	TRUE	60% 6410 + 35% 6510_hu + 5% gh	100% 6410	0.1	5253462_6410_ve
526898_1	2017-06-30	2330_bu	TRUE	100% 2330_bu	2330_bu	0.1	526898_2330_bu
528582_2	2014-06-11	6510_hu	TRUE	73% 6510_hu + 27% gh	6510_hu	1.1	528582_6510_hu
53_1	2018-09-27	2130_hd	TRUE	17% 2160 + 83% 2130_hd	100% 2130_hd	0	sl_02
530734_1	2016-06-27	6230_hn	TRUE	100% 6230_hn	100% 6230_hn	0.1	530734_6230_hn
5313810_1	2020-05-19	6510_hus	TRUE	100% 6510_hus	6510_hus	0.1	5313810_6510_hus
5330_1	2014-09-16	2310	TRUE	100% 2310	2310	0.1	5330_2310
53561_2	2015-05-08	91E0_vc	TRUE	50% 9130_end + 46% 91E0_va + 4% 91E0_vc	NA	46.7	53561_91E0_vc
54_1	2019-01-01	NA	NA	NA	NA	0	10288565_2130_hd
540341_1	2015-08-14	1330_hpr	TRUE	15% rbbah + 85% 1330_hpr	100% 1330_hpr	0.2	540341_1330_hpr
540658_2	2016-07-29	6230_hn	TRUE	80% 6230_hn + 20% gh	100% 6230_hn	30.1	540658_6230_hn
5408201_2	2018-06-07	6410_mo	TRUE	100% 6410_mo	100% 6410_mo	58.2	5408201_6410_mo
5422_1	2016-10-28	4010	TRUE	100% 4 : heide- en struikvegetaties	4030	0	5422_4010
54482_1	2014-09-22	4030	TRUE	100% 4030	4030	0.1	54482_4030
544902_1	2015-06-25	6230_ha	TRUE	98% 6230_ha + 2% gh	100% 6230_ha	0.4	544902_6230_ha
546002_1	2017-07-17	2310	TRUE	100% 2310	2310	0	546002_2310
5474582_1	2019-05-15	6510_hus	TRUE	100% 6510_hus + 100% gh	6510_hus	0	5474582_6510_hus
54994_1	2014-08-29	4030	TRUE	100% 4030	4030	0	54994_4030
55_1	2019-10-18	2120	TRUE	75% 2120 + 25% 2160	100% 2120	0	10291313_2120
55058_1	2014-09-11	2330_bu	TRUE	100% 2330_bu	2330_bu	0.1	55058_2330_bu
551218_1	2017-06-28	2310	TRUE	100% 2310	2310	0.1	551218_2310
552537_2	2018-05-17	91E0_vc	TRUE	100% 91E0_vc	NA	19.6	552537_91E0_vc
556006_2	2014-05-23	6510_hu	TRUE	100% 6510	6510_hu	2.8	556006_6510_hu
558006_1	2017-08-23	2330_bu	TRUE	76% 2330_bu + 24% onbekend	2330_bu	0.1	558006_2330_bu
5624882_2	2017-07-10	6410_ve	TRUE	50% 6510_hu + 50% 6410_ve	100% 6410_ve	29.9	5624882_6410_ve
5630310_2	2017-07-19	6410_mo	TRUE	80% 6410 + 20% gh	100% 6410	10	5630310_6410_mo
57_1	2019-10-23	2120	TRUE	94% 2120 + 6% 2160	100% 2120	0	sc_01
570886_1	2018-07-04	9130	TRUE	100% 9130	NA	0.1	570886_91E0_vc
576033_2	2016-06-24	6510_hu	TRUE	54% 6510_hu + 46% gh	6510_hu	2.9	576033_6510_hu
576302_2	2016-09-13	6230_hn	TRUE	70% 6230_hn + 30% gh	100% 6230_hn	73.5	576302_6230_hn
5783154_2	2016-07-12	6410_mo	TRUE	30% 6510_hu + 25% gh + 15% 6230_hnk + 30% 6410_mo	100% 6410_mo	32.6	5783154_6410_mo
579958_2	2016-09-28	2310	TRUE	100% 2310	2310	186.1	579958_2330_bu
58_2	2019-01-01	NA	NA	NA	NA	26.2	10314929_2130_hd
58_2	2019-01-01	NA	NA	NA	NA	26.2	10314929_2160
583030_1	2016-09-29	2330_bu	TRUE	100% 2330_bu	2330_bu	0.1	583030_2330_bu
583378_1	2016-08-18	6230_ha	TRUE	50% 6230_ha + 50% gh	100% 6230_ha	0.2	583378_6230_ha
58433_2	2016-09-05	6230_hn	TRUE	30% 6230_hn + 70% gh	100% 6230_hn	9.3	58433_6230_hn
589110_2	2014-06-12	6510_hu	TRUE	100% 6510_hu	6510_hu	2	589110_6510_hu
589698_2	2014-06-04	6510_huk	TRUE	59% 6510 + 41% onbekend	6510	4	589698_6510_huk
589698_3	2017-07-06	6230_hnk	TRUE	40% 6510_huk + 10% gh + 50% 6230_hnk	100% 6230_hnk	35.7	589698_6230_hnk
59090_1	2016-08-18	6230_ha	TRUE	10% 6230_ha + 90% gh	100% 6230_ha	0.2	59090_6230_ha
594870_1	2018-08-21	4030	TRUE	100% 4030	4030	0.1	594870_2330_bu
59858_1	2015-06-01	2310	TRUE	100% 2310	2310	0.1	59858_2310
6_1	2019-01-01	NA	NA	NA	NA	0	hb_03
6_2	2019-10-25	2120	TRUE	48% 2130 + 36% 2120 + 16% gh	100% 2120	0	1013937_2120
60_1	2019-10-17	2120	TRUE	100% 2120	100% 2120	0	10323381_2120
602846_1	2016-10-03	2330_bu	TRUE	100% 2330_bu	2330_bu	0.1	602846_2330_bu
605493_2	2014-06-06	6510_hu	TRUE	53% 6510_hu + 47% gh	6510_hu	2.7	605493_6510_hu
606390_1	2016-08-19	6230_hn	TRUE	50% gh + 50% 6230	100% 6230_hn	0	606390_6230_hn
60894_1	2016-11-21	4030	TRUE	100% 4030	4010	0	60894_4030
61_1	2019-10-23	2120	TRUE	39% 2120 + 61% 2160	100% 2120	0	10333745_2120
6102322_1	2017-06-08	6410_ve	TRUE	10% gh + 90% 6410_ve	100% 6410_ve	0.4	6102322_6410_ve
6152326_2	2015-05-28	6410_mo	TRUE	20% 91E0_meso + 5% 7140_meso + 75% 6410_mo	100% 6410_mo	2.4	6152326_6410_mo
6165778_1	2020-05-19	6510_hus	TRUE	100% 6510_hus	6510_hus	0.1	6165778_6510_hus
616665_2	2018-05-22	91E0_vc	TRUE	100% 91E0_vc	NA	1.6	616665_91E0_vc
6194105_2	2017-06-20	6410_mo	TRUE	36% 9160 + 64% 6410_mo	100% 6410_mo	30	6194105_6410_mo
619506_1	2016-08-25	6230_ha	TRUE	50% 6230_ha + 50% gh	100% 6230_ha	0	619506_6230_ha
6201542_1	2019-05-23	6510_hus	TRUE	100% 6510_hus	6510_hus	0.1	6201542_6510_hus
6213542_2	2018-06-25	6410_mo	TRUE	14% gh + 86% 6410_mo	100% 6410_mo	15.6	6213542_6410_mo
62141_1	2016-10-26	4010	TRUE	80% 4010 + 20% onbekend	4010	0	62141_4010
62174_1	2014-09-03	2310	TRUE	100% 2310	2310	0.2	62174_2310
6278_1	2015-05-07	9160	TRUE	100% 9160	NA	0.1	6278_9160
627922_2	2016-09-09	6230_hn	TRUE	50% 6230_ha + 50% 6230_hn	100% 6230_hn	32.8	627922_6230_hn
63_1	2019-10-15	2120	FALSE	94% 2120 + 6% 2160	100% 2120	0	10342193_2120
63270_2	2014-06-06	6510_hu	TRUE	58% 6510_hu + 42% gh	6510_hu	3.2	63270_6510_hu
635830_1	2018-08-17	2310	TRUE	100% 2310	2310	0	635830_2330_bu
636561_2	2016-06-09	6510_hus	TRUE	100% 6510_hus	6510_hus	4.3	636561_6510_hus
64_1	2018-07-16	2120	TRUE	100% 2120	100% 2120	0	10350385_2120
641238_1	2016-09-06	6230_ha	TRUE	100% 6230_ha	100% 6230_ha	0.1	641238_6230_ha
642585_2	2019-02-14	91E0_vc	TRUE	100% 91E0_vc	NA	13.1	642585_91E0_vc
6427922_1	2019-06-04	6510_hus	TRUE	100% 6510_hus	6510_hus	0.1	6427922_6510_hus
643970_2	2014-06-10	6510_hu	TRUE	100% 6510	6510	4.7	643970_6510_hu
643970_2	2014-06-10	6510_huk	TRUE	100% 6510	6510	4.7	643970_6510_huk
6448478_1	2018-05-24	6510_hus	TRUE	100% 6510_hus	6510_hus	0	6448478_6510_hus
648566_1	2016-09-29	2330_bu	TRUE	100% 2330_bu	2330_bu	0.1	648566_2330_bu
648914_1	2016-08-18	6230_ha	TRUE	50% 6230_ha + 50% gh	100% 6230_ha	0.1	648914_6230_ha
65_2	2019-01-01	NA	NA	NA	NA	18.9	10353973_2120
65_2	2019-01-01	NA	NA	NA	NA	18.9	10353973_2130_hd
6509618_1	2018-06-14	6410_ve	TRUE	100% 6410	100% 6410	0.1	6509618_6410_ve
6523158_2	2019-05-16	6510_hu	TRUE	100% 6510_hu	6510_hus	40.1	6523158_6510_hus
65234_1	2014-09-02	4010	TRUE	100% 4010	4010	0.1	65234_4010
6528306_1	2018-06-12	6410_mo	TRUE	100% 6410_mo	100% 6410_mo	0.1	6528306_6410_mo
6529158_2	2018-06-26	6410_ve	TRUE	84% 6410 + 16% gh	100% 6410_ve	75.5	6529158_6410_ve
654598_2	2016-08-25	6230_ha	TRUE	15% rbbsp + 50% 6230_ha + 35% gh	100% 6230_ha	137.8	654598_6230_ha
6549737_2	2018-06-18	6410_ve	TRUE	24% gh + 76% 6410_ve	100% 6410_ve	10	6549737_6410_ve
65522_1	2014-08-20	4010	TRUE	100% 4010	4010	0	65522_4010
656246_2	2016-10-05	2330_bu	TRUE	100% 2330_bu	2330_bu	112.6	656246_2330_bu
659382_1	2017-07-20	2330_bu	TRUE	100% 2330_bu	2330_bu	0.1	659382_2330_bu
659794_2	2014-05-20	6510_hu	TRUE	55% 6510_hu + 55% 6510_hu + 14% gh + 14% gh + 31% onbekend + 31% onbekend	6510_hu	4.5	659794_6510_hu
66006_1	2014-09-26	2310	TRUE	100% 2310	2310	0	66006_2310
66270_1	2016-10-25	4010	TRUE	100% 4010	4010	0	66270_4010
6645958_1	2019-07-08	6410_mo	TRUE	30% gh + 70% 6410_mo	100% 6410_mo	0.2	6645958_6410_mo
6690066_1	2019-06-05	6510_hus	TRUE	100% 6510_hus	6510_hua	0	6690066_6510_hus
67_2	2019-01-01	NA	NA	NA	NA	10.6	10381105_2130_had
676914_2	2014-05-28	6510_hu	TRUE	100% 6510_hu	6510_hu	3.5	676914_6510_hu
6770678_1	2018-06-06	6230_hmo	TRUE	NA% 91E0_meso + 80% 6230_hmo + NA% gh	100% 6230_hmo	0.3	6770678_6230_hmo
677174_2	2014-06-12	6510_hu	TRUE	100% 6510_hu	6510_hu	2.1	677174_6510_hu
6792238_1	2018-06-06	6230_hn	TRUE	NA% rbbms + 61% 6230_hn + NA% 3130 + NA% gh + NA% 9120	100% 6230_hn	0.1	6792238_6410_ve
68_2	2019-10-31	2120	TRUE	47% 2130 + 25% 2120 + 28% 2160	100% 2120	40	wn_02
684982_1	2018-08-09	2310	TRUE	100% 2310	2310	0.1	684982_2330_bu
69_1	2018-09-27	2120	TRUE	100% 2120	100% 2120	0	10398513_2120
6923026_2	2019-07-03	6410_ve	TRUE	15% gh + 85% 6410_ve	100% 6410_ve	30.1	6923026_6410_ve
6948370_1	2017-07-03	6410_mo	TRUE	100% 6410_mo	100% 6410_mo	0.1	6948370_6410_mo
695297_2	2015-08-19	1330_hpr	TRUE	30% rbbah + 30% 1330_hpr + 40% rbbmr	100% 1330_hpr	11.6	695297_1330_hpr
696182_1	2016-09-20	7140_meso	TRUE	30% 91E0_meso + 70% 7140_meso	100% 7140_meso	0.3	696182_7140_meso
70_1	2019-10-23	2120	TRUE	100% 2120	100% 2120	0	10399281_2120
702674_1	2015-09-18	7140_oli	TRUE	71% 7140_oli + 29% rbbmr	100% 7140_oli	0.2	702674_7140_oli
7033906_1	2019-06-19	6410_mo	TRUE	100% 6410_mo	100% 6410_mo	0.2	7033906_6410_mo
7062294_1	2019-05-15	6510_hus	TRUE	100% 6510_hus	6510_hus	0	7062294_6510_hus
7072966_1	2017-05-29	6410_mo	TRUE	50% gh + 50% 6410_mo	100% 6410_mo	0.3	7072966_6410_mo
714198_1	2016-10-14	2330_bu	TRUE	100% 2330_bu	2330_bu	0.1	714198_2330_bu
714230_1	2016-09-28	2330_bu	TRUE	100% 2330_bu	2330_bu	0	714230_2330_bu
7145_1	2015-04-28	9160	TRUE	100% 9160	NA	0.1	7145_9160
7148818_1	2018-06-12	6510_hus	TRUE	100% 6510_hus	6510_hus	0	7148818_6510_hus
717750_1	2017-07-31	7140_oli	TRUE	100% 7140_oli	100% 7140_oli	0.3	717750_7140_oli
71902_1	2016-10-07	4010	TRUE	100% 4010	4010	0.1	71902_4010
72_1	2018-08-24	2170	TRUE	26% 2130 + 28% 2160 + 46% 2170	100% 2170	0	ty_19
7203174_1	2017-07-19	6410_mo	TRUE	100% 6410_mo	100% 6410_mo	0	7203174_6410_mo
720369_2	2014-06-11	6510_hua	TRUE	100% 6510_hua	6510_hua	4	720369_6510_hua
721906_1	2016-07-29	6230_ha	TRUE	40% 6230_ha + 30% gh + 30% 9120	100% 6230_ha	0.1	721906_6230_ha
72690_1	2014-08-20	4030	TRUE	100% 4030	4030	0.1	72690_4030
73_1	2019-10-16	2120	TRUE	100% 2120	100% 2120	0	10419637_2120
734_1	2016-11-18	4010	TRUE	100% 4010	4010	0.1	734_4010
736949_2	2015-08-12	1330_hpr	TRUE	10% rbbah + 15% rbbzil + 65% 1330_hpr + 10% rbbmr	100% 1330_hpr	10.1	736949_1330_hpr
738230_1	2017-08-29	2330_bu	TRUE	100% 2330_bu	2330_bu	0.1	738230_2330_bu
7394534_1	2018-06-19	6410_mo	TRUE	50% 6510_hu + 50% 6410_mo	50% 6510_hu + 50% 6410_mo	0.1	7394534_6410_mo
74_2	2019-11-04	2120	TRUE	97% 2120 + 3% 2190	100% 2120	103.2	10458289_2120
742450_2	2016-06-16	6410_mo	TRUE	100% 6410_mo	100% 6410_mo	45.1	742450_6410_mo
742610_1	2017-07-17	2330_bu	TRUE	100% 2330_bu	2330_bu	0.1	742610_2330_bu
743982_1	2016-09-19	6230_hmo	TRUE	100% 6230_hmo	100% 6230_hmo	0.1	743982_6230_hmo
745170_1	2016-08-18	6230_ha	TRUE	50% 6230_ha + 50% gh	100% 6230_ha	0.1	745170_6230_ha
75_2	2019-10-17	2120	TRUE	39% 2130 + 43% 2120 + 18% gh	100% 2120	31.3	10462645_2120
750198_1	2018-07-20	2330_bu	TRUE	100% 2330_bu	2330_bu	0.1	750198_2330_bu
750518_1	2017-08-30	2330_bu	TRUE	100% 2330_bu	2330_bu	0.1	750518_2330_bu
753630_2	2016-09-19	6230_hmo	TRUE	10% 6230_hn + 90% 6230_hmo	100% 6230_hmo	31.4	753630_6230_hmo
75474_1	2014-09-01	4030	TRUE	100% 4030	4030	0.1	75474_4030
76_1	2018-01-01	NA	NA	NA	NA	0	10481457_2130_hd
76_1	2018-01-01	NA	NA	NA	NA	0	10481457_2170
76242_1	2014-09-09	4010	TRUE	80% 4010 + 20% gh	4010	0.1	76242_4010
76754_1	2014-09-10	2310	TRUE	100% 2310	2310	0	76754_2310
77278_1	2016-11-30	4010	TRUE	100% 4010	4010	0	77278_4010
7738642_2	2019-06-05	6510_hus	TRUE	100% 6510_hus	6510_hus	90	7738642_6510_hus
77394_1	2014-08-22	4030	TRUE	100% 4030	4030	NA	77394_4030
7759198_2	2018-05-25	6510_hus	TRUE	100% 6510_hus	6510_hus	90	7759198_6510_hus
7785_1	2015-05-18	9190	TRUE	100% 9190	NA	0.1	7785_9190
78_2	2019-01-01	NA	NA	NA	NA	29.6	10517813_2120
78_2	2019-01-01	NA	NA	NA	NA	29.6	10517813_2130_hd
78_2	2019-01-01	NA	NA	NA	NA	29.6	10517813_2160
781906_2	2016-08-03	6230_hn	TRUE	30% 6230_ha + 70% 6230_hn	100% 6230_hn	1.1	781906_6230_hn
78294_2	2016-06-03	6510_hu	TRUE	100% 6510_hu	6510_hu	1.8	78294_6510_hu
7839026_1	2019-07-02	6410_ve	TRUE	10% gh + 90% 6410_ve	100% 6410_ve	0	7839026_6410_ve
783954_1	2017-06-30	6230_ha	TRUE	28% 6230_ha + 72% gh	100% 6230_ha	0	783954_6230_ha
7874902_1	2019-07-09	6410_ve	TRUE	25% gh + 75% 6410_ve	100% 6410_ve	0.1	7874902_6410_ve
7929558_1	2019-08-26	6410_ve	TRUE	5% gh + 95% 6410_ve	100% 6410_ve	0.2	7929558_6410_ve
7941057_1	2019-01-01	NA	NA	NA	NA	0	7941057_6410_ve
798133_1	2015-08-11	1330_hpr	TRUE	100% 1330_hpr	100% 1330_hpr	0.1	798133_1330_hpr
79986_2	2014-06-03	6510_hu	TRUE	69% 6510_hu + 31% gh	6510_hu	3.8	79986_6510_hu
8_2	2019-01-01	NA	NA	NA	NA	9.2	1015221_2120
801793_2	2015-08-19	1330_hpr	TRUE	5% rbbkam + 85% 1330_hpr + 10% rbbmr	100% 1330_hpr	29.7	801793_1330_hpr
803766_1	2017-08-25	2330_bu	TRUE	100% 2330_bu	2330_bu	0.1	803766_2330_bu
805942_1	2019-05-23	6230_ha	TRUE	100% 6230_ha	100% 6230_ha	0.1	805942_6230_ha
808146_1	2017-07-17	2330_bu	TRUE	100% 2330_bu	2330_bu	0.1	808146_2330_bu
808722_1	2018-07-19	2330_bu	TRUE	100% 2330_bu	2330_bu	0.1	808722_2330_bu
81_1	2019-01-01	NA	NA	NA	NA	0	10547637_2120
8121_2	2015-04-29	91E0_vc	TRUE	100% 91E0_vc	NA	26.3	8121_91E0_vc
8121542_1	2017-05-29	6410_mo	TRUE	10% gh + 90% 6410_mo	100% 6410_mo	0.9	8121542_6410_mo
81374_1	2016-10-27	4010	TRUE	100% 4010	4010	0.1	81374_4010
8158406_2	2017-05-29	6410_mo	TRUE	40% gh + 60% 6410_mo	100% 6410_mo	19.8	8158406_6410_mo
816054_1	2018-08-24	2310	TRUE	100% 2310	2310	0	816054_2330_bu
81985_1	2018-06-12	6230_hmo	TRUE	47% 4010 + 53% 6230_hmo	100% 6230_hmo	0.3	81985_6230_hmo
82_1	2018-09-27	2120	FALSE	100% 2120	100% 2120	0	10578737_2120
821462_1	2016-10-21	2330_bu	TRUE	100% 2330_bu	2330_bu	0.1	821462_2330_bu
8217_1	2017-05-02	9130_end	TRUE	100% 9130_end	NA	0.2	8217_9130_end
8220722_2	2018-06-20	6410_mo	TRUE	11% gh + 89% 6410_mo	100% 6410_mo	1.6	8220722_6410_mo
82222_1	2016-10-21	4030	TRUE	92% 4030 + 8% gh	4030	0.1	82222_4030
823129_1	2017-07-10	6230_hmo	TRUE	74% 6230_hmo + 26% gh	100% 6230_hmo	0.3	823129_6230_hmo
82654_1	2016-11-25	4010	TRUE	100% 4010	4010	0.1	82654_4010
83_1	2019-10-18	2120	TRUE	100% 2120	100% 2120	0	10606705_2120
832386_2	2014-06-04	6510_huk	FALSE	100% 6510_huk	6510_huk	5	832386_6510_huk
8363961_2	2018-06-01	6410_mo	TRUE	100% 6410_mo	100% 6410_mo	13.5	8363961_6410_mo
84_1	2019-01-01	NA	NA	NA	NA	0	10642869_2120
84_1	2019-01-01	NA	NA	NA	NA	0	10642869_2130_hd
842030_1	2016-06-27	6230_hn	TRUE	100% 6230_hn	100% 6230_hn	0.2	842030_6230_hn
845457_1	2016-06-09	6510_hua	TRUE	100% 6510_hua	6510_hua	NA	845457_6510_hua
84946_1	2015-06-01	2310	TRUE	100% 2310	2310	0	84946_2310
8525074_1	2019-06-04	6510_hu	TRUE	100% 6510_hu	6510_hu	0	8525074_6510_hus
85529_1	2015-05-26	91E0_vo	TRUE	68% 91E0_vo + 32% geen habitat 	NA	0.1	85529_91E0_vo
856054_1	2016-09-14	7140_meso	TRUE	47% 3150 + 20% gh + 33% 7140_meso	100% 7140_meso	0.7	856054_7140_meso
857281_1	2016-06-07	6510_hu	FALSE	65% 6510_hu + 35% gh	6510_hu	0.1	857281_6510_hu
857298_2	2016-09-09	6230_hn	TRUE	70% 6230_hn + 30% 4030	100% 6230_hn	31.3	857298_6230_hn
85890_2	2015-05-21	91E0_vc	TRUE	21% 9160 + 72% 91E0_vc + 5% geen habitat  + 2% geen habitat 	NA	11.5	85890_91E0_vc
86_1	2019-11-04	2120	TRUE	100% 2120	100% 2120	0	10654897_2120
863169_2	2016-06-08	6510_hu	TRUE	36% 6510_hu + 64% onbekend	6510_hu	50	863169_6510_hu
863862_2	2015-06-29	7140_meso	TRUE	100% 7140_meso	100% 7140_meso	43.1	863862_7140_meso
8669462_1	2018-06-11	6510_hus	TRUE	100% 6510_hus	6510_hus	0	8669462_6510_hus
87_1	2018-08-23	2120	TRUE	24% 2130 + 76% 2120	100% 2120	0	10665777_2120
8705254_1	2018-06-19	6410_mo	TRUE	50% 6510_hu + 50% 6410_mo	50% 6510_hu + 50% 6410_mo	0.2	8705254_6410_mo
87250_1	2017-07-17	4010	TRUE	100% 4010	4010	0	87250_4010
87250_2	2016-09-09	6230_hn	TRUE	30% 6230_hn + 70% 2310	100% 6230_hn	44.3	87250_6230_hn
877942_2	2016-09-30	2330_bu	TRUE	100% 2330	2330_bu	98.8	877942_2330_bu
8786_1	2014-09-12	4030	TRUE	100% 4030	4030	0	8786_4030
88_2	2019-01-01	NA	NA	NA	NA	4.6	10672241_2120
88_2	2019-01-01	NA	NA	NA	NA	4.6	10672241_2130_hd
880094_2	2016-10-07	7140_oli	TRUE	83% 7140_oli + 17% gh	100% 7140_oli	20.2	880094_7140_oli
881590_1	2018-08-13	2330_bu	TRUE	100% 2330	2330	0	881590_2330_bu
88274_1	2015-06-02	9190	TRUE	67% 9190 + 33% geen habitat 	NA	0.1	88274_91E0_vo
884022_2	2018-05-29	6510_hu	TRUE	100% 6510_hu	6510_hu	40.1	884022_6510_hu
884342_1	2016-10-05	2330_bu	TRUE	100% 2330_bu	2330_bu	0.3	884342_2330_bu
8893_1	2014-09-03	2310	TRUE	100% 2310	2310	0.1	8893_2310
89810_1	2016-08-18	6230_ha	TRUE	50% 6230_ha + 50% gh	100% 6230_ha	0.2	89810_6230_ha
9_2	2019-11-04	2120	TRUE	31% 2130 + 60% 2120 + 9% 2160	100% 2120	112.7	1021105_2120
90_1	2019-01-01	NA	NA	NA	NA	0	10778801_2130_hd
90_1	2019-01-01	NA	NA	NA	NA	0	10778801_2170
905190_1	2018-06-06	6510_hu	TRUE	100% 6510_hu	6510_hu	0.1	905190_6510_hu
905382_1	2015-06-11	6410_mo	TRUE	40% gh + 60% 6410_mo	100% 6410_mo	0	905382_6410_mo
90846_1	2014-08-19	2310	TRUE	100% 2310	2310	0.8	90846_2310
9087041_1	2015-07-10	6410_ve	TRUE	10% 3130_aom + 90% 6410_ve	100% 6410_ve	0	9087041_6410_ve
908981_1	2016-09-15	1330_hpr	TRUE	40% rbbkam + 60% 1330_hpr	100% 1330_hpr	0.6	908981_1330_hpr
91122_1	2017-07-03	4030	TRUE	57% 4030 + 32% 9 : bossen + 10% gh	4030	0.1	91122_4030
9131058_1	2018-06-13	6410_mo	TRUE	20% 6410 + 60% 6510_hu + 20% gh	100% 6410_mo	0	9131058_6410_mo
91410_1	2016-09-27	4030	TRUE	100% 4030	4030	0.2	91410_4030
91510_1	2015-09-09	2330_bu	TRUE	100% 2330_bu	2330_bu	0.1	91510_2330_bu
91614_1	2018-09-14	4010	TRUE	100% 4010	4010	0.1	91614_4010
9189270_1	2018-06-04	6410_mo	TRUE	29% rbbhc + 71% 6410_mo	100% 6410_mo	0.1	9189270_6410_mo
92126_1	2018-08-17	4030	TRUE	100% 4030	4030	0	92126_4030
923209_1	2018-06-13	6510_hu	TRUE	100% 6510_hu	6510_hu	0	923209_6510_hu
923346_2	2016-09-13	7140_meso	TRUE	100% 7140_meso	100% 7140_meso	29.9	923346_7140_meso
92382_1	2016-10-07	4030	TRUE	9% 3 : zoetwaterhabitats + 91% 4030	4030	0.1	92382_4030
9245970_2	2020-05-27	6510_hus	TRUE	100% 6510_hus	6510_hus	90	9245970_6510_hus
9262_1	2016-09-23	9120	TRUE	100% 9120	NA	0.4	9262_9190
93_1	2019-10-22	2130_had	TRUE	100% 2130_had	100% 2130_had	0	sb_02
93138_1	2014-09-09	2310	TRUE	100% 2310	2310	0	93138_2310
934838_1	2017-08-23	2330_bu	TRUE	100% 2330_bu	2330_bu	0.1	934838_2330_bu
937014_2	2019-05-23	6230_hn	TRUE	100% 6230_hn	100% 6230_hn	12.5	937014_6230_hn
937682_1	2017-07-28	2330_bu	TRUE	100% 2330_bu	4030	0.1	937682_2330_bu
938262_1	2018-06-08	6510_hu	TRUE	100% 6510_hu	6510_hu	0	938262_6510_hu
943826_1	2016-09-28	7140_oli	TRUE	86% 7140_oli + 14% 4030	100% 7140_oli	0.3	943826_7140_oli
947126_1	2018-08-14	4030	TRUE	100% 4030	4030	0	947126_2330_bu
94942_1	2014-08-21	4010	TRUE	100% 4010	4010	0.1	94942_4010
95_1	2018-07-23	2170	TRUE	29% 2130_hd + 71% 2170	30% 2130_hd + 70% 2170	0	ty_13
9508114_1	2020-05-26	6510_hus	TRUE	100% 6510_hus	6510_hus	0	9508114_6510_hus
95158_1	2014-09-09	2310	TRUE	72% 2310 + 28% gh	2310	0.1	95158_2310
95218_1	2017-04-27	4030	TRUE	100% 4030	4030	0.1	95218_4030
95710_1	2016-12-01	4010	TRUE	98% 4010 + 2% onbekend	4010	0.1	95710_4010
959958_1	2016-09-20	7140_oli	TRUE	100% 7140_oli	100% 7140_oli	0	959958_7140_oli
96217_2	2015-05-13	91E0_vc	TRUE	95% 9130_end + 5% 91E0_vc	NA	8.8	96217_91E0_vc
963294_1	2016-09-19	2330_bu	TRUE	100% 2330_bu	2330_bu	0	963294_2330_bu
9655346_1	2018-06-12	6410_mo	TRUE	16% gh + 84% 6410_mo	100% 6410_mo	0.3	9655346_6410_mo
968217_1	2016-06-01	6510_hua	TRUE	100% 6510_hua	6510_hua	NA	968217_6510_hua
96978_1	2014-09-01	2310	TRUE	100% 2310	2310	0	96978_2310
97_1	2018-01-01	NA	NA	NA	NA	0	11824945_2170
976246_2	2016-09-28	2310	TRUE	100% 2310	2310	48.8	976246_2330_bu
979286_2	2016-08-24	6230_hmo	TRUE	100% 6230_hmo	100% 6230_hmo	8.4	979286_6230_hmo
98_1	2018-07-23	2190_mp	TRUE	2% 2130 + 5% 2170 + 93% 2190_mp	100% 2190_mp	0	ty_11
98_2	2018-01-01	NA	NA	NA	NA	0	11923249_2170
98002_1	2014-09-11	2310	TRUE	100% 2310	2310	0	98002_2310
980625_2	2016-06-09	6510_hua	TRUE	100% 6510_hua	6510_hus	4.1	980625_6510_hua
983990_1	2017-08-17	6230_hn	TRUE	100% 6230_hn	100% 6230_hn	0.2	983990_6230_hn
9938_1	2014-09-01	4030	TRUE	100% 4030	4030	0	9938_4030
99521_2	2014-06-03	6510_hu	TRUE	56% 6510_hu + 44% gh	6510_hu	2.2	99521_6510_hu
996278_1	2015-08-18	7140_meso	TRUE	100% 7140_meso	100% 7140_meso	0	996278_7140_meso
996353_2	2015-08-24	1330_hpr	TRUE	20% rbbah + 40% rbbkam + 10% rbbzil + 30% 1330_hpr	100% 1330_hpr	30	996353_1330_hpr
998709_1	2020-05-29	6510_hus	TRUE	100% 6510_hus	6510_hu	0.2	998709_6510_hus
