scheme	sampling_unit_code	point_code	date	is_valid
37	1023857_1330_hpr	1023857_1	2015	0
37	1027509_1330_hpr	1027509_1	2015	0
37	1035701_1330_hpr	1035701_1	2015	0
37	1045173_1330_hpr	1045173_1	2015	0
37	1045617_1330_hpr	1045617_1	2015	0
37	1053365_1330_hpr	1053365_1	2015	0
37	1076661_1330_hpr	1076661_1	2015	0
37	1101237_1330_hpr	1101237_1	2015	0
37	1101245_1330_hpr	1101245_1	2017	0
37	1117877_1330_hpr	1117877_1	2015	1
37	1176689_1330_hpr	1176689_1	2015	0
37	1184437_1330_hpr	1184437_1	2015	0
37	1192629_1330_hpr	1192629_1	2015	0
37	1195701_1330_hpr	1195701_1	2015	0
37	12145_1330_hpr	12145_1	2015	0
37	1241781_1330_hpr	1241781_1	2015	0
37	1242225_1330_hpr	1242225_1	2015	0
37	1249973_1330_hpr	1249973_1	2015	0
37	128113_1330_hpr	128113_1	2015	0
37	1281461_1330_hpr	1281461_1	2015	0
37	1289653_1330_hpr	1289653_1	2015	0
37	1291377_1330_hpr	1291377_1	2015	0
37	1310773_1330_hpr	1310773_1	2015	0
37	1315509_1330_hpr	1315509_1	2015	0
37	1322865_1330_hpr	1322865_1	2015	0
37	1338805_1330_da	1338805_1	2018	0
37	1338805_1330_da	1338805_2	2018	0
37	1338805_1330_hpr	1338805_1	2018	0
37	1346997_1330_hpr	1346997_1	2015	0
37	1348277_1330_hpr	1348277_1	2017	1
37	1373297_1330_hpr	1373297_1	2015	0
37	1401857_1330_hpr	1401857_1	2015	0
37	1403657_1330_hpr	1403657_1	2017	0
37	1403657_1330_hpr	1403657_2	2017	1
37	1410493_1330_hpr	1410493_1	2018	0
37	1457153_1330_hpr	1457153_1	2018	0
37	1461001_1330_hpr	1461001_1	2018	0
37	1461001_1330_hpr	1461001_2	2018	1
37	1486261_1330_hpr	1486261_1	2015	0
37	1498805_1330_hpr	1498805_1	2019	0
37	1503925_1330_hpr	1503925_1	2015	0
37	1547265_1330_hpr	1547265_1	2018	1
37	1610421_1330_hpr	1610421_1	2015	0
37	1666049_1330_hpr	1666049_1	2018	0
37	1667357_1330_hpr	1667357_1	2018	0
37	1667357_1330_hpr	1667357_2	2018	1
37	1679217_1330_hpr	1679217_1	2015	0
37	168629_1330_hpr	168629_1	2015	0
37	1715637_1330_hpr	1715637_1	2018	0
37	1715637_1330_hpr	1715637_2	2018	1
37	1741493_1330_hpr	1741493_1	2015	0
37	1750129_1330_hpr	1750129_1	2018	0
37	1750129_1330_hpr	1750129_2	2018	1
37	1781173_1330_hpr	1781173_1	2015	0
37	1785525_1330_hpr	1785525_1	2018	0
37	1785525_1330_hpr	1785525_2	2018	1
37	1830325_1330_hpr	1830325_1	2015	0
37	1830581_1330_hpr	1830581_1	2018	1
37	1872565_1330_hpr	1872565_1	2018	1
37	1879477_1330_hpr	1879477_1	2015	0
37	1896305_1330_hpr	1896305_1	2015	0
37	1928193_1330_hpr	1928193_1	2018	1
37	193205_1330_hpr	193205_1	2015	0
37	193649_1330_hpr	193649_1	2015	0
37	1936821_1330_hpr	1936821_1	2018	0
37	1936821_1330_hpr	1936821_2	2018	1
37	1945013_1330_hpr	1945013_1	2018	1
37	1946625_1330_hpr	1946625_1	2015	0
37	1962677_1330_hpr	1962677_1	2015	0
37	2018741_1330_hpr	2018741_1	2015	0
37	2028657_1330_hpr	2028657_1	2015	0
37	2036405_1330_hpr	2036405_1	2015	0
37	2109297_1330_hpr	2109297_1	2015	0
37	212661_1330_hpr	212661_1	2015	0
37	212661_1330_hpr	212661_2	2015	1
37	2133429_1330_hpr	2133429_1	2015	0
37	2134709_1330_hpr	2134709_1	2015	0
37	2143233_1330_hpr	2143233_1	2019	0
37	2265781_1330_hpr	2265781_1	2015	0
37	2272693_1330_hpr	2272693_1	2015	0
37	2274305_1330_hpr	2274305_1	2015	0
37	2333697_1330_hpr	2333697_1	2019	0
37	2338229_1330_hpr	2338229_1	2015	0
37	2364085_1330_hpr	2364085_1	2019	0
37	2396853_1330_hpr	2396853_1	2015	0
37	241077_1330_hpr	241077_1	2015	0
37	2421873_1330_hpr	2421873_1	2015	0
37	242801_1330_hpr	242801_1	2015	0
37	2567605_1330_hpr	2567605_1	2015	0
37	258741_1330_hpr	258741_1	2015	0
37	2591601_1330_hpr	2591601_1	2015	0
37	2618037_1330_hpr	2618037_1	2015	0
37	2658997_1330_hpr	2658997_1	2015	0
37	2665909_1330_hpr	2665909_1	2015	0
37	266933_1330_hpr	266933_1	2015	0
37	2703029_1330_hpr	2703029_1	2015	0
37	2733169_1330_hpr	2733169_1	2015	0
37	2735541_1330_hpr	2735541_1	2015	0
37	2748273_1330_hpr	2748273_1	2015	0
37	2796981_1330_hpr	2796981_1	2015	0
37	2829749_1330_hpr	2829749_1	2015	0
37	2830389_1330_hpr	2830389_1	2015	0
37	2862517_1330_hpr	2862517_1	2015	0
37	2908853_1330_hpr	2908853_1	2015	0
37	2925569_1330_hpr	2925569_1	2015	0
37	2936245_1330_hpr	2936245_1	2015	0
37	299701_1330_hpr	299701_1	2017	1
37	304129_1330_hpr	304129_1	2015	0
37	3052213_1330_hpr	3052213_1	2015	0
37	3067317_1330_hpr	3067317_1	2015	0
37	3084981_1330_hpr	3084981_1	2015	0
37	3109889_1330_hpr	3109889_1	2015	0
37	311349_1330_hpr	311349_1	2015	0
37	3124661_1330_hpr	3124661_1	2015	0
37	3142325_1330_hpr	3142325_1	2015	0
37	3157873_1330_hpr	3157873_1	2015	0
37	3198389_1330_hpr	3198389_1	2015	0
37	3214773_1330_hpr	3214773_1	2015	0
37	3215029_1330_hpr	3215029_1	2015	0
37	324721_1330_hpr	324721_1	2015	0
37	3252081_1330_hpr	3252081_1	2015	0
37	331445_1330_hpr	331445_1	2015	0
37	3347125_1330_hpr	3347125_1	2015	0
37	3378613_1330_hpr	3378613_1	2015	0
37	3383153_1330_hpr	3383153_1	2015	0
37	3388529_1330_hpr	3388529_1	2015	0
37	3445429_1330_hpr	3445429_1	2015	0
37	3457077_1330_hpr	3457077_1	2015	0
37	3470449_1330_hpr	3470449_1	2015	0
37	3478197_1330_hpr	3478197_1	2015	0
37	3499009_1330_hpr	3499009_1	2015	0
37	3640177_1330_hpr	3640177_1	2015	0
37	3642037_1330_hpr	3642037_1	2015	0
37	3732593_1330_hpr	3732593_1	2015	0
37	37557_1330_hpr	37557_1	2015	0
37	37557_1330_hpr	37557_2	2015	1
37	3781745_1330_hpr	3781745_1	2015	0
37	3797685_1330_hpr	3797685_1	2015	0
37	3863665_1330_hpr	3863665_1	2015	0
37	3904181_1330_hpr	3904181_1	2015	0
37	3936949_1330_hpr	3936949_1	2015	0
37	409269_1330_hpr	409269_1	2015	0
37	4100789_1330_hpr	4100789_1	2015	0
37	4140469_1330_hpr	4140469_1	2015	0
37	4173237_1330_hpr	4173237_1	2015	0
37	4174961_1330_hpr	4174961_1	2015	0
37	4181429_1330_hpr	4181429_1	2015	0
37	4190901_1330_hpr	4190901_1	2015	0
37	4210741_1330_hpr	4210741_1	2015	0
37	4231861_1330_hpr	4231861_1	2015	0
37	4330165_1330_hpr	4330165_1	2015	0
37	437685_1330_hpr	437685_1	2015	0
37	437685_1330_hpr	437685_2	2015	1
37	4387509_1330_hpr	4387509_1	2015	0
37	4406965_1330_hpr	4406965_1	2015	0
37	4437105_1330_hpr	4437105_1	2015	0
37	4453045_1330_hpr	4453045_1	2015	0
37	4461237_1330_hpr	4461237_1	2015	0
37	4492725_1330_hpr	4492725_1	2015	0
37	4494005_1330_hpr	4494005_1	2015	0
37	4519025_1330_hpr	4519025_1	2015	0
37	4547585_1330_hpr	4547585_1	2015	0
37	455349_1330_hpr	455349_1	2015	0
37	455349_1330_hpr	455349_2	2015	1
37	4568177_1330_hpr	4568177_1	2015	0
37	4657845_1330_hpr	4657845_1	2015	0
37	4689333_1330_hpr	4689333_1	2015	0
37	470453_1330_hpr	470453_1	2015	0
37	472065_1330_hpr	472065_1	2015	1
37	4723381_1330_hpr	4723381_1	2015	0
37	4781169_1330_hpr	4781169_1	2015	0
37	4828597_1330_hpr	4828597_1	2015	0
37	4830321_1330_hpr	4830321_1	2015	0
37	4846261_1330_hpr	4846261_1	2015	0
37	4894133_1330_hpr	4894133_1	2015	0
37	495029_1330_hpr	495029_1	2015	0
37	4961393_1330_hpr	4961393_1	2015	0
37	5006005_1330_hpr	5006005_1	2015	0
37	52669_1330_hpr	52669_1	2017	0
37	529077_1330_hpr	529077_1	2015	0
37	540341_1330_hpr	540341_1	2015	1
37	576949_1330_hpr	576949_1	2015	0
37	586865_1330_hpr	586865_1	2015	0
37	651957_1330_hpr	651957_1	2015	0
37	667701_1330_hpr	667701_1	2015	0
37	692917_1330_hpr	692917_1	2015	0
37	695297_1330_hpr	695297_1	2015	0
37	695297_1330_hpr	695297_2	2015	1
37	699829_1330_hpr	699829_1	2015	0
37	717937_1330_hpr	717937_1	2015	0
37	732597_1330_hpr	732597_1	2015	0
37	733237_1330_hpr	733237_1	2015	0
37	734321_1330_hpr	734321_1	2015	0
37	736949_1330_hpr	736949_1	2015	0
37	736949_1330_hpr	736949_2	2015	1
37	750593_1330_hpr	750593_1	2015	0
37	758453_1330_hpr	758453_1	2015	0
37	783029_1330_hpr	783029_1	2015	0
37	791221_1330_hpr	791221_1	2015	0
37	798133_1330_hpr	798133_1	2015	1
37	801793_1330_hpr	801793_1	2015	0
37	801793_1330_hpr	801793_2	2015	1
37	811701_1330_hpr	811701_1	2015	0
37	81589_1330_hpr	81589_1	2015	0
37	823989_1330_hpr	823989_1	2015	0
37	830901_1330_hpr	830901_1	2015	0
37	868021_1330_hpr	868021_1	2015	0
37	908981_1330_hpr	908981_1	2016	1
37	961973_1330_hpr	961973_1	2015	0
37	970173_1330_hpr	970173_1	2017	0
37	987829_1330_hpr	987829_1	2015	0
37	996353_1330_hpr	996353_1	2015	0
37	996353_1330_hpr	996353_2	2015	1
38	10010417_2120	14_1	2019	0
38	10010417_2120	14_2	2019	1
38	10057905_2120	18_2	2019	0
38	10057905_2120	18_3	2019	1
38	10071601_2120	20_1	2019	0
38	1009077_2120	4_1	2019	0
38	1009077_2120	4_2	2019	1
38	10138801_2120	29_1	2019	0
38	10138801_2120	29_2	2019	1
38	1013937_2120	6_2	2019	1
38	1015221_2120	8_1	2019	0
38	10153777_2120	31_1	2018	1
38	10186545_2120	40_3	2018	1
38	1021105_2120	9_1	2019	0
38	1021105_2120	9_2	2019	0
38	10291313_2120	55_1	2019	1
38	10323381_2120	60_1	2019	1
38	10333745_2120	61_1	2019	1
38	10342193_2120	63_1	2019	1
38	10350385_2120	64_1	2018	1
38	10353973_2120	65_1	2019	0
38	103601_2120	3_1	2019	0
38	103601_2120	3_2	2019	1
38	10398513_2120	69_1	2018	1
38	10399281_2120	70_1	2019	1
38	10419637_2120	73_1	2019	1
38	10458289_2120	74_1	2019	0
38	10458289_2120	74_2	2019	1
38	10462645_2120	75_1	2019	0
38	10462645_2120	75_2	2019	1
38	1047861_2120	11_1	2019	0
38	10517813_2120	78_1	2019	0
38	10578737_2120	82_1	2018	1
38	10606705_2120	83_1	2019	1
38	10654897_2120	86_1	2019	1
38	10665777_2120	87_1	2018	1
38	10672241_2120	88_1	2019	0
38	dp_04	49_1	2019	1
38	sc_01	57_1	2019	1
38	sc_04	17_1	2019	1
38	wn_02	68_1	2019	0
38	wn_02	68_2	2019	1
38	wn_22	12_1	2019	0
38	wn_22	12_2	2019	1
38	wn_23	47_1	2019	0
38	wn_23	47_2	2019	1
38	wn_32	28_1	2019	0
38	wn_32	28_2	2019	1
38	zb_01	27_1	2019	0
38	zb_01	27_2	2019	1
39	10082417_2130_hd	21_1	2019	0
39	10102837_2130_hd	23_1	2019	0
39	10157873_2130_hd	34_1	2019	0
39	10184117_2130_hd	38_1	2019	0
39	10314929_2130_hd	58_1	2019	0
39	10353973_2130_hd	65_1	2019	0
39	10381105_2130_had	67_1	2019	0
39	10517813_2130_hd	78_1	2019	0
39	10672241_2130_hd	88_1	2019	0
39	ov_01	50_1	2018	1
39	pd_01	40_1	2018	1
39	sb_02	93_1	2019	1
39	sl_02	53_1	2018	1
39	ty_04	51_1	2018	1
39	ty_21	44_2	2018	1
40	10102837_2160	23_1	2019	0
40	10157873_2160	34_1	2019	0
40	10184117_2160	38_1	2019	0
40	10314929_2160	58_1	2019	0
40	10517813_2160	78_1	2019	0
41	10219313_2170	44_1	2018	1
41	12054321_2170	100_1	2018	1
41	1240881_2170	13_1	2018	1
41	12545841_2170	103_1	2018	1
41	12644145_2170	105_1	2018	1
41	13070129_2170	107_1	2018	1
41	13561649_2170	108_1	2018	1
41	13594417_2170	109_1	2018	1
41	13823793_2170	110_1	2018	1
41	13889329_2170	111_1	2018	1
41	pd_02	40_2	2018	1
41	ty_13	95_1	2018	1
41	ty_19	72_1	2018	1
43	10334001_2190	62_1	2018	1
43	16772913_2190_mp	112_1	2018	1
43	ty_11	98_1	2018	1
44	106870_2310	106870_1	2014	0
44	109522_2310	109522_1	2014	0
44	110646_2310	110646_1	2014	0
44	116434_2310	116434_1	2018	1
44	120274_2310	120274_1	2014	0
44	1340342_2310	1340342_1	2018	0
44	1380278_2310	1380278_1	2018	0
44	1381302_2310	1381302_1	2018	0
44	1487798_2310	1487798_1	2018	0
44	150902_2310	150902_1	2014	0
44	156382_2310	156382_1	2017	1
44	158002_2310	158002_1	2017	1
44	160694_2310	160694_1	2018	0
44	163538_2310	163538_1	2018	1
44	166102_2310	166102_1	2018	1
44	1684406_2310	1684406_1	2018	0
44	169170_2310	169170_1	2018	0
44	174546_2310	174546_1	2018	1
44	176862_2310	176862_1	2017	0
44	179922_2310	179922_1	2018	0
44	191442_2310	191442_1	2018	1
44	191698_2310	191698_1	2017	0
44	196306_2310	196306_1	2018	1
44	199122_2310	199122_1	2018	1
44	206546_2310	206546_1	2018	1
44	207314_2310	207314_1	2018	1
44	216786_2310	216786_1	2018	1
44	216798_2310	216798_1	2017	0
44	219446_2310	219446_1	2018	0
44	230110_2310	230110_1	2018	0
44	236754_2310	236754_1	2018	1
44	241630_2310	241630_1	NA	0
44	242398_2310	242398_1	2017	1
44	245458_2310	245458_1	2018	1
44	256978_2310	256978_1	2018	1
44	258782_2310	258782_1	2018	1
44	265170_2310	265170_1	2018	0
44	266294_2310	266294_1	2018	1
44	267474_2310	267474_1	2018	0
44	275382_2310	275382_1	2018	1
44	275830_2310	275830_1	2017	0
44	277214_2310	277214_1	2018	0
44	281554_2310	281554_1	2018	1
44	282678_2310	282678_1	2018	1
44	285906_2310	285906_1	2018	1
44	289234_2310	289234_1	2018	1
44	289746_2310	289746_1	2018	1
44	290870_2310	290870_1	2018	1
44	294610_2310	294610_1	2018	1
44	296658_2310	296658_1	2018	0
44	297234_2310	297234_1	2017	0
44	297234_2310	297234_2	2017	1
44	300242_2310	300242_1	2018	1
44	302290_2310	302290_1	2018	1
44	310994_2310	310994_1	2018	1
44	315318_2310	315318_1	2018	1
44	316626_2310	316626_1	2018	0
44	322002_2310	322002_1	2018	0
44	324318_2310	324318_1	2017	0
44	330706_2310	330706_1	2018	1
44	333010_2310	333010_1	2018	0
44	338386_2310	338386_1	2018	0
44	338898_2310	338898_1	2018	0
44	340702_2310	340702_1	2017	1
44	345014_2310	345014_1	2017	0
44	347090_2310	347090_1	2018	1
44	347858_2310	347858_1	2018	0
44	349174_2310	349174_1	2014	0
44	35030_2310	35030_1	2014	0
44	359574_2310	359574_1	2017	0
44	360146_2310	360146_1	2018	1
44	362706_2310	362706_1	2014	0
44	38610_2310	38610_1	2014	0
44	387538_2310	387538_1	2018	1
44	4022_2310	4022_1	2014	0
44	51410_2310	51410_1	2014	0
44	529334_2310	529334_1	2017	0
44	635830_2310	635830_1	2018	0
44	684982_2310	684982_1	2018	0
44	74429_2310	74429_1	2014	0
44	76022_2310	76022_1	2014	0
44	816054_2310	816054_1	2018	0
44	97910_2310	97910_1	2014	0
45	1000374_2330_bu	1000374_1	2017	0
45	1012342_2330_bu	1012342_1	NA	0
45	1012662_2330_bu	1012662_1	2018	0
45	1053622_2330_bu	1053622_1	2017	1
45	1065910_2330_bu	1065910_1	2017	1
45	106870_2330_bu	106870_1	2014	0
45	1078198_2330_bu	1078198_1	2018	0
45	109522_2330_bu	109522_1	2014	0
45	1114582_2330_bu	1114582_1	2018	1
45	1119158_2330_bu	1119158_1	2017	0
45	1131446_2330_bu	1131446_1	2017	1
45	1140086_2330_bu	1140086_1	2017	0
45	1140086_2330_bu	1140086_2	2017	0
45	1143734_2330_bu	1143734_1	2018	0
45	1172854_2330_bu	1172854_1	2017	0
45	1172854_2330_bu	1172854_2	2017	0
45	1180534_2330_bu	1180534_1	2019	1
45	1196982_2330_bu	1196982_1	2017	1
45	120274_2330_bu	120274_1	2014	0
45	1208950_2330_bu	1208950_1	2018	0
45	1209270_2330_bu	1209270_1	2018	1
45	1213150_2330_bu	1213150_1	2017	1
45	1234130_2330_bu	1234130_1	2018	0
45	1250770_2330_bu	1250770_1	2017	1
45	1259822_2330_bu	1259822_1	NA	0
45	1262518_2330_bu	1262518_1	2017	0
45	1272114_2330_bu	1272114_1	2017	0
45	1272114_2330_dw	1272114_1	2017	1
45	1274486_2330_bu	1274486_1	2018	1
45	1274806_2330_bu	1274806_1	2018	0
45	1280210_2330_bu	1280210_1	NA	0
45	1284946_2330_bu	1284946_1	2017	1
45	1285330_2330_bu	1285330_1	2018	0
45	1287030_2330_bu	1287030_1	2019	1
45	1297718_2330_bu	1297718_1	2018	1
45	1303926_2330_bu	1303926_1	2017	0
45	1303926_2330_bu	1303926_2	2017	0
45	1311190_2330_bu	1311190_1	2018	0
45	1313142_2330_bu	1313142_1	2017	0
45	1313142_2330_bu	1313142_2	2017	0
45	1315766_2330_bu	1315766_1	2017	0
45	1328054_2330_bu	1328054_1	2017	1
45	1340342_2330_bu	1340342_1	2018	0
45	1344438_2330_bu	1344438_1	2017	0
45	1350866_2330_bu	1350866_1	2018	0
45	1353078_2330_bu	1353078_1	2017	0
45	1365778_2330_bu	1365778_1	2018	0
45	1372894_2330_bu	1372894_1	NA	0
45	1380278_2330_bu	1380278_1	2018	0
45	1381302_2330_bu	1381302_1	2018	0
45	1402230_2330_bu	1402230_1	2017	0
45	1402230_2330_bu	1402230_2	2017	0
45	1405878_2330_bu	1405878_1	2018	1
45	1407698_2330_bu	1407698_1	2017	1
45	1409974_2330_bu	1409974_1	2017	0
45	1422046_2330_bu	1422046_1	2017	1
45	1454814_2330_bu	1454814_1	2017	1
45	1479890_2330_bu	1479890_1	2018	1
45	1487798_2330_bu	1487798_1	2018	0
45	1500534_2330_bu	1500534_1	2017	0
45	1500534_2330_bu	1500534_2	2017	0
45	1501490_2330_bu	1501490_1	2017	1
45	1506770_2330_bu	1506770_1	2017	0
45	150902_2330_bu	150902_1	2014	0
45	1512374_2330_bu	1512374_1	2018	0
45	1516221_2330_bu	1516221_1	NA	0
45	1536630_2330_bu	1536630_1	2018	1
45	1536950_2330_bu	1536950_1	2018	0
45	1547090_2330_bu	1547090_1	2017	1
45	154834_2330_bu	154834_1	2018	1
45	1558738_2330_bu	1558738_1	2018	1
45	1562998_2330_bu	1562998_1	NA	0
45	1566070_2330_bu	1566070_1	2017	0
45	1566070_2330_bu	1566070_2	2017	0
45	1566166_2330_bu	1566166_1	2017	1
45	1590198_2330_bu	1590198_1	2017	0
45	1594578_2330_bu	1594578_1	2018	1
45	1599794_2330_bu	1599794_1	2017	0
45	160374_2330_bu	160374_1	2018	0
45	1606582_2330_bu	1606582_1	2017	1
45	1618654_2330_bu	1618654_1	NA	0
45	1628534_2330_bu	1628534_1	2017	0
45	1631606_2330_bu	1631606_1	2017	0
45	1631606_2330_bu	1631606_2	2017	0
45	1635038_2330_bu	1635038_1	2017	1
45	1659862_2330_bu	1659862_1	2018	1
45	1684406_2330_bu	1684406_1	2018	0
45	1708982_2330_bu	1708982_1	2017	1
45	1709266_2330_bu	1709266_1	2018	1
45	1762774_2330_bu	1762774_1	2017	1
45	1775058_2330_bu	1775058_1	2017	1
45	1786474_2330_bu	1786474_1	2017	0
45	1786806_2330_bu	1786806_1	2017	1
45	1789878_2330_bu	1789878_1	2018	0
45	179922_2330_dw	179922_1	2018	1
45	22290_2330_bu	22290_1	2018	0
45	228982_2330_bu	228982_1	2014	0
45	240914_2330_bu	240914_1	2017	0
45	276438_2330_bu	276438_1	NA	0
45	29302_2330_bu	29302_1	2014	0
45	317202_2330_bu	317202_1	2018	1
45	324318_2330_bu	324318_1	2017	1
45	338386_2330_bu	338386_1	2018	1
45	345014_2330_bu	345014_1	2017	1
45	349142_2330_bu	349142_1	2014	0
45	349174_2330_bu	349174_1	2014	0
45	359574_2330_bu	359574_1	2017	0
45	362706_2330_bu	362706_1	2014	0
45	377206_2330_bu	377206_1	2014	0
45	38390_2330_bu	38390_1	2014	0
45	38610_2330_bu	38610_1	2014	0
45	390646_2330_bu	390646_1	2014	0
45	392342_2330_bu	392342_1	2017	1
45	402390_2330_bu	402390_1	NA	0
45	417142_2330_bu	417142_1	2017	0
45	458194_2330_bu	458194_1	2017	0
45	458194_2330_dw	458194_1	2017	1
45	51410_2330_bu	51410_1	2014	0
45	526898_2330_bu	526898_1	2017	1
45	529334_2330_bu	529334_1	2017	0
45	558006_2330_bu	558006_1	2017	1
45	594870_2330_bu	594870_1	2018	0
45	635830_2330_bu	635830_1	2018	0
45	684982_2330_bu	684982_1	2018	0
45	738230_2330_bu	738230_1	2017	1
45	750198_2330_bu	750198_1	2018	1
45	750518_2330_bu	750518_1	2017	1
45	791478_2330_bu	791478_1	2017	0
45	803446_2330_bu	803446_1	NA	0
45	803766_2330_bu	803766_1	2017	1
45	808722_2330_bu	808722_1	2018	1
45	8146_2330_bu	8146_1	2014	0
45	816054_2330_bu	816054_1	2018	0
45	82870_2330_bu	82870_1	2017	0
45	83702_2330_bu	83702_1	2014	0
45	881590_2330_bu	881590_1	2018	1
45	934506_2330_bu	934506_1	2017	0
45	934838_2330_bu	934838_1	2017	1
45	947126_2330_bu	947126_1	2018	0
45	97910_2330_bu	97910_1	2014	0
52	100626_4010	100626_1	2017	0
52	100626_4010	100626_2	2017	0
52	104670_4010	104670_1	2014	0
52	110646_4010	110646_1	2014	0
52	141778_4010	141778_1	2018	1
52	154834_4010	154834_1	2018	0
52	1599794_4010	1599794_1	2017	0
52	176862_4010	176862_1	2017	1
52	1789878_4010	1789878_1	2018	0
52	191698_4010	191698_1	2017	0
52	193213_4010	193213_1	NA	0
52	193246_4010	193246_1	2019	1
52	199122_4010	199122_1	2018	0
52	201938_4010	201938_1	2018	0
52	208350_4010	208350_1	2017	1
52	213726_4010	213726_1	2019	1
52	216018_4010	216018_1	2018	1
52	222194_4010	222194_1	2017	0
52	226014_4010	226014_1	2019	0
52	229074_4010	229074_1	2018	1
52	230110_4010	230110_1	2018	1
52	233398_4010	233398_1	2018	1
52	236530_4010	236530_1	2017	1
52	241630_4010	241630_1	NA	0
52	243698_4010	243698_1	2017	1
52	251090_4010	251090_1	2018	1
52	255826_4010	255826_1	2017	0
52	256978_4010	256978_1	2018	0
52	258782_4010	258782_1	2018	0
52	260306_4010	260306_1	2018	0
52	261854_4010	261854_1	2019	1
52	265170_4010	265170_1	2018	1
52	266834_4010	266834_1	2017	0
52	269298_4010	269298_1	2017	1
52	272850_4010	272850_1	2018	0
52	275382_4010	275382_1	2018	0
52	277214_4010	277214_1	2018	1
52	282322_4010	282322_1	2017	0
52	293598_4010	293598_1	2019	1
52	294610_4010	294610_1	2018	0
52	296658_4010	296658_1	2018	1
52	297234_4010	297234_1	2017	0
52	304850_4010	304850_1	2017	1
52	322002_4010	322002_1	2018	1
52	330194_4010	330194_1	2018	1
52	338898_4010	338898_1	2018	1
52	342750_4010	342750_1	2019	1
52	344798_4010	344798_1	2019	1
52	347858_4010	347858_1	2018	1
52	357086_4010	357086_1	2019	1
52	359134_4010	359134_1	2019	1
52	360146_4010	360146_1	2018	0
52	38006_4010	38006_1	2014	0
52	380638_4010	380638_1	2019	1
52	381878_4010	381878_1	2018	0
52	385758_4010	385758_1	2019	0
52	387538_4010	387538_1	2018	0
52	389854_4010	389854_1	2019	0
52	391154_4010	391154_1	2017	1
52	393950_4010	393950_1	2019	1
52	394962_4010	394962_1	2017	1
52	397238_4010	397238_1	2018	0
52	402418_4010	402418_1	2017	0
52	419538_4010	419538_1	2017	0
52	91614_4010	91614_1	2018	1
53	100626_4030	100626_1	2017	0
53	1012662_4030	1012662_1	2018	0
53	103634_4030	103634_1	2018	1
53	104670_4030	104670_1	2014	0
53	1078198_4030	1078198_1	2018	0
53	111918_4030	111918_1	2018	1
53	112850_4030	112850_1	2018	1
53	1143734_4030	1143734_1	2018	0
53	114654_4030	114654_1	2018	0
53	115334_4030	115334_1	2018	0
53	115638_4030	115638_1	2017	1
53	116434_4030	116434_1	2018	0
53	120530_4030	120530_1	2017	1
53	1234130_4030	1234130_1	2018	0
53	12530_4030	12530_1	2014	0
53	1274806_4030	1274806_1	2018	0
53	128786_4030	128786_1	2018	1
53	1344438_4030	1344438_1	2017	0
53	1344438_4030	1344438_2	2017	0
53	1512374_4030	1512374_1	2018	0
53	1536950_4030	1536950_1	2018	0
53	1590198_4030	1590198_1	2017	0
53	1590198_4030	1590198_2	2017	0
53	159314_4030	159314_1	2017	1
53	160694_4030	160694_1	2018	1
53	165586_4030	165586_1	2018	1
53	168886_4030	168886_1	2018	1
53	169170_4030	169170_1	2018	1
53	170206_4030	170206_1	2017	1
53	170294_4030	170294_1	NA	0
53	17601_4030	17601_1	2014	0
53	18002_4030	18002_1	2014	0
53	181234_4030	181234_1	2017	1
53	182482_4030	182482_1	2018	1
53	185822_4030	185822_1	2018	1
53	190162_4030	190162_1	2017	1
53	191698_4030	191698_1	2017	1
53	191966_4030	191966_1	2018	1
53	193213_4030	193213_1	NA	0
53	19510_4030	19510_1	2014	0
53	20050_4030	20050_1	2014	0
53	200630_4030	200630_1	2018	1
53	20150_4030	20150_1	2014	0
53	201938_4030	201938_1	2018	0
53	205501_4030	205501_1	2017	1
53	206546_4030	206546_1	2018	0
53	208350_4030	208350_1	2017	0
53	212062_4030	212062_1	2018	1
53	216798_4030	216798_1	2017	0
53	217014_4030	217014_1	2018	1
53	218038_4030	218038_1	2018	0
53	219446_4030	219446_1	2018	1
53	222194_4030	222194_1	2017	1
53	224850_4030	224850_1	2017	1
53	226014_4030	226014_1	2019	1
53	226606_4030	226606_1	2018	1
53	233938_4030	233938_1	2017	0
53	234974_4030	234974_1	2018	1
53	235822_4030	235822_1	2018	0
53	236530_4030	236530_1	2017	0
53	23814_4030	23814_1	2014	0
53	239838_4030	239838_1	2017	1
53	241234_4030	241234_1	2017	1
53	241650_4030	241650_1	2017	1
53	255826_4030	255826_1	2017	0
53	25586_4030	25586_1	2014	0
53	260306_4030	260306_1	2018	1
53	266834_4030	266834_1	2017	1
53	267474_4030	267474_1	2018	1
53	269298_4030	269298_1	2017	0
53	272850_4030	272850_1	2018	1
53	275830_4030	275830_1	2017	0
53	275830_4030	275830_2	2017	0
53	282322_4030	282322_1	2017	1
53	296658_4030	296658_1	2018	0
53	316626_4030	316626_1	2018	0
53	31937_4030	31937_1	2014	0
53	32754_4030	32754_1	2014	0
53	333010_4030	333010_1	2018	0
53	37598_4030	37598_1	2014	0
53	381878_4030	381878_1	2018	0
53	397238_4030	397238_1	2018	0
53	47666_4030	47666_1	2017	1
53	594870_4030	594870_1	2018	0
53	61010_4030	61010_1	2014	0
53	61138_4030	61138_1	2014	0
53	61426_4030	61426_1	2014	0
53	69686_4030	69686_1	2014	0
53	73682_4030	73682_1	2014	0
53	89310_4030	89310_1	2017	0
53	91614_4030	91614_1	2018	0
53	92126_4030	92126_1	2018	1
53	94194_4030	94194_1	2017	0
53	947126_4030	947126_1	2018	0
53	95218_4030	95218_1	2017	1
53	99538_4030	99538_1	NA	0
54	10003794_6120	10003794_1	2015	0
54	10096978_6120	10096978_1	2018	0
54	10195282_6120	10195282_1	2018	0
54	10530898_6120	10530898_1	2015	0
54	10791922_6120	10791922_1	2018	0
54	10937682_6120	10937682_1	2018	0
54	11145554_6120	11145554_1	2018	0
54	11366482_6120	11366482_1	2015	0
54	11366482_6120	11366482_2	2015	1
54	11480562_6120	11480562_1	2019	0
54	12248402_6120	12248402_1	2019	0
54	12248402_6120	12248402_2	2019	1
54	12322130_6120	12322130_1	2019	0
54	13068626_6120	13068626_1	2019	0
54	13149522_6120	13149522_1	2019	0
54	13426066_6120	13426066_1	2019	1
54	13732946_6120	13732946_1	2019	1
54	13937650_6120	13937650_1	2019	0
54	14029138_6120	14029138_1	2015	1
54	14198098_6120	14198098_1	2015	0
54	1446226_6120	1446226_1	2015	0
54	14725202_6120	14725202_1	2015	0
54	17084498_6120	17084498_1	2015	0
54	19181650_6120	19181650_1	2015	0
54	19755090_6120	19755090_1	2015	0
54	20246610_6120	20246610_1	2015	0
54	20320594_6120	20320594_1	2015	1
54	21278802_6120	21278802_1	2015	0
54	21538130_6120	21538130_1	2015	0
54	22417746_6120	22417746_1	2015	0
54	23949394_6120	23949394_1	2015	0
54	2404434_6120	2404434_1	2015	0
54	2977874_6120	2977874_1	2015	0
54	3001842_6120	3001842_1	2018	0
54	3013714_6120	3013714_1	2018	0
54	3013714_6120	3013714_2	2018	1
54	3275858_6120	3275858_1	2018	0
54	3275858_6120	3275858_2	2018	1
54	3469394_6120	3469394_1	2015	0
54	3472466_6120	3472466_1	2019	0
54	3476978_6120	3476978_1	2019	1
54	3489106_6120	3489106_1	2019	0
54	3489106_6120	3489106_2	2019	1
54	4121938_6120	4121938_1	2019	1
54	4501586_6120	4501586_1	2015	0
54	4501586_6120	4501586_2	2015	1
54	4760914_6120	4760914_1	2015	0
54	5640530_6120	5640530_1	2015	0
54	7172178_6120	7172178_1	2015	0
54	8695890_6120	8695890_1	2015	0
54	9888082_6120	9888082_1	2018	0
55	1022766_6230_hmo	1022766_1	2015	1
55	103634_6230_hn	103634_1	2016	0
55	1036446_6230_hmo	1036446_1	2017	0
55	1036446_6230_hmo	1036446_2	2017	1
55	1036446_6230_hn	1036446_1	2017	0
55	1037522_6230_hn	1037522_1	2018	0
55	1037522_6230_hn	1037522_2	2018	1
55	1040518_6230_hn	1040518_1	2017	1
55	1046098_6230_ha	1046098_1	2017	0
55	1046098_6230_hn	1046098_1	2017	0
55	1067986_6230_hn	1067986_1	2017	0
55	1082294_6230_hn	1082294_1	2017	0
55	1085366_6230_hn	1085366_1	2017	0
55	1085366_6230_hn	1085366_2	2017	1
55	1095890_6230_hn	1095890_1	2018	0
55	1095890_6230_hn	1095890_2	2018	1
55	1107666_6230_ha	1107666_1	2018	1
55	1115122_6230_hn	1115122_1	2016	0
55	1115122_6230_hn	1115122_2	2016	1
55	1119442_6230_hn	1119442_1	2018	0
55	1135826_6230_hn	1135826_1	2018	0
55	1135826_6230_hn	1135826_2	2018	1
55	1150886_6230_hmo	1150886_1	2016	0
55	1150886_6230_hmo	1150886_2	2016	1
55	1152210_6230_hn	1152210_1	2018	0
55	116950_6230_ha	116950_1	2016	1
55	1195526_6230_ha	1195526_1	2018	0
55	1208662_6230_hmo	1208662_1	2016	0
55	1212382_6230_hn	1212382_1	2018	0
55	1212382_6230_hn	1212382_2	2018	1
55	1216210_6230_ha	1216210_1	2016	0
55	1216422_6230_hmo	1216422_1	2016	1
55	1217746_6230_hn	1217746_1	2018	0
55	1217746_6230_hn	1217746_2	2018	1
55	1231542_6230_ha	1231542_1	2017	0
55	1231662_6230_hn	1231662_1	2017	0
55	1249582_6230_ha	1249582_1	2018	1
55	1254486_6230_hmo	1254486_1	2018	0
55	1254486_6230_hmo	1254486_2	2018	1
55	1255122_6230_ha	1255122_1	2018	1
55	1269458_6230_ha	1269458_1	2018	1
55	1320022_6230_hmo	1320022_1	2019	0
55	1329801_6230	1329801_1	2016	0
55	1359838_6230_hn	1359838_1	2018	1
55	1373778_6230_hn	1373778_1	2019	0
55	1381510_6230_ha	1381510_1	2019	0
55	1381569_6230_hmo	1381569_1	2018	0
55	1381569_6230_hmo	1381569_2	2018	1
55	1392705_6230_hmo	1392705_1	2018	0
55	1392705_6230_hmo	1392705_2	2018	1
55	1395766_6230_hn	1395766_1	2019	1
55	1397970_6230_hn	1397970_1	2018	0
55	1409089_6230_hmo	1409089_1	2018	0
55	1409089_6230_hmo	1409089_2	2018	1
55	141010_6230_ha	141010_1	2016	1
55	1414354_6230_hn	1414354_1	2018	0
55	1414354_6230_hn	1414354_2	2018	1
55	1428270_6230_hn	1428270_1	2017	1
55	1436718_6230_hmo	1436718_1	2016	0
55	1436718_6230_hmo	1436718_2	2016	1
55	1436882_6230_hmo	1436882_1	2016	0
55	1436882_6230_hmo	1436882_2	2016	1
55	1443378_6230_hn	1443378_1	2017	0
55	1443378_6230_hn	1443378_2	2017	1
55	1452338_6230_hn	1452338_1	2019	0
55	1457206_6230_ha	1457206_1	2019	1
55	1457206_6230_hn	1457206_1	2019	0
55	1461302_6230_ha	1461302_1	2019	1
55	1461302_6230_hn	1461302_1	2019	0
55	1464626_6230_ha	1464626_1	2019	1
55	1470598_6230	1470598_1	2017	0
55	1474526_6230_hmo	1474526_1	2016	1
55	1474526_6230_hn	1474526_1	2016	0
55	1474694_6230_ha	1474694_1	2017	0
55	1478582_6230_hn	1478582_1	2019	0
55	1480198_6230_ha	1480198_1	2017	0
55	1508278_6230_hn	1508278_1	2019	1
55	1530761_6230	1530761_1	2016	0
55	1531602_6230_ha	1531602_1	2019	1
55	1563270_6230_ha	1563270_1	2016	0
55	1566033_6230_hmo	1566033_1	2016	0
55	1566033_6230_hmo	1566033_2	2016	1
55	1582166_6230_hmo	1582166_1	2016	0
55	158854_6230	158854_1	2015	0
55	1593478_6230_ha	1593478_1	2019	0
55	1593478_6230_ha	1593478_2	2019	1
55	1594294_6230_hn	1594294_1	2019	0
55	1608658_6230_hn	1608658_1	2019	0
55	1627010_6230_hn	1627010_1	2018	0
55	1627010_6230_hnk	1627010_1	2018	0
55	1627010_6230_hnk	1627010_2	2018	0
55	1631954_6230_ha	1631954_1	2019	1
55	1634546_6230_ha	1634546_1	2018	1
55	1646894_6230	1646894_1	2017	0
55	1660114_6230_hn	1660114_1	2019	0
55	1660114_6230_hn	1660114_2	2019	1
55	1660950_6230_hmo	1660950_1	2017	1
55	1676498_6230_hn	1676498_1	2019	0
55	1676498_6230_hn	1676498_2	2019	1
55	1691550_6230_hn	1691550_1	2018	0
55	1703174_6230_ha	1703174_1	2018	0
55	1711014_6230_ha	1711014_1	2016	1
55	1711014_6230_hmo	1711014_1	2016	0
55	1713874_6230_ha	1713874_1	2019	1
55	1723446_6230_ha	1723446_1	2019	0
55	1723446_6230_ha	1723446_2	2019	1
55	1723446_6230_hn	1723446_1	2019	0
55	1742034_6230_hn	1742034_1	2019	0
55	1742034_6230_hn	1742034_2	2019	1
55	1766190_6230_hn	1766190_1	2019	0
55	178390_6230_hmo	178390_1	2015	0
55	1799154_6230_hn	1799154_1	2019	0
55	1799154_6230_hn	1799154_2	2019	1
55	1869878_6230_hn	1869878_1	2019	0
55	187014_6230_ha	187014_1	2016	0
55	1884126_6230_hmo	1884126_1	2016	1
55	1884126_6230_hn	1884126_1	2016	0
55	1887022_6230	1887022_1	2018	0
55	1887022_6230	1887022_2	2018	0
55	1938478_6230_hmo	1938478_1	2015	0
55	1938478_6230_hmo	1938478_2	2015	1
55	19510_6230_hn	19510_1	2016	0
55	19510_6230_hn	19510_2	2016	0
55	2002502_6230_ha	2002502_1	2019	0
55	201006_6230_ha	201006_1	2016	0
55	201006_6230_hn	201006_1	2016	0
55	201006_6230_hn	201006_2	2016	1
55	2016390_6230	2016390_1	2019	1
55	2025526_6230_ha	2025526_1	2019	0
55	207406_6230_ha	207406_1	2016	0
55	207406_6230_hmo	207406_1	2016	0
55	207406_6230_hmo	207406_2	2016	0
55	2103598_6230_ha	2103598_1	2016	0
55	2133734_6230_ha	2133734_1	2016	0
55	2133734_6230_hmo	2133734_1	2016	1
55	2133926_6230_hmo	2133926_1	2017	0
55	2133926_6230_hmo	2133926_2	2017	1
55	2135094_6230_ha	2135094_1	2019	0
55	217078_6230_hmo	217078_1	2015	0
55	2181769_6230	2181769_1	2016	0
55	220882_6230_ha	220882_1	2016	1
55	2264998_6230_hmo	2264998_1	2017	0
55	2264998_6230_hmo	2264998_2	2017	1
55	2334854_6230_hmo	2334854_1	2017	0
55	2334854_6230_hmo	2334854_2	2017	1
55	2349702_6230_ha	2349702_1	2016	0
55	2378377_6230	2378377_1	2016	0
55	2388102_6230_hn	2388102_1	2017	0
55	2438198_6230_hmo	2438198_1	2015	1
55	244358_6230_ha	244358_1	2016	0
55	2447382_6230_hmo	2447382_1	2018	0
55	2447382_6230_hmo	2447382_2	2018	1
55	245894_6230_ha	245894_1	2015	0
55	2480774_6230_ha	2480774_1	2016	0
55	251182_6230_ha	251182_1	2016	0
55	2579337_6230	2579337_1	2016	0
55	2611846_6230_ha	2611846_1	2016	0
55	2614609_6230_hmo	2614609_1	2017	0
55	2630742_6230_hmo	2630742_1	2019	0
55	2637569_6230_hmo	2637569_1	2018	1
55	2750598_6230	2750598_1	2016	0
55	2813697_6230_hmo	2813697_1	2017	0
55	2813697_6230_hn	2813697_1	2017	1
55	2850870_6230_hmo	2850870_1	2015	0
55	2961473_6230_hmo	2961473_1	2018	0
55	2981953_6230_hmo	2981953_1	2018	0
55	2981953_6230_hmo	2981953_2	2018	1
55	3002670_6230_hmo	3002670_1	2018	1
55	309458_6230_hmo	309458_1	2017	0
55	309458_6230_hmo	309458_2	2017	1
55	309458_6230_hn	309458_1	2017	0
55	311262_6230_hn	311262_1	2016	0
55	3129622_6230_hmo	3129622_1	2016	0
55	3134649_6230_hmo	3134649_1	2018	0
55	3134649_6230_hmo	3134649_2	2018	1
55	315329_6230	315329_1	2016	1
55	315694_6230_ha	315694_1	2016	0
55	323154_6230_ha	323154_1	2016	0
55	323154_6230_hn	323154_1	2016	0
55	323154_6230_hn	323154_2	2016	1
55	3273046_6230_ha	3273046_1	2018	0
55	3273046_6230_hmo	3273046_1	2018	0
55	3273046_6230_hmo	3273046_2	2018	1
55	3276198_6230_hmo	3276198_1	2016	0
55	3276198_6230_hmo	3276198_2	2016	1
55	3276198_6230_hn	3276198_1	2016	0
55	332786_6230	332786_1	2017	0
55	332786_6230	332786_2	2017	1
55	3332742_6230_ha	3332742_1	2016	0
55	3351638_6230_hmo	3351638_1	2018	0
55	3351638_6230_hmo	3351638_2	2018	1
55	3366610_6230_ha	3366610_1	2016	0
55	3390086_6230_ha	3390086_1	2016	0
55	3398278_6230_ha	3398278_1	2016	0
55	3405958_6230_hmo	3405958_1	2018	1
55	340978_6230_hn	340978_1	2016	1
55	3424742_6230_hmo	3424742_1	2018	0
55	3424742_6230_hmo	3424742_2	2018	1
55	3424742_6230_hn	3424742_1	2018	0
55	3456990_6230_hmo	3456990_1	2018	1
55	3456990_6230_hn	3456990_1	2018	0
55	3461110_6230_hmo	3461110_1	2016	0
55	3461110_6230_hmo	3461110_2	2016	1
55	349394_6230_hn	349394_1	2016	0
55	3585750_6230_hmo	3585750_1	2017	0
55	3600726_6230_hmo	3600726_1	2018	0
55	3600726_6230_hmo	3600726_2	2018	1
55	3734950_6230_hmo	3734950_1	2017	0
55	3734950_6230_hn	3734950_1	2017	0
55	3734950_6230_hn	3734950_2	2017	0
55	3741830_6230_hmo	3741830_1	2015	0
55	379094_6230_ha	379094_1	2016	1
55	3800486_6230_hmo	3800486_1	2018	0
55	3821746_6230_hnk	3821746_1	2019	0
55	3821746_6230_hnk	3821746_2	2019	1
55	3936150_6230_hmo	3936150_1	2018	0
55	3968934_6230_hmo	3968934_1	2019	1
55	398529_6230_hmo	398529_1	2016	0
55	404473_6230_ha	404473_1	2016	0
55	4059478_6230_hmo	4059478_1	2019	1
55	408630_6230_hn	408630_1	2016	0
55	412726_6230_ha	412726_1	2019	0
55	412726_6230_ha	412726_2	2019	1
55	412726_6230_hn	412726_1	2019	0
55	414646_6230_hn	414646_1	2015	1
55	4178198_6230_hmo	4178198_1	2019	0
55	4178198_6230_hmo	4178198_2	2019	1
55	423762_6230_ha	423762_1	2016	0
55	423762_6230_ha	423762_2	2016	1
55	423762_6230_hn	423762_1	2016	0
55	430006_6230_hn	430006_1	2016	0
55	4370774_6230_hmo	4370774_1	2019	0
55	4372694_6230_hmo	4372694_1	2015	0
55	442742_6230	442742_1	2015	0
55	4465750_6230_hmo	4465750_1	2019	0
55	4465750_6230_hmo	4465750_2	2019	1
55	4790406_6230_hmo	4790406_1	2017	0
55	480306_6230_ha	480306_1	2018	0
55	480306_6230_hn	480306_1	2018	0
55	487606_6230_hmo	487606_1	2016	1
55	489298_6230_hn	489298_1	2016	0
55	500782_6230_hn	500782_1	2015	1
55	513234_6230_hn	513234_1	2016	0
55	514694_6230_ha	514694_1	2016	0
55	523478_6230_hmo	523478_1	2015	0
55	530734_6230_ha	530734_1	2016	0
55	530734_6230_hn	530734_1	2016	1
55	531974_6230_ha	531974_1	2016	0
55	533590_6230_hmo	533590_1	2016	0
55	540658_6230_hn	540658_1	2016	0
55	540658_6230_hn	540658_2	2016	1
55	544902_6230_ha	544902_1	2015	1
55	558166_6230_hmo	558166_1	2016	0
55	576302_6230_hn	576302_1	2016	0
55	576302_6230_hn	576302_2	2016	1
55	583378_6230_ha	583378_1	2016	1
55	58433_6230_hmo	58433_1	2016	0
55	58433_6230_hn	58433_1	2016	0
55	58433_6230_hn	58433_2	2016	1
55	589698_6230_hnk	589698_1	2017	0
55	589698_6230_hnk	589698_2	2017	1
55	59090_6230_ha	59090_1	2016	1
55	596102_6230_hmo	596102_1	2015	0
55	604806_6230_ha	604806_1	2016	0
55	606390_6230_hn	606390_1	2016	1
55	611538_6230_hn	611538_1	2016	0
55	61185_6230_hmo	61185_1	2018	0
55	61185_6230_hn	61185_1	2018	0
55	619506_6230_ha	619506_1	2016	1
55	619506_6230_hn	619506_1	2016	0
55	626990_6230_ha	626990_1	2016	0
55	627922_6230_hn	627922_1	2016	0
55	627922_6230_hn	627922_2	2016	1
55	641238_6230_ha	641238_1	2016	1
55	6446_6230_ha	6446_1	2016	0
55	648914_6230_ha	648914_1	2016	1
55	652214_6230_hn	652214_1	2015	0
55	654598_6230_ha	654598_1	2016	0
55	654598_6230_ha	654598_2	2016	0
55	658870_6230_hmo	658870_1	2016	0
55	671238_6230_ha	671238_1	2016	0
55	6770678_6230_hmo	6770678_1	2018	1
55	6792238_6230_hn	6792238_1	2018	0
55	693458_6230_hn	693458_1	2016	0
55	6986542_6230_hmo	6986542_1	2018	0
55	6986542_6230_hmo	6986542_2	2018	0
55	704886_6230	704886_1	2015	0
55	70866_6230_hn	70866_1	2016	0
55	721906_6230_ha	721906_1	2016	1
55	743982_6230_hmo	743982_1	2016	1
55	743982_6230_hn	743982_1	2016	0
55	745170_6230_ha	745170_1	2016	1
55	753630_6230_ha	753630_1	2016	0
55	753630_6230_hmo	753630_1	2016	0
55	753630_6230_hmo	753630_2	2016	1
55	777938_6230_ha	777938_1	2017	0
55	781906_6230_ha	781906_1	2016	0
55	781906_6230_hn	781906_1	2016	0
55	781906_6230_hn	781906_2	2016	1
55	783954_6230_ha	783954_1	2017	1
55	783954_6230_hn	783954_1	2017	0
55	804422_6230_ha	804422_1	2017	0
55	805942_6230_ha	805942_1	2019	1
55	805942_6230_hn	805942_1	2019	0
55	812166_6230	812166_1	2016	0
55	81985_6230_hmo	81985_1	2018	1
55	821302_6230_hn	821302_1	2016	0
55	823129_6230_ha	823129_1	2017	0
55	823129_6230_hmo	823129_1	2017	1
55	842030_6230_hn	842030_1	2016	1
55	857298_6230_hn	857298_1	2016	0
55	857298_6230_hn	857298_2	2016	1
55	87250_6230_hn	87250_1	2016	0
55	87250_6230_hn	87250_2	2016	1
55	873682_6230_hn	873682_1	2016	0
55	890066_6230_hn	890066_1	2016	0
55	89810_6230_ha	89810_1	2016	1
55	912594_6230_hn	912594_1	2016	0
55	915026_6230_ha	915026_1	2017	0
55	915026_6230_hn	915026_1	2017	0
55	937014_6230_hn	937014_1	2019	0
55	937014_6230_hn	937014_2	2019	1
55	967666_6230_ha	967666_1	2017	0
55	979286_6230_ha	979286_1	2016	0
55	979286_6230_hmo	979286_1	2016	0
55	979286_6230_hmo	979286_2	2016	1
55	983990_6230_hn	983990_1	2017	1
55	996830_6230_ha	996830_1	2018	0
56	10123622_6410_mo	10123622_1	2019	0
56	1022766_6410_mo	1022766_1	2015	0
56	10317874_6410_mo	10317874_1	2019	1
56	10327086_6410_ve	10327086_1	2015	0
56	10593414_6410_mo	10593414_1	2015	0
56	1062930_6410_mo	1062930_1	2016	1
56	1062930_6410_ve	1062930_1	2016	0
56	10766985_6410_mo	10766985_1	2016	0
56	10766985_6410_mo	10766985_2	2016	1
56	10766985_6410_ve	10766985_1	2016	0
56	11142674_6410_mo	11142674_1	2019	1
56	11228210_6410_mo	11228210_1	2019	1
56	1126450_6410_mo	1126450_1	2017	0
56	11364550_6410_mo	11364550_1	2018	0
56	11394098_6410_mo	11394098_1	2019	1
56	11397478_6410_mo	11397478_1	2015	0
56	114566_6410_ve	114566_1	2015	0
56	11466886_6410_mo	11466886_1	2019	1
56	1156230_6410_mo	1156230_1	2015	0
56	1156230_6410_mo	1156230_2	2015	1
56	12229422_6410_mo	12229422_1	2019	1
56	1223990_6410_ve	1223990_1	2015	0
56	12485561_6410_mo	12485561_1	2019	0
56	12496182_6410_ve	12496182_1	2015	0
56	12558265_6410_mo	12558265_1	2019	0
56	12690566_6410_mo	12690566_1	2015	0
56	1286278_6410_ve	1286278_1	2015	0
56	1286278_6410_ve	1286278_2	2015	1
56	13179014_6410_ve	13179014_1	2015	0
56	132626_6410_mo	132626_1	2015	0
56	1329801_6410_ve	1329801_1	2016	0
56	1339526_6410_ve	1339526_1	2017	0
56	1346134_6410_ve	1346134_1	2016	0
56	1346134_6410_ve	1346134_2	2016	1
56	13739142_6410_mo	13739142_1	2015	0
56	1425286_6410_ve	1425286_1	2019	1
56	1436006_6410_mo	1436006_1	2015	0
56	143602_6410_ve	143602_1	2016	0
56	143602_6410_ve	143602_2	2016	0
56	14593334_6410_ve	14593334_1	2015	0
56	1481518_6410_ve	1481518_1	2015	0
56	1530761_6410_ve	1530761_1	2016	0
56	15641910_6410_ve	15641910_1	2015	0
56	1583446_6410_mo	1583446_1	2016	1
56	1583446_6410_ve	1583446_1	2016	0
56	15836294_6410_mo	15836294_1	2015	0
56	1618054_6410_ve	1618054_1	2015	0
56	1618054_6410_ve	1618054_2	2015	1
56	1622390_6410_ve	1622390_1	2015	0
56	1642233_6410_mo	1642233_1	2018	0
56	1642233_6410_mo	1642233_2	2018	1
56	1642233_6410_ve	1642233_1	2018	0
56	1660950_6410_ve	1660950_1	2017	0
56	16638422_6410_ve	16638422_1	2015	0
56	16690486_6410_ve	16690486_1	2015	0
56	17373318_6410_ve	17373318_1	2015	0
56	17475649_6410_ve	17475649_1	2015	1
56	1777966_6410_ve	1777966_1	2016	0
56	17933446_6410_mo	17933446_1	2015	0
56	18001206_6410_ve	18001206_1	2015	0
56	18213222_6410_mo	18213222_1	2015	0
56	18421894_6410_ve	18421894_1	2015	0
56	1938478_6410_ve	1938478_1	2015	0
56	1958022_6410_mo	1958022_1	2015	0
56	2028590_6410_ve	2028590_1	2017	0
56	20834662_6410_mo	20834662_1	2015	0
56	2160774_6410_mo	2160774_1	2016	0
56	2160774_6410_mo	2160774_2	2016	1
56	217078_6410_ve	217078_1	2015	0
56	2173889_6410_mo	2173889_1	2016	0
56	2173889_6410_mo	2173889_2	2016	1
56	2173889_6410_ve	2173889_1	2016	0
56	2181769_6410_ve	2181769_1	2016	0
56	2211718_6410_ve	2211718_1	2017	0
56	22127750_6410_mo	22127750_1	2015	0
56	23176326_6410_mo	23176326_1	2015	0
56	2334002_6410_ve	2334002_1	2016	1
56	2371634_6410_mo	2371634_1	2016	0
56	2371634_6410_mo	2371634_2	2016	1
56	2378377_6410_ve	2378377_1	2016	0
56	2388102_6410_ve	2388102_1	2017	0
56	2438198_6410_ve	2438198_1	2015	0
56	2447382_6410_ve	2447382_1	2018	0
56	2468182_6410_ve	2468182_1	2015	0
56	2468182_6410_ve	2468182_2	2015	1
56	2479154_6410_ve	2479154_1	2016	0
56	2479154_6410_ve	2479154_2	2016	1
56	2502790_6410_ve	2502790_1	2015	0
56	2510134_6410_ve	2510134_1	2018	0
56	2539894_6410_ve	2539894_1	2015	0
56	2552882_6410_ve	2552882_1	2016	0
56	2552882_6410_ve	2552882_2	2016	0
56	2579337_6410_ve	2579337_1	2016	0
56	2664513_6410_ve	2664513_1	2015	1
56	2750598_6410_ve	2750598_1	2016	0
56	2754066_6410_mo	2754066_1	2015	0
56	2760937_6410_ve	2760937_1	2016	1
56	2792238_6410_ve	2792238_1	2015	0
56	2839602_6410_mo	2839602_1	2016	0
56	2839602_6410_mo	2839602_2	2016	1
56	2850870_6410_ve	2850870_1	2015	0
56	2898758_6410_mo	2898758_1	2015	1
56	3008870_6410_mo	3008870_1	2015	0
56	3008870_6410_mo	3008870_2	2015	1
56	3016210_6410_mo	3016210_1	2015	1
56	3121081_6410_mo	3121081_1	2016	0
56	3160082_6410_ve	3160082_1	2019	1
56	3184774_6410_ve	3184774_1	2016	0
56	3451222_6410_ve	3451222_1	2016	0
56	3461110_6410_ve	3461110_1	2016	0
56	3522438_6410_ve	3522438_1	2019	0
56	3588470_6410_ve	3588470_1	2015	0
56	3719542_6410_ve	3719542_1	2015	0
56	3741830_6410_mo	3741830_1	2015	0
56	3741830_6410_mo	3741830_2	2015	1
56	3741830_6410_ve	3741830_1	2015	0
56	3764358_6410_ve	3764358_1	2017	0
56	3777298_6410_mo	3777298_1	2016	1
56	3777298_6410_ve	3777298_1	2016	0
56	3792209_6410_ve	3792209_1	2016	0
56	387430_6410_mo	387430_1	2015	0
56	398529_6410_ve	398529_1	2016	0
56	398529_6410_ve	398529_2	2016	1
56	4008897_6410_mo	4008897_1	2016	0
56	4008897_6410_mo	4008897_2	2016	1
56	4008897_6410_ve	4008897_1	2016	0
56	4026418_6410_mo	4026418_1	2016	0
56	4026418_6410_mo	4026418_2	2016	0
56	4035630_6410_ve	4035630_1	2015	0
56	4042038_6410_mo	4042038_1	2015	0
56	4042038_6410_mo	4042038_2	2015	1
56	4055510_6410_ve	4055510_1	2015	0
56	405638_6410_ve	405638_1	2015	0
56	4057446_6410_mo	4057446_1	2015	0
56	4057446_6410_mo	4057446_2	2015	1
56	4107574_6410_ve	4107574_1	2015	0
56	4390190_6410_ve	4390190_1	2016	1
56	442742_6410_ve	442742_1	2015	0
56	4502174_6410_ve	4502174_1	2017	0
56	4576306_6410_ve	4576306_1	2018	0
56	4598982_6410_mo	4598982_1	2015	1
56	4599942_6410_ve	4599942_1	2017	0
56	4599942_6410_ve	4599942_2	2017	1
56	4637046_6410_ve	4637046_1	2015	0
56	4761942_6410_ve	4761942_1	2017	0
56	4790406_6410_ve	4790406_1	2017	0
56	480306_6410_mo	480306_1	2018	1
56	4851218_6410_mo	4851218_1	2015	0
56	4851218_6410_mo	4851218_2	2015	1
56	4912178_6410_ve	4912178_1	2019	0
56	4975814_6410_mo	4975814_1	2015	0
56	4975814_6410_mo	4975814_2	2015	1
56	498886_6410_mo	498886_1	2016	0
56	498886_6410_mo	498886_2	2016	1
56	500782_6410_ve	500782_1	2015	0
56	5017510_6410_ve	5017510_1	2017	0
56	5071958_6410_ve	5071958_1	2017	0
56	5253462_6410_ve	5253462_1	2017	1
56	5350534_6410_mo	5350534_1	2015	0
56	5408201_6410_mo	5408201_1	2018	0
56	5408201_6410_mo	5408201_2	2018	1
56	5417302_6410_ve	5417302_1	2015	0
56	5624882_6410_ve	5624882_1	2017	0
56	5624882_6410_ve	5624882_2	2017	1
56	5630310_6410_mo	5630310_1	2017	0
56	5630310_6410_mo	5630310_2	2017	1
56	5650450_6410_ve	5650450_1	2017	0
56	5783154_6410_mo	5783154_1	2016	0
56	5783154_6410_mo	5783154_2	2016	1
56	5816694_6410_ve	5816694_1	2015	0
56	582854_6410_ve	582854_1	2016	0
56	5929318_6410_mo	5929318_1	2015	0
56	5960754_6410_ve	5960754_1	2019	0
56	596102_6410_ve	596102_1	2015	0
56	6081161_6410_ve	6081161_1	2018	0
56	6102322_6410_ve	6102322_1	2017	1
56	6152326_6410_mo	6152326_1	2015	0
56	6152326_6410_mo	6152326_2	2015	1
56	6154598_6410_mo	6154598_1	2015	0
56	6189526_6410_ve	6189526_1	2017	0
56	6194105_6410_mo	6194105_1	2017	0
56	6194105_6410_mo	6194105_2	2017	1
56	6213542_6410_mo	6213542_1	2018	0
56	6213542_6410_mo	6213542_2	2018	1
56	6213542_6410_ve	6213542_1	2018	0
56	6399110_6410_mo	6399110_1	2015	0
56	6509618_6410_ve	6509618_1	2018	1
56	6528306_6410_mo	6528306_1	2018	1
56	6528306_6410_ve	6528306_1	2018	0
56	6529158_6410_ve	6529158_1	2018	0
56	6529158_6410_ve	6529158_2	2018	1
56	6549737_6410_ve	6549737_1	2018	0
56	6549737_6410_ve	6549737_2	2018	1
56	6572681_6410_mo	6572681_1	2018	0
56	6572681_6410_mo	6572681_2	2018	0
56	6572681_6410_ve	6572681_1	2018	0
56	6630337_6410_mo	6630337_1	2018	0
56	6630337_6410_mo	6630337_2	2018	0
56	6630337_6410_ve	6630337_1	2018	0
56	6645958_6410_mo	6645958_1	2019	1
56	6673458_6410_ve	6673458_1	2018	0
56	6770678_6410_ve	6770678_1	2018	0
56	6792238_6410_ve	6792238_1	2018	0
56	6918054_6410_ve	6918054_1	2018	0
56	6923026_6410_ve	6923026_1	2019	0
56	6923026_6410_ve	6923026_2	2019	1
56	6948370_6410_mo	6948370_1	2017	1
56	698433_6410_ve	698433_1	2015	0
56	6986542_6410_ve	6986542_1	2018	0
56	7033906_6410_mo	7033906_1	2019	1
56	704886_6410_ve	704886_1	2015	0
56	7072966_6410_mo	7072966_1	2017	1
56	7203174_6410_mo	7203174_1	2017	1
56	7253302_6410_ve	7253302_1	2015	0
56	7303218_6410_mo	7303218_1	2018	0
56	7394534_6410_mo	7394534_1	2018	1
56	742450_6410_mo	742450_1	2016	0
56	742450_6410_mo	742450_2	2016	1
56	7678913_6410_mo	7678913_1	2018	0
56	7678913_6410_mo	7678913_2	2018	0
56	7678913_6410_ve	7678913_1	2018	0
56	7710006_6410_ve	7710006_1	2018	0
56	7726126_6410_ve	7726126_1	2019	0
56	7782774_6410_ve	7782774_1	2015	0
56	7836118_6410_ve	7836118_1	2015	0
56	7839026_6410_ve	7839026_1	2019	1
56	7853106_6410_ve	7853106_1	2019	0
56	7874902_6410_ve	7874902_1	2019	1
56	7913846_6410_ve	7913846_1	2015	0
56	7929558_6410_ve	7929558_1	2019	1
56	8057906_6410_ve	8057906_1	2019	0
56	8121542_6410_mo	8121542_1	2017	1
56	8137046_6410_ve	8137046_1	2019	0
56	8158406_6410_mo	8158406_1	2017	0
56	8158406_6410_mo	8158406_2	2017	1
56	8220722_6410_mo	8220722_1	2018	0
56	8220722_6410_mo	8220722_2	2018	1
56	8300886_6410_ve	8300886_1	2015	0
56	8301878_6410_ve	8301878_1	2015	0
56	8363961_6410_mo	8363961_1	2018	0
56	8363961_6410_mo	8363961_2	2018	1
56	8564022_6410_ve	8564022_1	2015	0
56	8597746_6410_ve	8597746_1	2019	0
56	8705254_6410_mo	8705254_1	2018	1
56	8794246_6410_ve	8794246_1	2019	0
56	8831350_6410_ve	8831350_1	2015	0
56	8962422_6410_ve	8962422_1	2015	0
56	9036846_6410_ve	9036846_1	2019	0
56	905382_6410_mo	905382_1	2015	1
56	905382_6410_ve	905382_1	2015	0
56	9087041_6410_ve	9087041_1	2015	1
56	9093494_6410_ve	9093494_1	2015	0
56	9131058_6410_mo	9131058_1	2018	1
56	9189270_6410_mo	9189270_1	2018	1
56	9544838_6410_mo	9544838_1	2015	0
56	9611606_6410_ve	9611606_1	2015	0
56	9612598_6410_ve	9612598_1	2015	0
56	9655346_6410_mo	9655346_1	2018	0
56	9745054_6410_ve	9745054_1	2017	0
56	9808214_6410_ve	9808214_1	2015	0
56	9824614_6410_mo	9824614_1	2015	0
57	100297_6510_hu	100297_1	2016	0
57	100297_6510_hu	100297_2	2016	1
57	1023282_6510_hu	1023282_1	2018	1
57	1023929_6510_hu	1023929_1	NA	0
57	1052582_6510_hu	1052582_1	2018	1
57	10622226_6510_hus	10622226_1	2018	1
57	10717462_6510_hus	10717462_1	2019	1
57	1085778_6510_hu	1085778_1	NA	0
57	1097222_6510_hu	1097222_1	2018	0
57	1097222_6510_hu	1097222_2	2018	1
57	1132838_6510_hu	1132838_1	2018	0
57	1132838_6510_hu	1132838_2	2018	1
57	1163750_6510_hu	1163750_1	2018	0
57	1163750_6510_hu	1163750_2	2018	1
57	1165554_6510_hu	1165554_1	NA	0
57	1175794_6510_hu	1175794_1	2018	1
57	1199538_6510_hu	1199538_1	NA	0
57	1201202_6510_hu	1201202_1	NA	0
57	1201345_6510_hu	1201345_1	2018	1
57	1211474_6510_hu	1211474_1	NA	0
57	1227910_6510_hu	1227910_1	2018	1
57	1260481_6510_hu	1260481_1	2018	1
57	1266738_6510_hu	1266738_1	2018	0
57	1271122_6510_hu	1271122_1	2018	0
57	1271122_6510_hu	1271122_2	2018	1
57	1289526_6510_hu	1289526_1	NA	0
57	1296105_6510_hu	1296105_1	2018	0
57	1300962_6510_hu	1300962_1	2018	0
57	1300962_6510_hu	1300962_2	2018	1
57	1328710_6510_hu	1328710_1	2018	0
57	1328710_6510_hu	1328710_2	2018	1
57	1347922_6510_hu	1347922_1	NA	0
57	1355014_6510_hu	1355014_1	2018	1
57	1375542_6510_hu	1375542_1	2018	1
57	1381569_6510_hu	1381569_1	2018	1
57	1397810_6510_hu	1397810_1	2018	1
57	1405382_6510_hu	1405382_1	2018	1
57	1413574_6510_hu	1413574_1	NA	0
57	1426969_6510_hua	1426969_1	2016	0
57	1437938_6510_hu	1437938_1	NA	0
57	1442745_6510_hu	1442745_1	2019	0
57	1442745_6510_hu	1442745_2	2019	0
57	146966_6510_hu	146966_1	NA	0
57	1470918_6510_hu	1470918_1	2018	1
57	1474033_6510_hua	1474033_1	2018	0
57	1474033_6510_hus	1474033_1	2018	0
57	1474033_6510_hus	1474033_2	2018	1
57	1478129_6510_hua	1478129_1	2018	0
57	1478129_6510_hua	1478129_2	2018	1
57	1478566_6510_hu	1478566_1	NA	0
57	1500498_6510_hu	1500498_1	2018	0
57	1500498_6510_huk	1500498_1	2018	1
57	1504306_6510_hu	1504306_1	2018	1
57	1512322_6510_hu	1512322_1	2019	1
57	1512530_6510_hu	1512530_1	2018	0
57	1512530_6510_hu	1512530_2	2018	1
57	151318_6510_hu	151318_1	2018	1
57	151350_6510_hu	151350_1	2018	0
57	1513554_6510_hu	1513554_1	NA	0
57	151426_6510_hu	151426_1	NA	0
57	1529025_6510_hu	1529025_1	2018	1
57	1533266_6510_hu	1533266_1	2018	1
57	1542626_6510_hu	1542626_1	2018	0
57	1542626_6510_hus	1542626_1	2018	1
57	1547570_6510_hu	1547570_1	2018	1
57	1549622_6510_hu	1549622_1	2018	1
57	157542_6510_hu	157542_1	NA	0
57	162749_6510_hu	162749_1	2019	0
57	1685137_6510_hua	1685137_1	2018	1
57	169094_6510_hu	169094_1	NA	0
57	174134_6510_hu	174134_1	2018	0
57	179462_6510_hu	179462_1	NA	0
57	1820185_6510_hu	1820185_1	2018	0
57	1820185_6510_hua	1820185_1	2018	0
57	182054_6510_hu	182054_1	2018	1
57	183734_6510_hu	183734_1	2018	1
57	186850_6510_hu	186850_1	2018	1
57	1885721_6510_hua	1885721_1	2019	0
57	1885721_6510_hua	1885721_2	2019	1
57	190902_6510_hu	190902_1	2018	0
57	190902_6510_hu	190902_2	2018	1
57	192022_6510_hu	192022_1	NA	0
57	203350_6510_hu	203350_1	NA	0
57	2037393_6510_hua	2037393_1	2019	0
57	2037393_6510_hua	2037393_2	2019	1
57	2096625_6510_hua	2096625_1	NA	0
57	2129393_6510_hua	2129393_1	NA	0
57	216118_6510_hu	216118_1	2018	1
57	218086_6510_hu	218086_1	2019	1
57	220518_6510_hu	220518_1	NA	0
57	223026_6510_hu	223026_1	NA	0
57	2248114_6510_huk	2248114_1	NA	0
57	227110_6510_hu	227110_1	NA	0
57	2295441_6510_hua	2295441_1	NA	0
57	2410009_6510_hua	2410009_1	2019	0
57	2410009_6510_hua	2410009_2	2019	1
57	2440689_6510_hua	2440689_1	2018	1
57	2463377_6510_hua	2463377_1	NA	0
57	2526705_6510_hua	2526705_1	NA	0
57	2627217_6510_hua	2627217_1	NA	0
57	2645426_6510_huk	2645426_1	2018	1
57	2674098_6510_huk	2674098_1	NA	0
57	2733713_6510_hua	2733713_1	2019	0
57	2733713_6510_hua	2733713_2	2019	1
57	2841894_6510_huk	2841894_1	2018	1
57	2915825_6510_hua	2915825_1	NA	0
57	2934297_6510_hu	2934297_1	2018	0
57	2934297_6510_hu	2934297_2	2018	0
57	2934297_6510_hua	2934297_1	2018	0
57	2942609_6510_hua	2942609_1	2019	0
57	2942609_6510_hua	2942609_2	2019	1
57	2967065_6510_hua	2967065_1	2018	0
57	2967065_6510_hua	2967065_2	2018	1
57	3044226_6510_huk	3044226_1	NA	0
57	3068802_6510_huk	3068802_1	2018	1
57	3085969_6510_hua	3085969_1	NA	0
57	3120562_6510_huk	3120562_1	2018	1
57	3132850_6510_huk	3132850_1	NA	0
57	3163010_6510_huk	3163010_1	2018	1
57	3170178_6510_huk	3170178_1	2019	1
57	3170201_6510_hua	3170201_1	NA	0
57	3296690_6510_huk	3296690_1	NA	0
57	3366786_6510_huk	3366786_1	2019	1
57	3432322_6510_huk	3432322_1	2019	1
57	3612546_6510_huk	3612546_1	2018	1
57	3788210_6510_huk	3788210_1	NA	0
57	3811458_6510_huk	3811458_1	2018	1
57	3821746_6510_huk	3821746_1	2019	0
57	3821746_6510_huk	3821746_2	2019	1
57	3829634_6510_huk	3829634_1	2019	0
57	3829634_6510_huk	3829634_2	2019	1
57	3906994_6510_huk	3906994_1	2018	0
57	3956146_6510_huk	3956146_1	2018	1
57	4122918_6510_huk	4122918_1	2018	0
57	4122918_6510_huk	4122918_2	2018	1
57	4230578_6510_huk	4230578_1	2018	0
57	4252546_6510_huk	4252546_1	NA	0
57	4256642_6510_huk	4256642_1	2018	1
57	4346754_6510_huk	4346754_1	2019	1
57	4351326_6510_hus	4351326_1	2018	1
57	4390190_6510_hus	4390190_1	2019	0
57	4417666_6510_huk	4417666_1	2018	1
57	4502402_6510_huk	4502402_1	2018	1
57	4576306_6510_hu	4576306_1	2018	0
57	4633474_6510_huk	4633474_1	2018	1
57	4868374_6510_hus	4868374_1	2018	1
57	6201542_6510_hus	6201542_1	2019	1
57	6427922_6510_hus	6427922_1	2019	1
57	6448478_6510_hus	6448478_1	2018	1
57	6523158_6510_hus	6523158_1	2019	0
57	6523158_6510_hus	6523158_2	2019	1
57	6690066_6510_hua	6690066_1	2019	0
57	6690066_6510_hus	6690066_1	2019	0
57	7062294_6510_hus	7062294_1	2019	1
57	7148818_6510_hus	7148818_1	2018	1
57	7461726_6510_hus	7461726_1	NA	0
57	7738642_6510_hus	7738642_1	2019	0
57	7738642_6510_hus	7738642_2	2019	1
57	7759198_6510_hus	7759198_1	2018	0
57	7759198_6510_hus	7759198_2	2018	1
57	8510302_6510_hus	8510302_1	NA	0
57	8516958_6510_hus	8516958_1	NA	0
57	8525074_6510_hu	8525074_1	2019	0
57	8525074_6510_hus	8525074_1	2019	0
57	857281_6510_hu	857281_1	2016	1
57	863169_6510_hu	863169_1	2016	0
57	863169_6510_hu	863169_2	2016	1
57	8669462_6510_hus	8669462_1	2018	1
57	884022_6510_hu	884022_1	2018	0
57	884022_6510_hu	884022_2	2018	1
57	901945_6510_hu	901945_1	NA	0
57	9026654_6510_hus	9026654_1	NA	0
57	905190_6510_hu	905190_1	2018	1
57	905458_6510_hu	905458_1	NA	0
57	923209_6510_hu	923209_1	2018	1
57	938262_6510_hu	938262_1	2018	1
57	939058_6510_hu	939058_1	NA	0
57	9655346_6510_hu	9655346_1	2018	0
57	977234_6510_hu	977234_1	NA	0
57	98705_6510_hu	98705_1	2018	0
58	1004470_7140_meso	1004470_1	2015	1
58	1013294_7140_meso	1013294_1	2016	0
58	1013294_7140_meso	1013294_2	2016	1
58	103094_7140_meso	103094_1	2016	0
58	103094_7140_meso	103094_2	2016	1
58	1046134_7140_oli	1046134_1	2016	0
58	107830_7140_meso	107830_1	2018	0
58	107830_7140_meso	107830_2	2018	1
58	1078674_7140_meso	1078674_1	2017	0
58	1087350_7140_meso	1087350_1	2016	0
58	1087350_7140_meso	1087350_2	2016	1
58	1098166_7140_meso	1098166_1	2017	0
58	1111670_7140_oli	1111670_1	2016	0
58	111542_7140_meso	111542_1	2015	0
58	1118838_7140_oli	1118838_1	2016	0
58	1129398_7140_meso	1129398_1	2016	0
58	1132201_7140_meso	1132201_1	2017	0
58	1132201_7140_meso	1132201_2	2017	1
58	1140434_7140_meso	1140434_1	2017	0
58	1140434_7140_meso	1140434_2	2017	1
58	1151670_7140_meso	1151670_1	2017	0
58	1202926_7140_oli	1202926_1	2019	0
58	1253302_7140_meso	1253302_1	2015	0
58	1258422_7140_meso	1258422_1	2018	0
58	1258422_7140_meso	1258422_2	2018	1
58	1270390_7140_oli	1270390_1	2017	0
58	127926_7140_meso	127926_1	2015	0
58	1295990_7140_oli	1295990_1	2016	0
58	1310962_7140_meso	1310962_1	2017	0
58	1315446_7140_oli	1315446_1	2016	0
58	1322614_7140_meso	1322614_1	2018	1
58	1334438_7140_meso	1334438_1	2017	0
58	1344118_7140_oli	1344118_1	2017	0
58	1361142_7140_oli	1361142_1	2019	0
58	1367026_7140_oli	1367026_1	2017	0
58	1367026_7140_oli	1367026_2	2017	1
58	1373814_7140_oli	1373814_1	2016	0
58	1388150_7140_meso	1388150_1	2015	1
58	1390198_7140_oli	1390198_1	2016	0
58	1404382_7140_oli	1404382_1	2017	1
58	1438646_7140_meso	1438646_1	2015	0
58	1439350_7140_oli	1439350_1	2016	0
58	1466998_7140_oli	1466998_1	2017	0
58	1468114_7140_oli	1468114_1	2017	1
58	1474278_7140_meso	1474278_1	2017	0
58	1498102_7140_meso	1498102_1	2018	0
58	1498102_7140_meso	1498102_2	2018	1
58	1507570_7140_meso	1507570_1	2017	0
58	1512886_7140_meso	1512886_1	2018	0
58	1512886_7140_meso	1512886_2	2018	1
58	1520566_7140_meso	1520566_1	2017	0
58	1570422_7140_oli	1570422_1	2016	0
58	1576886_7140_oli	1576886_1	2017	0
58	1576886_7140_oli	1576886_2	2017	1
58	1577590_7140_oli	1577590_1	2016	0
58	1635254_7140_meso	1635254_1	2015	1
58	1635958_7140_oli	1635958_1	2016	0
58	1643126_7140_oli	1643126_1	2016	0
58	1652342_7140_oli	1652342_1	2016	0
58	1676726_7140_meso	1676726_1	2019	0
58	1677870_7140_oli	1677870_1	2018	0
58	1677870_7140_oli	1677870_2	2018	1
58	1701494_7140_oli	1701494_1	2016	0
58	170798_7140_oli	170798_1	2016	0
58	170798_7140_oli	170798_2	2016	1
58	1713590_7140_meso	1713590_1	2019	0
58	1749942_7140_meso	1749942_1	2015	0
58	1749942_7140_meso	1749942_2	2015	1
58	1761206_7140_meso	1761206_1	2018	1
58	1766326_7140_oli	1766326_1	2018	0
58	1766326_7140_oli	1766326_2	2018	1
58	1794678_7140_oli	1794678_1	2018	0
58	1829622_7140_meso	1829622_1	2018	0
58	1829622_7140_meso	1829622_2	2018	0
58	1839666_7140_meso	1839666_1	2018	1
58	1839734_7140_oli	1839734_1	2016	0
58	189046_7140_oli	189046_1	2017	0
58	1898102_7140_oli	1898102_1	2016	0
58	1912438_7140_meso	1912438_1	2015	0
58	1913782_7140_meso	1913782_1	2018	1
58	1914486_7140_oli	1914486_1	2016	0
58	1927030_7140_meso	1927030_1	2018	1
58	193462_7140_meso	193462_1	2015	0
58	1958022_7140_meso	1958022_1	2015	0
58	1963638_7140_oli	1963638_1	2016	0
58	2011870_7140_oli	2011870_1	2018	0
58	2011870_7140_oli	2011870_2	2018	1
58	2046902_7140_meso	2046902_1	2019	0
58	204726_7140_meso	204726_1	2016	0
58	2056822_7140_oli	2056822_1	2019	0
58	2056822_7140_oli	2056822_2	2019	1
58	2094710_7140_oli	2094710_1	2016	0
58	2109046_7140_meso	2109046_1	2015	0
58	2130550_7140_oli	2130550_1	2019	0
58	2130550_7140_oli	2130550_2	2019	1
58	2136622_7140_oli	2136622_1	2019	1
58	2156002_7140_meso	2156002_1	2019	0
58	2159542_7140_meso	2159542_1	2015	0
58	2160246_7140_oli	2160246_1	2016	0
58	2167414_7140_oli	2167414_1	2016	0
58	2173889_7140_meso	2173889_1	2016	0
58	2176630_7140_oli	2176630_1	2016	0
58	2204982_7140_meso	2204982_1	2019	0
58	2217718_7140_meso	2217718_1	2019	0
58	221814_7140_oli	221814_1	2017	0
58	2225078_7140_meso	2225078_1	2015	0
58	2225078_7140_meso	2225078_2	2015	1
58	222518_7140_meso	222518_1	2017	1
58	2251502_7140_oli	2251502_1	2019	0
58	2270930_7140_oli	2270930_1	2019	0
58	2270930_7140_oli	2270930_2	2019	1
58	2301878_7140_meso	2301878_1	2019	0
58	23086_7140_oli	23086_1	2016	1
58	2318966_7140_oli	2318966_1	2019	1
58	2320246_7140_meso	2320246_1	2019	0
58	2334854_7140_meso	2334854_1	2017	0
58	2364022_7140_oli	2364022_1	2016	0
58	2422390_7140_oli	2422390_1	2016	0
58	2464934_7140_meso	2464934_1	2019	0
58	2467126_7140_meso	2467126_1	2019	0
58	247414_7140_oli	247414_1	2016	0
58	2487222_7140_meso	2487222_1	2015	0
58	2500918_7140_meso	2500918_1	2019	0
58	2500918_7140_meso	2500918_2	2019	1
58	2553462_7140_oli	2553462_1	2016	0
58	2579182_7140_oli	2579182_1	2019	0
58	2596790_7140_meso	2596790_1	2015	0
58	2626166_7140_oli	2626166_1	2016	0
58	2635382_7140_oli	2635382_1	2016	0
58	266870_7140_oli	266870_1	2016	0
58	267986_7140_meso	267986_1	2016	0
58	267986_7140_meso	267986_2	2016	1
58	2684534_7140_oli	2684534_1	2016	0
58	2691702_7140_oli	2691702_1	2016	0
58	2700918_7140_oli	2700918_1	2016	0
58	271030_7140_meso	271030_1	2016	1
58	2749366_7140_meso	2749366_1	2015	0
58	2750070_7140_oli	2750070_1	2016	0
58	2798518_7140_meso	2798518_1	2015	0
58	2799826_7140_meso	2799826_1	2015	0
58	282614_7140_meso	282614_1	2016	0
58	282614_7140_meso	282614_2	2016	1
58	2880438_7140_meso	2880438_1	2015	0
58	2888310_7140_oli	2888310_1	2016	0
58	2937462_7140_oli	2937462_1	2016	0
58	2946678_7140_oli	2946678_1	2016	0
58	2962358_7140_meso	2962358_1	2015	0
58	3011510_7140_meso	3011510_1	2015	0
58	3012214_7140_oli	3012214_1	2016	0
58	301650_7140_oli	301650_1	2016	0
58	3020498_7140_meso	3020498_1	2016	0
58	3060662_7140_meso	3060662_1	2015	0
58	3150454_7140_oli	3150454_1	2016	0
58	317878_7140_meso	317878_1	2016	0
58	318450_7140_oli	318450_1	2016	0
58	3208822_7140_oli	3208822_1	2016	0
58	3215990_7140_oli	3215990_1	2016	0
58	3219382_7140_meso	3219382_1	2015	0
58	3219382_7140_meso	3219382_2	2015	1
58	3225206_7140_oli	3225206_1	2016	0
58	3229302_7140_oli	3229302_1	2016	0
58	3232374_7140_oli	3232374_1	2016	0
58	325238_7140_oli	325238_1	2016	0
58	3273654_7140_meso	3273654_1	2015	0
58	3393142_7140_oli	3393142_1	2016	0
58	3412598_7140_oli	3412598_1	2016	0
58	341622_7140_oli	341622_1	2016	0
58	3470966_7140_oli	3470966_1	2016	0
58	3487350_7140_oli	3487350_1	2016	0
58	3535798_7140_meso	3535798_1	2015	0
58	3674742_7140_oli	3674742_1	2016	0
58	369974_7140_meso	369974_1	2017	1
58	3732406_7140_meso	3732406_1	2015	0
58	3732406_7140_meso	3732406_2	2015	1
58	3740278_7140_oli	3740278_1	2016	0
58	3749494_7140_oli	3749494_1	2016	0
58	3847094_7140_meso	3847094_1	2015	0
58	3848402_7140_oli	3848402_1	2015	0
58	390070_7140_meso	390070_1	2015	0
58	390774_7140_oli	390774_1	2016	0
58	3936886_7140_oli	3936886_1	2016	0
58	3995254_7140_oli	3995254_1	2016	0
58	399798_7140_meso	399798_1	2016	0
58	4008897_7140_meso	4008897_1	2016	0
58	4055510_7140_meso	4055510_1	2015	0
58	4060790_7140_oli	4060790_1	2016	0
58	4126326_7140_oli	4126326_1	2016	0
58	419538_7140_oli	419538_1	2016	1
58	4199030_7140_oli	4199030_1	2016	0
58	425702_7140_meso	425702_1	2016	0
58	4257398_7140_oli	4257398_1	2016	0
58	4264566_7140_oli	4264566_1	2016	0
58	4273782_7140_oli	4273782_1	2016	0
58	4277878_7140_oli	4277878_1	2016	0
58	4280950_7140_oli	4280950_1	2016	0
58	4305846_7140_meso	4305846_1	2015	0
58	4322230_7140_meso	4322230_1	2015	0
58	4348654_7140_oli	4348654_1	2019	0
58	4370774_7140_meso	4370774_1	2019	0
58	4370774_7140_meso	4370774_2	2019	1
58	4441718_7140_oli	4441718_1	2016	0
58	4461174_7140_oli	4461174_1	2016	0
58	447926_7140_meso	447926_1	2016	0
58	4519542_7140_oli	4519542_1	2016	0
58	4535926_7140_oli	4535926_1	2016	0
58	456310_7140_oli	456310_1	2016	0
58	4584374_7140_meso	4584374_1	2015	0
58	4585078_7140_oli	4585078_1	2016	0
58	4650614_7140_oli	4650614_1	2016	0
58	4716150_7140_oli	4716150_1	2016	0
58	471990_7140_meso	471990_1	2017	1
58	4723318_7140_oli	4723318_1	2016	0
58	4726_7140_oli	4726_1	2016	0
58	4781686_7140_oli	4781686_1	2016	0
58	4788854_7140_oli	4788854_1	2016	0
58	4798070_7140_oli	4798070_1	2016	0
58	482290_7140_meso	482290_1	2016	1
58	4846518_7140_meso	4846518_1	2015	0
58	4847222_7140_oli	4847222_1	2016	0
58	4895670_7140_meso	4895670_1	2015	0
58	4896978_7140_meso	4896978_1	2015	0
58	5034614_7140_oli	5034614_1	2016	0
58	5108662_7140_meso	5108662_1	2015	0
58	518902_7140_meso	518902_1	2016	0
58	518902_7140_meso	518902_2	2016	1
58	521846_7140_oli	521846_1	2016	0
58	529014_7140_oli	529014_1	2016	0
58	557686_7140_oli	557686_1	2017	0
58	587382_7140_oli	587382_1	2016	0
58	603766_7140_oli	603766_1	2016	0
58	63094_7140_oli	63094_1	2016	0
58	6604022_7140_oli	6604022_1	2019	0
58	662514_7140_oli	662514_1	2016	0
58	696182_7140_meso	696182_1	2016	1
58	701366_7140_meso	701366_1	2015	0
58	70262_7140_oli	70262_1	2016	0
58	702674_7140_oli	702674_1	2015	1
58	717750_7140_oli	717750_1	2017	1
58	736182_7140_meso	736182_1	2016	0
58	743862_7140_meso	743862_1	2016	0
58	783286_7140_meso	783286_1	2015	0
58	79478_7140_oli	79478_1	2016	0
58	83574_7140_oli	83574_1	2016	0
58	839350_7140_meso	839350_1	2016	0
58	843702_7140_meso	843702_1	2016	0
58	846582_7140_meso	846582_1	2016	0
58	849526_7140_oli	849526_1	2016	0
58	856054_7140_meso	856054_1	2016	1
58	863862_7140_meso	863862_1	2015	0
58	863862_7140_meso	863862_2	2015	1
58	865206_7140_meso	865206_1	2015	0
58	86646_7140_oli	86646_1	2016	0
58	880094_7140_oli	880094_1	2016	0
58	880094_7140_oli	880094_2	2016	1
58	914358_7140_meso	914358_1	2015	0
58	915062_7140_oli	915062_1	2016	0
58	923346_7140_meso	923346_1	2016	0
58	923346_7140_meso	923346_2	2016	1
58	938678_7140_meso	938678_1	2016	0
58	943826_7140_oli	943826_1	2016	1
58	959958_7140_oli	959958_1	2016	1
58	980598_7140_oli	980598_1	2016	0
58	996278_7140_meso	996278_1	2015	1
58	998326_7140_meso	998326_1	2016	0
