code_watersurfaces	db_ref	type_observed	measurement_biotic	measurement_abiotic	measurement_biotic_year	measurement_abiotic_year
ANTANT0297	AN_BPE_001	3140	1	1	2020	2015
ANTANT0297	AN_BPE_001	3150	1	1	2020	2015
ANTANT0383	AN_HOP_001	3150	1	1	2020	2016
ANTARE0025	AN_RAV_002	3130_aom	1	1	2017	2017
ANTARE0200	AN_ARE_001	3130_aom	1	1	2018	2015
ANTARE0200	AN_ARE_001	3130_na	1	1	2018	2015
ANTBAA0036	AN_MOE_001	3130_aom	1	1	2017	2016
ANTBAA0036	AN_MOE_001	3140	1	1	2017	2016
ANTBAA0044	AN_VVM_005	3130_na	1	1	2019	2017
ANTBAL0373	AN_BAV_001	3150	1	1	2019	2017
ANTBAL0505	AN_BAV_002	3150	1	1	2019	2017
ANTBAL0592	AN_BAS_002	3150	1	1	2020	2017
ANTBAL0595	AN_BAS_001	3150	1	1	2020	2017
ANTBAL0711	AN_MOS_001	gh	1	1	2016	2014
ANTBCT0028	AN_GSV_007	3160	1	1	2019	2016
ANTBCT0231	AN_GSV_006	3160	1	1	2017	2016
ANTBCT0252	AN_GSV_004	3140	1	1	2017	2015
ANTBCT0252	AN_GSV_004	3150	1	1	2017	2015
ANTBCT0404	AN_GSV_002	3130_na	1	1	2016	2015
ANTBCT0458	AN_GSV_003	3130_aom	1	1	2017	2015
ANTBCT0528	AN_KOO_002	gh	1	1	2018	2015
ANTBCT0544	AN_RVS_002	3130_na	1	1	2016	2015
ANTBCT0572	AN_KOO_001	3130_na	0	1	NA	2014
ANTBRM0421	AN_KRA_001	gh	1	1	2020	2014
ANTBRS0068	AN_E10_001	3130_aom	1	1	2018	2014
ANTBRS0068	AN_E10_001	3130_na	1	1	2018	2014
ANTBRS0068	AN_E10_001	3140	1	1	2018	2014
ANTBRS0178	AN_FOR_001	3130_aom	1	1	2019	2018
ANTBSE0061	AN_BLA_004	3130_aom	0	1	NA	2015
ANTBSE0061	AN_BLA_004	3130_na	0	1	NA	2015
ANTBSE0061	AN_BLA_004	3140	0	1	NA	2015
ANTBSE0165	AN_GKH_001	3130_na	1	1	2018	2015
ANTBSE0215	AN_BLA_002	3130_aom	1	1	2019	2015
ANTBSE0215	AN_BLA_002	3130_na	1	1	2019	2015
ANTBSE0227	AN_BEE_002	3130_aom	1	1	2015	2015
ANTBSE0314	AN_BEE_001	3130_aom	1	1	2015	2014
ANTBSE0314	AN_BEE_001	3130_na	1	1	2015	2014
ANTBSE0334	AN_BLA_001	3130_aom	1	1	2017	2014
ANTBSE0334	AN_BLA_001	3130_na	1	1	2017	2014
ANTBSE0335	AN_GKH_002	gh	1	1	2016	2015
ANTBSE0336	AN_HUF_001	3130_na	1	1	2019	2014
ANTBSE0338	AN_BLA_003	3130_aom	1	1	2019	2015
ANTBSE0338	AN_BLA_003	3130_na	1	1	2019	2015
ANTDES0075	AN_DES_003	3150	1	1	2015	2014
ANTESS0009	AN_DEB_001	3130_aom	1	1	2018	2017
ANTESS0062	AN_NOL_002	3130_aom	0	1	NA	2017
ANTESS0062	AN_NOL_002	3160	0	1	NA	2017
ANTGEE0046	AN_ZAM_003	3150	1	1	2017	2017
ANTGEE0069	AN_ZAM_002	3150	0	1	NA	2017
ANTGEE0105	AN_ZEG_001	3150	1	1	2015	2014
ANTGEE0107	AN_ZEG_002	3130_aom	1	1	2017	2017
ANTGEE0107	AN_ZEG_002	3130_na	1	1	2017	2017
ANTGEE0107	AN_ZEG_002	3150	1	1	2017	2017
ANTGEE0126	AN_ZEG_004	3130_aom	1	1	2017	2017
ANTGEE0126	AN_ZEG_004	3150	1	1	2017	2017
ANTGEE0193	AN_ZEG_003	3150	1	1	2017	2017
ANTGEE0305	AN_SEL_002	3150	1	1	2017	2016
ANTGEE0889	AN_ZAM_001	3150	1	1	2015	2015
ANTHGS0196	AN_VVM_004	3130_aom	1	1	2018	2016
ANTHGS0196	AN_VVM_004	3160	1	1	2018	2016
ANTHGS0622	AN_VVM_003	3130_aom	1	1	2018	2016
ANTHST0141	AN_LAN_003	gh	1	1	2015	2015
ANTHST0346	AN_LAN_007	3130_aom	1	1	2015	2015
ANTHST0458	AN_LAN_002	gh	1	1	2015	2014
ANTHST0460	AN_LAN_004	3130_aom	1	1	2014	2014
ANTHST0508	AN_LAN_005	3130_aom	1	1	2015	2014
ANTHST0665	AN_LAN_009	3130_aom	1	1	2015	2015
ANTHST0665	AN_LAN_009	3140	1	1	2015	2015
ANTHTS0097	AN_ENK_001	3130_aom	1	1	2018	2017
ANTHTS0097	AN_ENK_001	3160	1	1	2018	2017
ANTHTS0151	AN_SNE_003	3130_aom	1	1	2016	2015
ANTHTS0151	AN_SNE_003	3160	1	1	2016	2015
ANTHUL0132	AN_HGA_001	3130_aom	1	1	2014	2014
ANTHUL0219	AN_HGA_003	gh	1	1	2014	2014
ANTHUL0276	AN_HGA_002	gh	1	1	2014	2014
ANTKAL0004	AN_KAL_003	3160	1	1	2016	2015
ANTKAL0247	AN_KSV_004	3160	1	1	2017	2017
ANTKAL0269	AN_KSV_005	3160	1	1	2017	2017
ANTKAL0288	AN_NOL_003	3160	1	1	2019	2018
ANTKAL0330	AN_KAL_002	3160	1	1	2016	2015
ANTKAL0383	AN_NOL_001	3160	1	1	2016	2015
ANTKAS0008	AN_SNE_006	3130_aom	1	1	2018	2016
ANTKAS0017	AN_SNE_002	gh	1	1	2016	2015
ANTKAS0030	AN_SNE_004	3130_aom	1	1	2016	2016
ANTKAS0030	AN_SNE_004	3160	1	1	2016	2016
ANTKAS0033	AN_SNE_007	3160	1	1	2017	2016
ANTKAS0213	AN_TIE_005	3130_na	1	1	2019	2016
ANTKAS0213	AN_TIE_005	3150	1	1	2019	2016
ANTKAS0268	AN_TIE_006	3130_aom	1	1	2019	2017
ANTKAS0295	AN_KAS_003	3160	1	1	2017	2016
ANTKAS0302	AN_KAS_001	3130_aom	1	1	2014	2014
ANTKAS0403	AN_KAS_002	3130_aom	1	1	2017	2015
ANTKAS0431	AN_TIE_004	3150	1	1	2015	2016
ANTKAS0462	AN_TIE_002	3130_aom	1	1	2017	2015
ANTKAS0462	AN_TIE_002	3160	1	1	2017	2015
ANTKAS0467	AN_TIE_003	3130_aom	1	1	2016	2015
ANTKAS0467	AN_TIE_003	3160	1	1	2016	2015
ANTKAS0474	AN_TIE_007	3130_aom	1	1	2019	2018
ANTKAS0501	AN_SNE_008	3130_aom	1	1	2018	2016
ANTKAS0616	AN_SNE_001	3160	1	1	2015	2014
ANTKON0018	AN_VUI_001	gh	1	1	2019	2016
ANTLIL0004	AN_LIL_003	3130_aom	1	1	2019	2017
ANTLIL0004	AN_LIL_003	3140	1	1	2019	2017
ANTLIL0362	AN_KDN_002	3130_aom	1	1	2016	2015
ANTLIL0362	AN_KDN_002	3140	1	1	2016	2015
ANTLIL0415	AN_GIE_001	3130_aom	1	1	2018	2016
ANTLIL0415	AN_GIE_001	3130_na	1	1	2018	2016
ANTLIL0528	AN_KDN_001	3130_aom	1	1	2016	2015
ANTLIL0547	AN_LIL_001	3130_aom	1	1	2016	2016
ANTMAL0136	AN_DVH_001	3130_na	1	1	2018	2014
ANTMAL0275	AN_DVH_010	3130_na	0	1	NA	2016
ANTMEC0030	AN_GVM_001	3140	0	1	NA	2016
ANTMEC0180	NA	3140	1	1	2020	2015
ANTMEC0257	AN_MEC_002	3150	1	1	2018	2017
ANTMEC0388	NA	3130_na	1	1	2019	2015
ANTMEC0388	NA	3140	1	1	2019	2015
ANTMOL0036	AN_MOL_002	3150	1	1	2014	2014
ANTMOL0066	AN_MUI_003	3140	1	1	2019	2016
ANTMOL0068	AN_MOL_004	3140	1	1	2020	2016
ANTMOL0088	AN_RPT_002	3130_aom	1	1	2016	2014
ANTMOL0088	AN_RPT_002	3130_na	1	1	2016	2014
ANTMOL0089	AN_RPT_005	3140	1	1	2018	2017
ANTMOL0089	AN_RPT_005	3150	1	1	2018	2017
ANTMOL0099	AN_RPT_004	3130_na	1	1	2017	2016
ANTMOL0138	AN_MOL_001	3130_na	1	1	2014	2014
ANTMOL0138	AN_MOL_001	3140	1	1	2014	2014
ANTMOL0138	AN_MOL_001	3150	1	1	2014	2014
ANTMOL0143	AN_DIE_002	3130_aom	1	1	2020	2015
ANTMOL0143	AN_DIE_002	3130_na	1	1	2020	2015
ANTMOL0143	AN_DIE_002	3140	1	1	2020	2015
ANTMOL0143	AN_DIE_002	3150	1	1	2020	2015
ANTMOL0152	AN_DIE_001	3130_aom	1	1	2019	2014
ANTMOL0152	AN_DIE_001	3130_na	1	1	2019	2014
ANTMOL0152	AN_DIE_001	3140	1	1	2019	2014
ANTMOL0568	AN_RPT_003	3130_aom	1	1	2017	2016
ANTMOL0568	AN_RPT_003	3130_na	1	1	2017	2016
ANTMOL0720	AN_RPT_001	3130_aom	1	1	2014	2014
ANTOTH0015	AN_TUR_001	3130_aom	1	1	2016	2014
ANTOTH0270	AN_LDL_003	3160	1	1	2016	2015
ANTOTH0271	AN_LDL_001	3160	1	1	2015	2014
ANTOTH0306	AN_LDL_002	3130_aom	1	1	2016	2015
ANTOTH0324	AN_LDL_004	3130_aom	1	1	2019	2017
ANTRAN0277	AN_VRI_001	3130_aom	1	1	2015	2014
ANTRAV0052	AN_BOG_001	3130_aom	1	1	2017	2015
ANTRAV0052	AN_BOG_001	3130_na	1	1	2017	2015
ANTRAV0297	AN_RAV_001	3130_aom	1	1	2018	2017
ANTRAV0297	AN_RAV_001	3160	1	1	2018	2017
ANTRAV0369	AN_RAV_003	3130_aom	1	1	2018	2017
ANTRAV0381	AN_TUR_002	3150	0	1	NA	2016
ANTRET0186	AN_GOO_002	3130_aom	1	1	2017	2014
ANTRET0186	AN_GOO_002	3140	1	1	2017	2014
ANTRET0199	AN_GOO_001	3130_aom	1	1	2014	2014
ANTRET0236	AN_RET_001	3140	1	1	2015	2014
ANTRIJ0005	AN_DVH_009	3130_na	0	1	NA	2016
ANTRIJ0006	AN_DVH_004	3130_na	1	1	2016	2015
ANTRIJ0006	AN_DVH_004	3140	1	1	2016	2015
ANTRIJ0030	NA	3150	0	1	NA	2016
ANTRIJ0041	AN_DVH_005	3130_aom	1	1	2018	2015
ANTRIJ0041	AN_DVH_005	3130_na	1	1	2018	2015
ANTRIJ0053	AN_DVH_007	3130_na	1	1	2017	2016
ANTRIJ0072	AN_DVH_003	3130_na	1	1	2016	2014
ANTRIJ0076	AN_DVH_006	3130_na	0	1	NA	2015
ANTRIJ0171	AN_SLH_001	3130_na	1	1	2016	2015
ANTRIJ0308	AN_DVH_002	3130_aom	1	1	2019	2014
ANTRIJ0308	AN_DVH_002	3130_na	1	1	2019	2014
ANTSIL0322	AN_RIN_001	3130_aom	1	1	2019	2018
ANTTUR0065	AN_TVG_003	3130_aom	1	1	2016	2014
ANTTUR0065	AN_TVG_003	3130_na	1	1	2016	2014
ANTTUR0082	AN_TVG_004	3130_aom	1	1	2016	2015
ANTTUR0127	AN_DUI_002	gh	1	1	2015	2014
ANTTUR0142	AN_DUI_001	3150	1	1	2015	2014
ANTTUR0207	AN_MEL_001	3130_aom	1	1	2017	2014
ANTTUR0207	AN_MEL_001	3130_na	1	1	2017	2014
ANTTUR0207	AN_MEL_001	3140	1	1	2017	2014
ANTTUR0296	AN_TVG_005	3110	1	1	2018	2015
ANTTUR0296	AN_TVG_005	3130_aom	1	1	2018	2015
ANTTUR0296	AN_TVG_005	3130_na	1	1	2018	2015
ANTTUR0296	AN_TVG_005	3160	1	1	2018	2015
ANTTUR0301	AN_TVG_001	3130_aom	1	1	2015	2014
ANTTUR0304	AN_TVG_002	3110	1	1	2018	2014
ANTTUR0304	AN_TVG_002	3130_aom	1	1	2018	2014
ANTTUR0304	AN_TVG_002	3130_na	1	1	2018	2014
ANTVOR0058	AN_BLO_001	gh	1	1	2020	2014
ANTWIL0020	AN_HAZ_001	3140	1	1	2014	2016
ANTWUU0140	AN_GSV_008	3130_aom	1	1	2019	2017
ANTWUU0153	AN_E10_002	3130_aom	1	1	2018	2015
ANTWUU0153	AN_E10_002	3150	1	1	2018	2015
ANTZAN0122	AN_PUL_001	3130_na	1	1	2020	2016
ANTZAN0122	AN_PUL_001	3150	1	1	2020	2016
ANTZAN0172	AN_PUL_004	gh	1	1	2020	2017
ANTZAN0175	AN_PUL_003	3130_na	1	1	2020	2017
ANTZAN0175	AN_PUL_003	3150	1	1	2020	2017
ANTZAN0176	AN_PUL_002	3150	1	1	2020	2016
LIMASS2024	LI_HEU_003	3160	1	1	2017	2016
LIMBIL0100	LI_MUN_001	gh	1	1	2018	2016
LIMBIL0336	LI_MUN_002	3130_na	1	1	2017	2016
LIMBRE0077	NA	3130_na	1	1	2019	2016
LIMBRE0283	LI_KBR_001	3130_na	1	1	2019	2015
LIMBRE0285	LI_KBR_003	3130_aom	1	1	2019	2016
LIMBRE0285	LI_KBR_003	3130_na	1	1	2019	2016
LIMBRG0182	LI_VZB_006	3160	1	1	2019	2015
LIMDPB0057	LI_LAN_003	3150	1	1	2015	2014
LIMDPB0158	LI_MAT_012	3130_na	1	1	2018	2016
LIMDPB0311	LI_LAN_005	3130_na	1	1	2020	2014
LIMDPB0311	LI_LAN_005	3150	1	1	2020	2014
LIMDPB0315	LI_LAN_008	3150	1	1	2016	2014
LIMDST0104	LI_HEU_002	3160	1	1	2016	2015
LIMDST0108	LI_HEU_001	3110	1	1	2015	2014
LIMDST0108	LI_HEU_001	3130_aom	1	1	2015	2014
LIMDST0178	LI_MAA_001	3150	1	1	2015	2015
LIMGNK0010	LI_MAT_008	gh	1	1	2019	2015
LIMGNK0025	LI_MAT_005	3150	1	1	2019	2014
LIMGNK0035	LI_MAT_007	3140	1	1	2016	2015
LIMGNK0035	LI_MAT_007	3150	1	1	2016	2015
LIMGNK0050	LI_MAT_009	3130_na	1	1	2016	2015
LIMGNK0055	LI_MAT_011	3130_na	1	1	2018	2016
LIMGNK0062	LI_MAT_003	3150	1	1	2016	2014
LIMGNK0064	LI_BOK_001	3150	1	1	2018	2014
LIMGNK0066	LI_WIK_004	3160	1	1	2019	2015
LIMGNK0081	LI_MAT_016	3130_na	1	1	2019	2017
LIMGNK0089	LI_WIK_005	3130_aom	1	1	2016	2015
LIMGNK0095	LI_WIK_003	3130_aom	1	1	2016	2014
LIMGNK0103	LI_WIK_009	3130_aom	1	1	2019	2016
LIMGNK0103	LI_WIK_009	3130_na	1	1	2019	2016
LIMGNK0118	LI_MAT_015	3130_na	1	1	2019	2017
LIMGNK0119	LI_MAT_004	3130_na	1	1	2016	2014
LIMGNK0127	LI_BOK_002	3130_na	1	1	2018	2015
LIMGNK0142	LI_MAT_010	3130_aom	1	1	2019	2016
LIMGNK0142	LI_MAT_010	3130_na	1	1	2019	2016
LIMGNK0147	LI_BOK_003	3130_na	1	1	2018	2015
LIMGNK0152	LI_STI_001	3130_aom	1	1	2015	2014
LIMGNK0167	LI_BOK_005	gh	1	1	2018	2016
LIMGNK0177	LI_WIK_006	3130_aom	1	1	2016	2015
LIMGNK0180	LI_MAT_017	3130_na	1	1	2019	2017
LIMGNK0182	LI_MAT_002	3130_aom	1	1	2016	2014
LIMGNK0182	LI_MAT_002	3130_na	1	1	2016	2014
LIMGNK0182	LI_MAT_002	3140	1	1	2016	2014
LIMGNK0372	LI_WIK_002	3130_aom	1	1	2016	2014
LIMGNK0374	LI_WIK_001	3130_aom	1	1	2014	2014
LIMGNK0374	LI_WIK_001	3130_na	1	1	2014	2014
LIMGNK0396	LI_MAT_001	3130_na	1	1	2016	2014
LIMGNK0397	LI_BOK_004	3130_aom	1	1	2016	2016
LIMGNK0397	LI_BOK_004	3130_na	1	1	2016	2016
LIMGNK0848	LI_MAT_006	gh	1	1	2019	2015
LIMHAS0103	LI_TOM_001	3150	1	1	2017	2017
LIMHAS0281	LI_TOM_002	3130_aom	1	1	2017	2017
LIMHAS0281	LI_TOM_002	3150	1	1	2017	2017
LIMHAS0462	LI_MLV_004	3130_aom	1	1	2014	2014
LIMHAS0463	LI_MLV_029	3130_na	1	1	2019	2016
LIMHAS0482	LI_BOK_006	3130_aom	1	1	2016	2016
LIMHAS0482	LI_BOK_006	3130_na	1	1	2016	2016
LIMHAS0541	LI_MLV_003	3130_aom	1	1	2014	2014
LIMHAS0544	LI_MLV_002	3130_na	1	1	2018	2014
LIMHAS0619	LI_MLV_025	3130_aom	1	1	2019	2016
LIMHAS0619	LI_MLV_025	3130_na	1	1	2019	2016
LIMHAS0619	LI_MLV_025	3140	1	1	2019	2016
LIMHAS0629	LI_GDL_001	3140?	1	1	2019	2015
LIMHAS0629	LI_GDL_001	3150	1	1	2019	2015
LIMHAS0672	LI_MLV_011	3130_na	1	1	2018	2015
LIMHAS0849	LI_MLV_010	3130_aom	1	1	2017	2015
LIMHAS0849	LI_MLV_010	3130_na	1	1	2017	2015
LIMHAS0849	LI_MLV_010	3140	1	1	2017	2015
LIMHEC0128	LI_EKS_001	3150	1	1	2019	2017
LIMHEC0201	NA	3150	0	1	NA	2017
LIMHEC0537	LI_BEG_002	3130_aom	1	1	2019	2018
LIMHEC0578	LI_VZB_004	3130_aom	1	1	2019	2015
LIMHEC0578	LI_VZB_004	3150	1	1	2019	2015
LIMHEC0578	LI_VZB_004	3160	1	1	2019	2015
LIMHHE0001	LI_VZB_002	3160	1	1	2018	2014
LIMHHE0002	LI_VZB_003	3130_aom	1	1	2018	2015
LIMHHE0002	LI_VZB_003	3160	1	1	2018	2015
LIMHHE0005	LI_VZB_007	3160	1	1	2018	2015
LIMHHE0008	LI_VZB_005	3130_aom	1	1	2018	2015
LIMHHE0008	LI_VZB_005	3160	1	1	2018	2015
LIMHHE0112	LI_KEL_001	3130_aom	1	1	2016	2015
LIMHHE0112	LI_KEL_001	3160	1	1	2016	2015
LIMHHE0114	LI_RDP_001	3130_aom	1	1	2020	2015
LIMHHE0114	LI_RDP_001	3130_na	1	1	2020	2015
LIMHHE0285	LI_LBV_004	3150	1	1	2020	2016
LIMHHE0286	LI_LBV_001	3130_aom	1	1	2020	2014
LIMHHE0286	LI_LBV_001	3130_na	1	1	2020	2014
LIMHHE0286	LI_LBV_001	3140	1	1	2020	2014
LIMHHE0330	NA	3130_aom	1	1	2020	2017
LIMHHE0375	LI_VZB_001	3160	1	1	2017	2014
LIMHLN0068	LI_HAL_002	3150	1	1	2019	2017
LIMHMA0273	LI_WAR_001	gh	1	1	2015	2014
LIMHVL0092	NA	3130_na	0	1	NA	2015
LIMHVL0092	NA	3150	0	1	NA	2015
LIMHVL0092	NA	3160	0	1	NA	2015
LIMKIN0231	LI_KES_001	3150	1	1	2019	2017
LIMLNK0018	LI_MAA_002	3150	1	1	2019	2016
LIMLNK0083	LI_ASB_001	3130_aom	1	1	2014	2014
LIMLNK0086	LI_SLU_001	3130_aom	1	1	2018	2016
LIMLNK0086	LI_SLU_001	3160	1	1	2018	2016
LIMLNK0105	LI_JUF_001	3130_aom	1	1	2018	2016
LIMLNK0237	LI_ASP_001	3130_aom	1	1	2019	2016
LIMLNK0237	LI_ASP_001	3130_na	1	1	2019	2016
LIMLOM0030	LI_LOM_001	3130_aom	1	1	2018	2017
LIMLOM0211	LI_KAT_001	3130_aom	1	1	2016	2016
LIMLOM0211	LI_KAT_001	3160	1	1	2016	2016
LIMLOM0239	LI_HAG_002	3130_aom	1	1	2018	2017
LIMLOM0467	LI_SAH_001	3130_na	1	1	2019	2016
LIMLOM0475	LI_VOS_001	3130_aom	0	1	NA	2016
LIMLOM0475	LI_VOS_001	3130_na	0	1	NA	2016
LIMLUM0054	LI_VIJ_001	gh	1	1	2015	2014
LIMLUM0401	LI_GRD_001	3130_aom	1	1	2015	2014
LIMLUM0401	LI_GRD_001	3150	1	1	2015	2014
LIMMGR0011	LI_DON_004	3130_aom	1	1	2020	2016
LIMMGR0011	LI_DON_004	3130_na	1	1	2020	2016
LIMMGR0035	LI_OPH_001	gh	1	1	2014	2014
LIMMGR0253	LI_DON_001	gh	1	1	2014	2014
LIMMGR0262	LI_DON_003	3160	1	1	2017	2015
LIMMGR0376	NA	3130_aom	1	1	2017	2015
LIMMGR0376	NA	3160	1	1	2017	2015
LIMMSK0007	LI_BER_001	3130_aom	1	1	2018	2014
LIMMSK0007	LI_BER_001	3130_na	1	1	2018	2014
LIMMSK0134	LI_BER_003	3130_na	1	1	2018	2017
LIMMSK0134	LI_BER_003	3140	1	1	2018	2017
LIMMSK0151	LI_DBR_001	3150	1	1	2019	2017
LIMMSK0353	LI_BER_002	3130_aom	0	1	NA	2015
LIMMSK0353	LI_BER_002	3130_na	0	1	NA	2015
LIMMSK0456	LI_HER_001	3150	0	1	NA	2017
LIMMSM0026	LI_EIM_001	3130_aom	0	1	NA	2014
LIMMSM0026	LI_EIM_001	3130_na	0	1	NA	2014
LIMMSM0197	LI_MEC_001	3160	1	1	2016	2014
LIMMSM0198	LI_MEC_002	3160	1	1	2016	2015
LIMNEE0011	LI_HAG_001	3160	1	1	2018	2017
LIMOPG0016	NA	3160	1	1	2015	2016
LIMOVP0094	LI_PIJ_001	3160	1	1	2016	2016
LIMTES0026	LI_ABH_011	3160	1	1	2017	2015
LIMTON0188	LI_DKV_001	3140	1	1	2017	2017
LIMWEL0154	LI_BRB_001	gh	1	1	2020	2016
LIMZNH0036	LI_MLV_021	3130_na	1	1	2019	2016
LIMZNH0065	LI_MLV_020	3130_aom	1	1	2019	2016
LIMZNH0065	LI_MLV_020	3130_na	1	1	2019	2016
LIMZNH0127	LI_MLV_018	gh	1	1	2020	2016
LIMZNH0138	LI_MLV_007	gh	1	1	2014	2014
LIMZNH0206	LI_MLV_022	3130_na	1	1	2019	2016
LIMZNH0225	LI_MLV_014	3130_na	1	1	2018	2015
LIMZNH0238	LI_MLV_015	3130_aom	0	1	NA	2015
LIMZNH0238	LI_MLV_015	3130_na	0	1	NA	2015
LIMZNH0304	LI_MLV_023	gh	1	1	2020	2016
LIMZNH0333	LI_TEU_002	3130_aom	1	1	2014	2014
LIMZNH0333	LI_TEU_002	3160	1	1	2014	2014
LIMZNH0338	LI_TEU_003	3110	1	1	2019	2015
LIMZNH0338	LI_TEU_003	3160	1	1	2019	2015
LIMZNH0360	LI_TEU_001	3130_aom	1	1	2014	2014
LIMZNH0360	LI_TEU_001	3160	1	1	2014	2014
LIMZNH0374	LI_TEU_007	3130_aom	1	1	2019	2017
LIMZNH0374	LI_TEU_007	3160	1	1	2019	2017
LIMZNH0385	LI_SBB_001	3130_aom	1	1	2014	2014
LIMZNH0432	LI_MLV_013	3130_aom	1	1	2019	2015
LIMZNH0432	LI_MLV_013	3130_na	1	1	2019	2015
LIMZNH0477	LI_MLV_016	3130_aom	1	1	2017	2015
LIMZNH0477	LI_MLV_016	3130_na	1	1	2017	2015
LIMZNH0477	LI_MLV_016	3140	1	1	2017	2015
LIMZNH0478	LI_MLV_005	3130_aom	1	1	2014	2014
LIMZNH0478	LI_MLV_005	3130_na	1	1	2014	2014
LIMZNH0507	LI_SBB_003	3150	0	1	NA	2015
LIMZNH0508	LI_SBB_002	3130_aom	0	1	NA	2015
LIMZNH0539	LI_MLV_001	3130_na	0	1	NA	2014
LIMZNH0539	LI_MLV_001	3150	0	1	NA	2014
LIMZNH0563	LI_TEU_006	3130_aom	1	1	2019	2017
LIMZNH0563	LI_TEU_006	3140	1	1	2019	2017
LIMZUT0080	LI_ZUT_001	3130_aom	1	1	2017	2016
LIMZUT0080	LI_ZUT_001	3140	1	1	2017	2016
OVLALT0332	OV_KRA_002	3130_aom	1	1	2015	2015
OVLALT0332	OV_KRA_002	3130_na	1	1	2015	2015
OVLALT0344	OV_KRA_001	3130_aom	1	1	2014	2014
OVLALT0344	OV_KRA_001	3130_na	1	1	2014	2014
OVLBLE0018	OV_DON_001	3140	1	1	2019	2015
OVLBLE0139	OV_HEI_001	3150	1	1	2017	2017
OVLBLE0248	OV_DON_002	3150	1	1	2019	2018
OVLBVN0466	OV_LIO_001	3140	1	1	2018	2017
OVLDEI0194	OV_VOS_001	3150	1	1	2017	2015
OVLDSB0184	OV_DAM_001	3150	1	1	2018	2015
OVLGNT0817	OV_BLA_001	3140	0	1	NA	2015
OVLLOK0063	OV_LIN_001	3150	1	1	2018	2017
OVLLOK0348	OV_MOL_001	3150	0	1	NA	2014
OVLLOK0354	OV_MOL_002	3150	1	1	2015	2015
OVLMOE0016	OV_TUM_001	3150	1	1	2019	2016
OVLNAZ0048	OV_PAP_001	gh	1	1	2015	2015
OVLSIN0011	OV_FON_001	3150	1	1	2017	2017
OVLSIN0269	OV_FON_002	3140	1	1	2017	2017
OVLSTK0268	OV_STB_001	3130_aom	1	1	2017	2016
OVLSTK0268	OV_STB_001	3140	1	1	2017	2016
VBRARS0052	VB_VOR_005	3130_aom	0	1	NA	2018
VBRARS0052	VB_VOR_005	3150	0	1	NA	2018
VBRARS0370	VB_VOR_004	3130_aom	0	1	NA	2017
VBRARS0370	VB_VOR_004	3140	0	1	NA	2017
VBRARS0370	VB_VOR_004	3150	0	1	NA	2017
VBRDIE0220	VB_VDB_002	3150	1	1	2019	2017
VBRDIE0330	VB_VDB_001	3150	1	1	2017	2017
VBRDIE0443	VB_ASD_001	3130_aom	1	1	2018	2014
VBRKAM0021	NA	3140	1	1	2019	2016
VBRKAM0057	VB_TOR_001	3140	1	1	2016	2015
VBRKAM0120	VB_LAB_001	gh	1	1	2020	2016
VBROHV0050	VB_DIJ_001	unknown	0	1	NA	2015
VBRSZI0213	VB_VIE_005	3150	1	1	2017	2015
VBRSZI0235	VB_VIE_001	3130_aom	1	1	2014	2014
VBRSZI0243	VB_VIE_007	3150	1	1	2019	2016
VBRSZI0277	VB_VIE_002	3150	1	1	2014	2014
VBRSZI0297	VB_VIE_004	3130_aom	1	1	2017	2015
VBRSZI0297	VB_VIE_004	3150	1	1	2017	2015
VBRSZI0315	VB_VIE_006	3150	1	1	2017	2015
VBRSZI0401	VB_VIE_003	3150	1	1	2014	2014
VBRSZI0435	VB_VIE_008	3150	1	1	2019	2016
VBRZOU0028	VB_VIN_001	gh	1	1	2019	2014
VBRZOU0046	VB_VIN_002	3150	0	1	NA	2018
WVLBLA0206	WV_ZEB_001	2190	1	1	2019	2018
WVLBRD0035	WV_DHE_005	2190	1	1	2020	2018
WVLBRD0039	WV_DHE_002	2190	1	1	2020	2018
WVLBRD0077	WV_BRE_010	2190	1	1	2019	2017
WVLBRD0089	WV_DHE_020	2190	1	1	2020	2018
WVLBRN0145	WV_BUL_001	3130_aom	1	1	2013	2014
WVLBRU0368	WV_ZEB_004	2190	1	1	2020	2017
WVLBRU0369	WV_ZEB_003	2190	1	1	2019	2018
WVLBRU0374	WV_ZEB_007	2190	1	1	2020	2017
WVLBRU1212	WV_ASS_001	3150	1	1	2016	2014
WVLDAM0090	WV_DAM_001	3150	1	1	2020	2017
WVLDEH0011	WV_BDH_006	2190	1	1	2019	2018
WVLDEH0012	WV_BDH_002	2190	1	1	2019	2018
WVLDEH0220	WV_BDH_008	2190	1	1	2020	2017
WVLDEP0012	WV_CAB_010	2190	1	1	2018	2018
WVLDEP0047	WV_WES_031	2190	1	1	2019	2018
WVLDEP0051	WV_WES_009	2190	1	1	2020	2018
WVLDEP0057	WV_WES_014	2190	1	1	2020	2018
WVLDEP0058	WV_WES_003	2190	1	1	2019	2018
WVLDEP0061	WV_WES_012	2190	1	1	2019	2018
WVLDEP0065	WV_WES_007	2190	1	1	2019	2018
WVLDEP0067	WV_WES_006	2190	1	1	2019	2018
WVLDEP0070	WV_WES_038	2190	1	1	2020	2017
WVLDEP0073	WV_WES_018	2190	1	1	2019	2018
WVLDEP0075	WV_HOS_001	2190	1	1	2018	2017
WVLDEP0097	WV_CAB_023	2190	1	1	2018	2018
WVLDEP0119	WV_CAB_031	2190	1	1	2018	2018
WVLDEP0167	WV_WES_044	2190	1	1	2020	2018
WVLDIK0136	WV_BLA_001	3150	1	1	2020	2017
WVLDIK1027	WV_BLA_002	3150	1	1	2020	2017
WVLHAR0329	WV_GAV_001	3140	0	1	NA	2014
WVLHAR0329	WV_GAV_001	3150	0	1	NA	2014
WVLHOU0561	WV_MDH_001	3130_aom	0	1	NA	2017
WVLJAB0140	NA	3130_aom	1	1	2014	2014
WVLJAB0174	WV_VLO_002	3130_aom	1	1	2014	2014
WVLJAB0206	WV_VLO_001	3130_aom	1	1	2014	2014
WVLKNO0002	WV_ZWI_042	2190	1	1	2019	2018
WVLKNO0003	WV_ZWI_129	2190	1	1	2019	2018
WVLKNO0014	WV_ZWI_116	2190	1	1	2020	2016
WVLKNO0019	WV_ZWI_012	2190	1	1	2019	2018
WVLKNO0020	WV_ZWI_119	2190	1	1	2020	2018
WVLKNO0022	WV_ZWI_006	2190	1	1	2020	2018
WVLKNO0025	WV_ZWI_045	2190	1	1	2019	2018
WVLKNO0028	WV_ZWI_043	2190	1	1	2019	2018
WVLKNO0039	WV_ZWI_011	2190	1	1	2019	2018
WVLKNO0058	WV_ZWI_040	2190	1	1	2020	2017
WVLKNO0061	WV_ZWI_133	2190	1	1	2018	2017
WVLKNO0065	WV_ZWI_008	2190	1	1	2019	2018
WVLKNO0205	WV_ZWI_060	2190	1	1	2020	2017
WVLKNO0265	WV_ZWI_013	2190	1	1	2019	2017
WVLKNO0275	WV_ZWI_158	2190	1	1	2019	2018
WVLKNO0280	WV_ZWI_162	2190	1	1	2019	2018
WVLKNO0283	WV_ZWI_124	2190	1	1	2019	2018
WVLKNO0365	WV_ZWI_149	2190	1	1	2020	2018
WVLKNO0380	WV_ZWI_120	2190	1	1	2019	2018
WVLKNO0388	NA	2190	1	1	2019	2017
WVLKOK0001	WV_TYD_007	2190	1	1	2019	2018
WVLKOK0010	WV_TYD_009	2190	1	1	2019	2018
WVLKOK0017	WV_NOD_016	2190	1	1	2018	2018
WVLKOK0028	WV_NOD_010	2190	1	1	2018	2017
WVLKOK0065	WV_NOD_013	2190	1	1	2019	2018
WVLKOK0125	WV_TYD_017	2190	1	1	2019	2018
WVLMID0075	WV_MID_001	2190	1	1	2018	2018
WVLMID0089	WV_SBE_004	2190	1	1	2019	2018
WVLMID0135	WV_SBE_001	2190	1	1	2019	2018
WVLMID0136	WV_WAD_004	2190	1	1	2018	2018
WVLMID0204	WV_WAD_002	2190	1	1	2018	2018
WVLMID0220	WV_SBE_002	2190	1	1	2019	2018
WVLNWP0009	WV_LEP_003	2190	1	1	2018	2018
WVLNWP0026	WV_IJZ_002	2190	1	1	2018	2017
WVLNWP0032	WV_LEP_007	2190	1	1	2017	2017
WVLOSK0053	WV_KPV_001	3150	1	1	2017	2017
WVLOSK0526	WV_LEI_003	3150	1	1	2017	2017
WVLOSK0532	WV_LEI_001	3150	1	1	2016	2016
